[{
  "model": "blog.blogcategory",
  "pk": 1,
  "fields": {
    "name": "unsplash"
  }
}, {
  "model": "blog.blogpagetag",
  "pk": 9,
  "fields": {
    "tag": 8,
    "content_object": 9
  }
}, {
  "model": "blog.blogpagetag",
  "pk": 10,
  "fields": {
    "tag": 9,
    "content_object": 9
  }
}, {
  "model": "blog.blogpagetag",
  "pk": 11,
  "fields": {
    "tag": 8,
    "content_object": 11
  }
}, {
  "model": "blog.blogpagetag",
  "pk": 12,
  "fields": {
    "tag": 10,
    "content_object": 11
  }
}, {
  "model": "blog.blogpagetag",
  "pk": 13,
  "fields": {
    "tag": 11,
    "content_object": 11
  }
}, {
  "model": "blog.blogpagetag",
  "pk": 14,
  "fields": {
    "tag": 8,
    "content_object": 12
  }
}, {
  "model": "blog.blogpagetag",
  "pk": 15,
  "fields": {
    "tag": 10,
    "content_object": 12
  }
}, {
  "model": "blog.blogpagetag",
  "pk": 16,
  "fields": {
    "tag": 11,
    "content_object": 12
  }
}, {
  "model": "blog.blogpagetag",
  "pk": 17,
  "fields": {
    "tag": 12,
    "content_object": 12
  }
}, {
  "model": "blog.blogpagetag",
  "pk": 18,
  "fields": {
    "tag": 13,
    "content_object": 12
  }
}, {
  "model": "blog.blogpagetag",
  "pk": 19,
  "fields": {
    "tag": 8,
    "content_object": 10
  }
}, {
  "model": "blog.blogpagetag",
  "pk": 20,
  "fields": {
    "tag": 9,
    "content_object": 10
  }
}, {
  "model": "blog.blogpagetag",
  "pk": 21,
  "fields": {
    "tag": 10,
    "content_object": 10
  }
}, {
  "model": "wagtailembeds.embed",
  "pk": 1,
  "fields": {
    "url": "https://youtu.be/9Szts88zY4o",
    "max_width": null,
    "type": "video",
    "html": "<iframe width=\"480\" height=\"270\" src=\"https://www.youtube.com/embed/9Szts88zY4o?feature=oembed\" frameborder=\"0\" allow=\"autoplay; encrypted-media\" allowfullscreen></iframe>",
    "title": "Solo: A Star Wars Story \"Big Game\" TV Spot (:45)",
    "author_name": "Star Wars",
    "provider_name": "YouTube",
    "thumbnail_url": "https://i.ytimg.com/vi/9Szts88zY4o/hqdefault.jpg",
    "width": 480,
    "height": 270,
    "last_updated": "2018-02-05T12:54:20.798Z"
  }
}, {
  "model": "wagtailimages.rendition",
  "pk": 1,
  "fields": {
    "filter_spec": "max-165x165",
    "file": "images/horizontal.max-165x165.jpg",
    "width": 165,
    "height": 109,
    "focal_point_key": "",
    "image": 2
  }
}, {
  "model": "wagtailimages.rendition",
  "pk": 2,
  "fields": {
    "filter_spec": "max-165x165",
    "file": "images/vertical.max-165x165.jpg",
    "width": 117,
    "height": 165,
    "focal_point_key": "",
    "image": 1
  }
}, {
  "model": "wagtailimages.rendition",
  "pk": 3,
  "fields": {
    "filter_spec": "fill-1200x840",
    "file": "images/horizontal.2e16d0ba.fill-1200x840.jpg",
    "width": 1200,
    "height": 840,
    "focal_point_key": "2e16d0ba",
    "image": 2
  }
}, {
  "model": "wagtailimages.rendition",
  "pk": 4,
  "fields": {
    "filter_spec": "fill-30x21",
    "file": "images/horizontal.2e16d0ba.fill-30x21.jpg",
    "width": 30,
    "height": 21,
    "focal_point_key": "2e16d0ba",
    "image": 2
  }
}, {
  "model": "wagtailimages.rendition",
  "pk": 5,
  "fields": {
    "filter_spec": "fill-1200x828",
    "file": "images/horizontal.2e16d0ba.fill-1200x828.jpg",
    "width": 1200,
    "height": 828,
    "focal_point_key": "2e16d0ba",
    "image": 2
  }
}, {
  "model": "wagtailimages.rendition",
  "pk": 6,
  "fields": {
    "filter_spec": "fill-599x449",
    "file": "images/horizontal.2e16d0ba.fill-599x449.jpg",
    "width": 599,
    "height": 449,
    "focal_point_key": "2e16d0ba",
    "image": 2
  }
}, {
  "model": "wagtailimages.rendition",
  "pk": 7,
  "fields": {
    "filter_spec": "fill-30x22",
    "file": "images/horizontal.2e16d0ba.fill-30x22.jpg",
    "width": 30,
    "height": 22,
    "focal_point_key": "2e16d0ba",
    "image": 2
  }
}, {
  "model": "wagtailimages.rendition",
  "pk": 8,
  "fields": {
    "filter_spec": "fill-1920x1080",
    "file": "images/horizontal.2e16d0ba.fill-1920x1080.jpg",
    "width": 1920,
    "height": 1080,
    "focal_point_key": "2e16d0ba",
    "image": 2
  }
}, {
  "model": "wagtailimages.rendition",
  "pk": 9,
  "fields": {
    "filter_spec": "fill-1200x800",
    "file": "images/horizontal.2e16d0ba.fill-1200x800.jpg",
    "width": 1200,
    "height": 800,
    "focal_point_key": "2e16d0ba",
    "image": 2
  }
}, {
  "model": "wagtailimages.rendition",
  "pk": 10,
  "fields": {
    "filter_spec": "fill-800x1200",
    "file": "images/vertical.2e16d0ba.fill-800x1200.jpg",
    "width": 800,
    "height": 1200,
    "focal_point_key": "2e16d0ba",
    "image": 1
  }
}, {
  "model": "wagtailimages.rendition",
  "pk": 11,
  "fields": {
    "filter_spec": "fill-19x30",
    "file": "images/vertical.2e16d0ba.fill-19x30.jpg",
    "width": 19,
    "height": 30,
    "focal_point_key": "2e16d0ba",
    "image": 1
  }
}, {
  "model": "wagtailimages.rendition",
  "pk": 12,
  "fields": {
    "filter_spec": "fill-30x19",
    "file": "images/horizontal.2e16d0ba.fill-30x19.jpg",
    "width": 30,
    "height": 19,
    "focal_point_key": "2e16d0ba",
    "image": 2
  }
}, {
  "model": "wagtailimages.rendition",
  "pk": 13,
  "fields": {
    "filter_spec": "fill-750x500",
    "file": "images/horizontal.2e16d0ba.fill-750x500.jpg",
    "width": 750,
    "height": 500,
    "focal_point_key": "2e16d0ba",
    "image": 2
  }
}, {
  "model": "wagtailimages.rendition",
  "pk": 14,
  "fields": {
    "filter_spec": "fill-30x20",
    "file": "images/horizontal.2e16d0ba.fill-30x20.jpg",
    "width": 30,
    "height": 20,
    "focal_point_key": "2e16d0ba",
    "image": 2
  }
}, {
  "model": "wagtailcore.site",
  "pk": 1,
  "fields": {
    "hostname": "127.0.0.1",
    "port": 8000,
    "site_name": null,
    "root_page": 3,
    "is_default_site": true
  }
}, {
  "model": "wagtailcore.collection",
  "pk": 1,
  "fields": {
    "path": "0001",
    "depth": 1,
    "numchild": 2,
    "name": "Root"
  }
}, {
  "model": "wagtailcore.collection",
  "pk": 2,
  "fields": {
    "path": "00010001",
    "depth": 2,
    "numchild": 0,
    "name": "poeple"
  }
}, {
  "model": "wagtailcore.collection",
  "pk": 3,
  "fields": {
    "path": "00010002",
    "depth": 2,
    "numchild": 0,
    "name": "nature"
  }
}, {
  "model": "taggit.tag",
  "pk": 1,
  "fields": {
    "name": "man",
    "slug": "man"
  }
}, {
  "model": "taggit.tag",
  "pk": 2,
  "fields": {
    "name": "snow",
    "slug": "snow"
  }
}, {
  "model": "taggit.tag",
  "pk": 3,
  "fields": {
    "name": "vertical",
    "slug": "vertical"
  }
}, {
  "model": "taggit.tag",
  "pk": 4,
  "fields": {
    "name": "winter",
    "slug": "winter"
  }
}, {
  "model": "taggit.tag",
  "pk": 5,
  "fields": {
    "name": "horizontal",
    "slug": "horizontal"
  }
}, {
  "model": "taggit.tag",
  "pk": 6,
  "fields": {
    "name": "mountains",
    "slug": "mountains"
  }
}, {
  "model": "taggit.tag",
  "pk": 7,
  "fields": {
    "name": "summer",
    "slug": "summer"
  }
}, {
  "model": "taggit.tag",
  "pk": 8,
  "fields": {
    "name": "Lorem Ipsum",
    "slug": "lorem-ipsum"
  }
}, {
  "model": "taggit.tag",
  "pk": 9,
  "fields": {
    "name": "English",
    "slug": "english"
  }
}, {
  "model": "taggit.tag",
  "pk": 10,
  "fields": {
    "name": "dummy",
    "slug": "dummy"
  }
}, {
  "model": "taggit.tag",
  "pk": 11,
  "fields": {
    "name": "\u010desk\u00e9 lorem ipsum",
    "slug": "ceske-lorem-ipsum"
  }
}, {
  "model": "taggit.tag",
  "pk": 12,
  "fields": {
    "name": "translation",
    "slug": "translation"
  }
}, {
  "model": "taggit.tag",
  "pk": 13,
  "fields": {
    "name": "rozumy",
    "slug": "rozumy"
  }
}, {
  "model": "contenttypes.contenttype",
  "pk": 1,
  "fields": {
    "app_label": "wagtailcore",
    "model": "page"
  }
}, {
  "model": "contenttypes.contenttype",
  "pk": 2,
  "fields": {
    "app_label": "wagtailimages",
    "model": "image"
  }
}, {
  "model": "contenttypes.contenttype",
  "pk": 3,
  "fields": {
    "app_label": "wagtailadmin",
    "model": "admin"
  }
}, {
  "model": "contenttypes.contenttype",
  "pk": 4,
  "fields": {
    "app_label": "wagtaildocs",
    "model": "document"
  }
}, {
  "model": "contenttypes.contenttype",
  "pk": 5,
  "fields": {
    "app_label": "base",
    "model": "homepage"
  }
}, {
  "model": "contenttypes.contenttype",
  "pk": 6,
  "fields": {
    "app_label": "base",
    "model": "socialmediasettings"
  }
}, {
  "model": "contenttypes.contenttype",
  "pk": 7,
  "fields": {
    "app_label": "base",
    "model": "standardpage"
  }
}, {
  "model": "contenttypes.contenttype",
  "pk": 8,
  "fields": {
    "app_label": "blog",
    "model": "blogcategory"
  }
}, {
  "model": "contenttypes.contenttype",
  "pk": 9,
  "fields": {
    "app_label": "blog",
    "model": "bloglistpage"
  }
}, {
  "model": "contenttypes.contenttype",
  "pk": 10,
  "fields": {
    "app_label": "blog",
    "model": "blogpage"
  }
}, {
  "model": "contenttypes.contenttype",
  "pk": 11,
  "fields": {
    "app_label": "blog",
    "model": "blogpagetag"
  }
}, {
  "model": "contenttypes.contenttype",
  "pk": 12,
  "fields": {
    "app_label": "blog",
    "model": "blogtagpage"
  }
}, {
  "model": "contenttypes.contenttype",
  "pk": 13,
  "fields": {
    "app_label": "blog",
    "model": "relatedpage"
  }
}, {
  "model": "contenttypes.contenttype",
  "pk": 14,
  "fields": {
    "app_label": "wagtailforms",
    "model": "formsubmission"
  }
}, {
  "model": "contenttypes.contenttype",
  "pk": 15,
  "fields": {
    "app_label": "wagtailredirects",
    "model": "redirect"
  }
}, {
  "model": "contenttypes.contenttype",
  "pk": 16,
  "fields": {
    "app_label": "wagtailembeds",
    "model": "embed"
  }
}, {
  "model": "contenttypes.contenttype",
  "pk": 17,
  "fields": {
    "app_label": "wagtailusers",
    "model": "userprofile"
  }
}, {
  "model": "contenttypes.contenttype",
  "pk": 18,
  "fields": {
    "app_label": "wagtailimages",
    "model": "rendition"
  }
}, {
  "model": "contenttypes.contenttype",
  "pk": 19,
  "fields": {
    "app_label": "wagtailsearch",
    "model": "query"
  }
}, {
  "model": "contenttypes.contenttype",
  "pk": 20,
  "fields": {
    "app_label": "wagtailsearch",
    "model": "querydailyhits"
  }
}, {
  "model": "contenttypes.contenttype",
  "pk": 21,
  "fields": {
    "app_label": "wagtailcore",
    "model": "grouppagepermission"
  }
}, {
  "model": "contenttypes.contenttype",
  "pk": 22,
  "fields": {
    "app_label": "wagtailcore",
    "model": "pagerevision"
  }
}, {
  "model": "contenttypes.contenttype",
  "pk": 23,
  "fields": {
    "app_label": "wagtailcore",
    "model": "pageviewrestriction"
  }
}, {
  "model": "contenttypes.contenttype",
  "pk": 24,
  "fields": {
    "app_label": "wagtailcore",
    "model": "site"
  }
}, {
  "model": "contenttypes.contenttype",
  "pk": 25,
  "fields": {
    "app_label": "wagtailcore",
    "model": "collection"
  }
}, {
  "model": "contenttypes.contenttype",
  "pk": 26,
  "fields": {
    "app_label": "wagtailcore",
    "model": "groupcollectionpermission"
  }
}, {
  "model": "contenttypes.contenttype",
  "pk": 27,
  "fields": {
    "app_label": "wagtailcore",
    "model": "collectionviewrestriction"
  }
}, {
  "model": "contenttypes.contenttype",
  "pk": 28,
  "fields": {
    "app_label": "postgres_search",
    "model": "indexentry"
  }
}, {
  "model": "contenttypes.contenttype",
  "pk": 29,
  "fields": {
    "app_label": "taggit",
    "model": "tag"
  }
}, {
  "model": "contenttypes.contenttype",
  "pk": 30,
  "fields": {
    "app_label": "taggit",
    "model": "taggeditem"
  }
}, {
  "model": "contenttypes.contenttype",
  "pk": 31,
  "fields": {
    "app_label": "admin",
    "model": "logentry"
  }
}, {
  "model": "contenttypes.contenttype",
  "pk": 32,
  "fields": {
    "app_label": "auth",
    "model": "permission"
  }
}, {
  "model": "contenttypes.contenttype",
  "pk": 33,
  "fields": {
    "app_label": "auth",
    "model": "group"
  }
}, {
  "model": "contenttypes.contenttype",
  "pk": 34,
  "fields": {
    "app_label": "auth",
    "model": "user"
  }
}, {
  "model": "contenttypes.contenttype",
  "pk": 35,
  "fields": {
    "app_label": "contenttypes",
    "model": "contenttype"
  }
}, {
  "model": "contenttypes.contenttype",
  "pk": 36,
  "fields": {
    "app_label": "sessions",
    "model": "session"
  }
}, {
  "model": "auth.permission",
  "pk": 1,
  "fields": {
    "name": "Can add image",
    "content_type": 2,
    "codename": "add_image"
  }
}, {
  "model": "auth.permission",
  "pk": 2,
  "fields": {
    "name": "Can change image",
    "content_type": 2,
    "codename": "change_image"
  }
}, {
  "model": "auth.permission",
  "pk": 3,
  "fields": {
    "name": "Can delete image",
    "content_type": 2,
    "codename": "delete_image"
  }
}, {
  "model": "auth.permission",
  "pk": 4,
  "fields": {
    "name": "Can access Wagtail admin",
    "content_type": 3,
    "codename": "access_admin"
  }
}, {
  "model": "auth.permission",
  "pk": 5,
  "fields": {
    "name": "Can add document",
    "content_type": 4,
    "codename": "add_document"
  }
}, {
  "model": "auth.permission",
  "pk": 6,
  "fields": {
    "name": "Can change document",
    "content_type": 4,
    "codename": "change_document"
  }
}, {
  "model": "auth.permission",
  "pk": 7,
  "fields": {
    "name": "Can delete document",
    "content_type": 4,
    "codename": "delete_document"
  }
}, {
  "model": "auth.permission",
  "pk": 8,
  "fields": {
    "name": "Can add Home Page",
    "content_type": 5,
    "codename": "add_homepage"
  }
}, {
  "model": "auth.permission",
  "pk": 9,
  "fields": {
    "name": "Can change Home Page",
    "content_type": 5,
    "codename": "change_homepage"
  }
}, {
  "model": "auth.permission",
  "pk": 10,
  "fields": {
    "name": "Can delete Home Page",
    "content_type": 5,
    "codename": "delete_homepage"
  }
}, {
  "model": "auth.permission",
  "pk": 11,
  "fields": {
    "name": "Can add social media settings",
    "content_type": 6,
    "codename": "add_socialmediasettings"
  }
}, {
  "model": "auth.permission",
  "pk": 12,
  "fields": {
    "name": "Can change social media settings",
    "content_type": 6,
    "codename": "change_socialmediasettings"
  }
}, {
  "model": "auth.permission",
  "pk": 13,
  "fields": {
    "name": "Can delete social media settings",
    "content_type": 6,
    "codename": "delete_socialmediasettings"
  }
}, {
  "model": "auth.permission",
  "pk": 14,
  "fields": {
    "name": "Can add Standard Page",
    "content_type": 7,
    "codename": "add_standardpage"
  }
}, {
  "model": "auth.permission",
  "pk": 15,
  "fields": {
    "name": "Can change Standard Page",
    "content_type": 7,
    "codename": "change_standardpage"
  }
}, {
  "model": "auth.permission",
  "pk": 16,
  "fields": {
    "name": "Can delete Standard Page",
    "content_type": 7,
    "codename": "delete_standardpage"
  }
}, {
  "model": "auth.permission",
  "pk": 17,
  "fields": {
    "name": "Can add blog category",
    "content_type": 8,
    "codename": "add_blogcategory"
  }
}, {
  "model": "auth.permission",
  "pk": 18,
  "fields": {
    "name": "Can change blog category",
    "content_type": 8,
    "codename": "change_blogcategory"
  }
}, {
  "model": "auth.permission",
  "pk": 19,
  "fields": {
    "name": "Can delete blog category",
    "content_type": 8,
    "codename": "delete_blogcategory"
  }
}, {
  "model": "auth.permission",
  "pk": 20,
  "fields": {
    "name": "Can add Blog List Page",
    "content_type": 9,
    "codename": "add_bloglistpage"
  }
}, {
  "model": "auth.permission",
  "pk": 21,
  "fields": {
    "name": "Can change Blog List Page",
    "content_type": 9,
    "codename": "change_bloglistpage"
  }
}, {
  "model": "auth.permission",
  "pk": 22,
  "fields": {
    "name": "Can delete Blog List Page",
    "content_type": 9,
    "codename": "delete_bloglistpage"
  }
}, {
  "model": "auth.permission",
  "pk": 23,
  "fields": {
    "name": "Can add Blog Page",
    "content_type": 10,
    "codename": "add_blogpage"
  }
}, {
  "model": "auth.permission",
  "pk": 24,
  "fields": {
    "name": "Can change Blog Page",
    "content_type": 10,
    "codename": "change_blogpage"
  }
}, {
  "model": "auth.permission",
  "pk": 25,
  "fields": {
    "name": "Can delete Blog Page",
    "content_type": 10,
    "codename": "delete_blogpage"
  }
}, {
  "model": "auth.permission",
  "pk": 26,
  "fields": {
    "name": "Can add blog page tag",
    "content_type": 11,
    "codename": "add_blogpagetag"
  }
}, {
  "model": "auth.permission",
  "pk": 27,
  "fields": {
    "name": "Can change blog page tag",
    "content_type": 11,
    "codename": "change_blogpagetag"
  }
}, {
  "model": "auth.permission",
  "pk": 28,
  "fields": {
    "name": "Can delete blog page tag",
    "content_type": 11,
    "codename": "delete_blogpagetag"
  }
}, {
  "model": "auth.permission",
  "pk": 29,
  "fields": {
    "name": "Can add Blog Tag Page",
    "content_type": 12,
    "codename": "add_blogtagpage"
  }
}, {
  "model": "auth.permission",
  "pk": 30,
  "fields": {
    "name": "Can change Blog Tag Page",
    "content_type": 12,
    "codename": "change_blogtagpage"
  }
}, {
  "model": "auth.permission",
  "pk": 31,
  "fields": {
    "name": "Can delete Blog Tag Page",
    "content_type": 12,
    "codename": "delete_blogtagpage"
  }
}, {
  "model": "auth.permission",
  "pk": 32,
  "fields": {
    "name": "Can add related page",
    "content_type": 13,
    "codename": "add_relatedpage"
  }
}, {
  "model": "auth.permission",
  "pk": 33,
  "fields": {
    "name": "Can change related page",
    "content_type": 13,
    "codename": "change_relatedpage"
  }
}, {
  "model": "auth.permission",
  "pk": 34,
  "fields": {
    "name": "Can delete related page",
    "content_type": 13,
    "codename": "delete_relatedpage"
  }
}, {
  "model": "auth.permission",
  "pk": 35,
  "fields": {
    "name": "Can add form submission",
    "content_type": 14,
    "codename": "add_formsubmission"
  }
}, {
  "model": "auth.permission",
  "pk": 36,
  "fields": {
    "name": "Can change form submission",
    "content_type": 14,
    "codename": "change_formsubmission"
  }
}, {
  "model": "auth.permission",
  "pk": 37,
  "fields": {
    "name": "Can delete form submission",
    "content_type": 14,
    "codename": "delete_formsubmission"
  }
}, {
  "model": "auth.permission",
  "pk": 38,
  "fields": {
    "name": "Can add redirect",
    "content_type": 15,
    "codename": "add_redirect"
  }
}, {
  "model": "auth.permission",
  "pk": 39,
  "fields": {
    "name": "Can change redirect",
    "content_type": 15,
    "codename": "change_redirect"
  }
}, {
  "model": "auth.permission",
  "pk": 40,
  "fields": {
    "name": "Can delete redirect",
    "content_type": 15,
    "codename": "delete_redirect"
  }
}, {
  "model": "auth.permission",
  "pk": 41,
  "fields": {
    "name": "Can add embed",
    "content_type": 16,
    "codename": "add_embed"
  }
}, {
  "model": "auth.permission",
  "pk": 42,
  "fields": {
    "name": "Can change embed",
    "content_type": 16,
    "codename": "change_embed"
  }
}, {
  "model": "auth.permission",
  "pk": 43,
  "fields": {
    "name": "Can delete embed",
    "content_type": 16,
    "codename": "delete_embed"
  }
}, {
  "model": "auth.permission",
  "pk": 44,
  "fields": {
    "name": "Can add user profile",
    "content_type": 17,
    "codename": "add_userprofile"
  }
}, {
  "model": "auth.permission",
  "pk": 45,
  "fields": {
    "name": "Can change user profile",
    "content_type": 17,
    "codename": "change_userprofile"
  }
}, {
  "model": "auth.permission",
  "pk": 46,
  "fields": {
    "name": "Can delete user profile",
    "content_type": 17,
    "codename": "delete_userprofile"
  }
}, {
  "model": "auth.permission",
  "pk": 47,
  "fields": {
    "name": "Can add rendition",
    "content_type": 18,
    "codename": "add_rendition"
  }
}, {
  "model": "auth.permission",
  "pk": 48,
  "fields": {
    "name": "Can change rendition",
    "content_type": 18,
    "codename": "change_rendition"
  }
}, {
  "model": "auth.permission",
  "pk": 49,
  "fields": {
    "name": "Can delete rendition",
    "content_type": 18,
    "codename": "delete_rendition"
  }
}, {
  "model": "auth.permission",
  "pk": 50,
  "fields": {
    "name": "Can add query",
    "content_type": 19,
    "codename": "add_query"
  }
}, {
  "model": "auth.permission",
  "pk": 51,
  "fields": {
    "name": "Can change query",
    "content_type": 19,
    "codename": "change_query"
  }
}, {
  "model": "auth.permission",
  "pk": 52,
  "fields": {
    "name": "Can delete query",
    "content_type": 19,
    "codename": "delete_query"
  }
}, {
  "model": "auth.permission",
  "pk": 53,
  "fields": {
    "name": "Can add Query Daily Hits",
    "content_type": 20,
    "codename": "add_querydailyhits"
  }
}, {
  "model": "auth.permission",
  "pk": 54,
  "fields": {
    "name": "Can change Query Daily Hits",
    "content_type": 20,
    "codename": "change_querydailyhits"
  }
}, {
  "model": "auth.permission",
  "pk": 55,
  "fields": {
    "name": "Can delete Query Daily Hits",
    "content_type": 20,
    "codename": "delete_querydailyhits"
  }
}, {
  "model": "auth.permission",
  "pk": 56,
  "fields": {
    "name": "Can add page",
    "content_type": 1,
    "codename": "add_page"
  }
}, {
  "model": "auth.permission",
  "pk": 57,
  "fields": {
    "name": "Can change page",
    "content_type": 1,
    "codename": "change_page"
  }
}, {
  "model": "auth.permission",
  "pk": 58,
  "fields": {
    "name": "Can delete page",
    "content_type": 1,
    "codename": "delete_page"
  }
}, {
  "model": "auth.permission",
  "pk": 59,
  "fields": {
    "name": "Can add group page permission",
    "content_type": 21,
    "codename": "add_grouppagepermission"
  }
}, {
  "model": "auth.permission",
  "pk": 60,
  "fields": {
    "name": "Can change group page permission",
    "content_type": 21,
    "codename": "change_grouppagepermission"
  }
}, {
  "model": "auth.permission",
  "pk": 61,
  "fields": {
    "name": "Can delete group page permission",
    "content_type": 21,
    "codename": "delete_grouppagepermission"
  }
}, {
  "model": "auth.permission",
  "pk": 62,
  "fields": {
    "name": "Can add page revision",
    "content_type": 22,
    "codename": "add_pagerevision"
  }
}, {
  "model": "auth.permission",
  "pk": 63,
  "fields": {
    "name": "Can change page revision",
    "content_type": 22,
    "codename": "change_pagerevision"
  }
}, {
  "model": "auth.permission",
  "pk": 64,
  "fields": {
    "name": "Can delete page revision",
    "content_type": 22,
    "codename": "delete_pagerevision"
  }
}, {
  "model": "auth.permission",
  "pk": 65,
  "fields": {
    "name": "Can add page view restriction",
    "content_type": 23,
    "codename": "add_pageviewrestriction"
  }
}, {
  "model": "auth.permission",
  "pk": 66,
  "fields": {
    "name": "Can change page view restriction",
    "content_type": 23,
    "codename": "change_pageviewrestriction"
  }
}, {
  "model": "auth.permission",
  "pk": 67,
  "fields": {
    "name": "Can delete page view restriction",
    "content_type": 23,
    "codename": "delete_pageviewrestriction"
  }
}, {
  "model": "auth.permission",
  "pk": 68,
  "fields": {
    "name": "Can add site",
    "content_type": 24,
    "codename": "add_site"
  }
}, {
  "model": "auth.permission",
  "pk": 69,
  "fields": {
    "name": "Can change site",
    "content_type": 24,
    "codename": "change_site"
  }
}, {
  "model": "auth.permission",
  "pk": 70,
  "fields": {
    "name": "Can delete site",
    "content_type": 24,
    "codename": "delete_site"
  }
}, {
  "model": "auth.permission",
  "pk": 71,
  "fields": {
    "name": "Can add collection",
    "content_type": 25,
    "codename": "add_collection"
  }
}, {
  "model": "auth.permission",
  "pk": 72,
  "fields": {
    "name": "Can change collection",
    "content_type": 25,
    "codename": "change_collection"
  }
}, {
  "model": "auth.permission",
  "pk": 73,
  "fields": {
    "name": "Can delete collection",
    "content_type": 25,
    "codename": "delete_collection"
  }
}, {
  "model": "auth.permission",
  "pk": 74,
  "fields": {
    "name": "Can add group collection permission",
    "content_type": 26,
    "codename": "add_groupcollectionpermission"
  }
}, {
  "model": "auth.permission",
  "pk": 75,
  "fields": {
    "name": "Can change group collection permission",
    "content_type": 26,
    "codename": "change_groupcollectionpermission"
  }
}, {
  "model": "auth.permission",
  "pk": 76,
  "fields": {
    "name": "Can delete group collection permission",
    "content_type": 26,
    "codename": "delete_groupcollectionpermission"
  }
}, {
  "model": "auth.permission",
  "pk": 77,
  "fields": {
    "name": "Can add collection view restriction",
    "content_type": 27,
    "codename": "add_collectionviewrestriction"
  }
}, {
  "model": "auth.permission",
  "pk": 78,
  "fields": {
    "name": "Can change collection view restriction",
    "content_type": 27,
    "codename": "change_collectionviewrestriction"
  }
}, {
  "model": "auth.permission",
  "pk": 79,
  "fields": {
    "name": "Can delete collection view restriction",
    "content_type": 27,
    "codename": "delete_collectionviewrestriction"
  }
}, {
  "model": "auth.permission",
  "pk": 80,
  "fields": {
    "name": "Can add index entry",
    "content_type": 28,
    "codename": "add_indexentry"
  }
}, {
  "model": "auth.permission",
  "pk": 81,
  "fields": {
    "name": "Can change index entry",
    "content_type": 28,
    "codename": "change_indexentry"
  }
}, {
  "model": "auth.permission",
  "pk": 82,
  "fields": {
    "name": "Can delete index entry",
    "content_type": 28,
    "codename": "delete_indexentry"
  }
}, {
  "model": "auth.permission",
  "pk": 83,
  "fields": {
    "name": "Can add Tag",
    "content_type": 29,
    "codename": "add_tag"
  }
}, {
  "model": "auth.permission",
  "pk": 84,
  "fields": {
    "name": "Can change Tag",
    "content_type": 29,
    "codename": "change_tag"
  }
}, {
  "model": "auth.permission",
  "pk": 85,
  "fields": {
    "name": "Can delete Tag",
    "content_type": 29,
    "codename": "delete_tag"
  }
}, {
  "model": "auth.permission",
  "pk": 86,
  "fields": {
    "name": "Can add Tagged Item",
    "content_type": 30,
    "codename": "add_taggeditem"
  }
}, {
  "model": "auth.permission",
  "pk": 87,
  "fields": {
    "name": "Can change Tagged Item",
    "content_type": 30,
    "codename": "change_taggeditem"
  }
}, {
  "model": "auth.permission",
  "pk": 88,
  "fields": {
    "name": "Can delete Tagged Item",
    "content_type": 30,
    "codename": "delete_taggeditem"
  }
}, {
  "model": "auth.permission",
  "pk": 89,
  "fields": {
    "name": "Can add log entry",
    "content_type": 31,
    "codename": "add_logentry"
  }
}, {
  "model": "auth.permission",
  "pk": 90,
  "fields": {
    "name": "Can change log entry",
    "content_type": 31,
    "codename": "change_logentry"
  }
}, {
  "model": "auth.permission",
  "pk": 91,
  "fields": {
    "name": "Can delete log entry",
    "content_type": 31,
    "codename": "delete_logentry"
  }
}, {
  "model": "auth.permission",
  "pk": 92,
  "fields": {
    "name": "Can add permission",
    "content_type": 32,
    "codename": "add_permission"
  }
}, {
  "model": "auth.permission",
  "pk": 93,
  "fields": {
    "name": "Can change permission",
    "content_type": 32,
    "codename": "change_permission"
  }
}, {
  "model": "auth.permission",
  "pk": 94,
  "fields": {
    "name": "Can delete permission",
    "content_type": 32,
    "codename": "delete_permission"
  }
}, {
  "model": "auth.permission",
  "pk": 95,
  "fields": {
    "name": "Can add group",
    "content_type": 33,
    "codename": "add_group"
  }
}, {
  "model": "auth.permission",
  "pk": 96,
  "fields": {
    "name": "Can change group",
    "content_type": 33,
    "codename": "change_group"
  }
}, {
  "model": "auth.permission",
  "pk": 97,
  "fields": {
    "name": "Can delete group",
    "content_type": 33,
    "codename": "delete_group"
  }
}, {
  "model": "auth.permission",
  "pk": 98,
  "fields": {
    "name": "Can add user",
    "content_type": 34,
    "codename": "add_user"
  }
}, {
  "model": "auth.permission",
  "pk": 99,
  "fields": {
    "name": "Can change user",
    "content_type": 34,
    "codename": "change_user"
  }
}, {
  "model": "auth.permission",
  "pk": 100,
  "fields": {
    "name": "Can delete user",
    "content_type": 34,
    "codename": "delete_user"
  }
}, {
  "model": "auth.permission",
  "pk": 101,
  "fields": {
    "name": "Can add content type",
    "content_type": 35,
    "codename": "add_contenttype"
  }
}, {
  "model": "auth.permission",
  "pk": 102,
  "fields": {
    "name": "Can change content type",
    "content_type": 35,
    "codename": "change_contenttype"
  }
}, {
  "model": "auth.permission",
  "pk": 103,
  "fields": {
    "name": "Can delete content type",
    "content_type": 35,
    "codename": "delete_contenttype"
  }
}, {
  "model": "auth.permission",
  "pk": 104,
  "fields": {
    "name": "Can add session",
    "content_type": 36,
    "codename": "add_session"
  }
}, {
  "model": "auth.permission",
  "pk": 105,
  "fields": {
    "name": "Can change session",
    "content_type": 36,
    "codename": "change_session"
  }
}, {
  "model": "auth.permission",
  "pk": 106,
  "fields": {
    "name": "Can delete session",
    "content_type": 36,
    "codename": "delete_session"
  }
}, {
  "model": "taggit.taggeditem",
  "pk": 1,
  "fields": {
    "tag": 1,
    "content_type": 2,
    "object_id": 1
  }
}, {
  "model": "taggit.taggeditem",
  "pk": 2,
  "fields": {
    "tag": 2,
    "content_type": 2,
    "object_id": 1
  }
}, {
  "model": "taggit.taggeditem",
  "pk": 3,
  "fields": {
    "tag": 3,
    "content_type": 2,
    "object_id": 1
  }
}, {
  "model": "taggit.taggeditem",
  "pk": 4,
  "fields": {
    "tag": 4,
    "content_type": 2,
    "object_id": 1
  }
}, {
  "model": "taggit.taggeditem",
  "pk": 5,
  "fields": {
    "tag": 5,
    "content_type": 2,
    "object_id": 2
  }
}, {
  "model": "taggit.taggeditem",
  "pk": 6,
  "fields": {
    "tag": 6,
    "content_type": 2,
    "object_id": 2
  }
}, {
  "model": "taggit.taggeditem",
  "pk": 7,
  "fields": {
    "tag": 7,
    "content_type": 2,
    "object_id": 2
  }
}, {
  "model": "postgres_search.indexentry",
  "pk": 1,
  "fields": {
    "content_type": 5,
    "object_id": "3",
    "body_search": "'homepag':1B"
  }
}, {
  "model": "postgres_search.indexentry",
  "pk": 4,
  "fields": {
    "content_type": 1,
    "object_id": "1",
    "body_search": "'root':1B"
  }
}, {
  "model": "postgres_search.indexentry",
  "pk": 5,
  "fields": {
    "content_type": 12,
    "object_id": "4",
    "body_search": "'tag':1B"
  }
}, {
  "model": "postgres_search.indexentry",
  "pk": 8,
  "fields": {
    "content_type": 9,
    "object_id": "5",
    "body_search": "'cesku':2B 'o':1B"
  }
}, {
  "model": "postgres_search.indexentry",
  "pk": 11,
  "fields": {
    "content_type": 9,
    "object_id": "6",
    "body_search": "'o':1B 'svete':2B"
  }
}, {
  "model": "postgres_search.indexentry",
  "pk": 14,
  "fields": {
    "content_type": 9,
    "object_id": "7",
    "body_search": "'lidech':2B 'o':1B"
  }
}, {
  "model": "postgres_search.indexentry",
  "pk": 17,
  "fields": {
    "content_type": 7,
    "object_id": "8",
    "body_search": "'nas':2B 'o':1B"
  }
}, {
  "model": "postgres_search.indexentry",
  "pk": 20,
  "fields": {
    "content_type": 2,
    "object_id": "1",
    "body_search": "'man':2A 'snow':3A 'vertic':4A 'vertical.jpg':1A 'winter':5A"
  }
}, {
  "model": "postgres_search.indexentry",
  "pk": 23,
  "fields": {
    "content_type": 2,
    "object_id": "2",
    "body_search": "'horizont':2A 'horizontal.jpg':1A 'mountain':3A 'summer':4A"
  }
}, {
  "model": "postgres_search.indexentry",
  "pk": 26,
  "fields": {
    "content_type": 10,
    "object_id": "9",
    "body_search": "'1.10.32':22 '1.10.33':24 '1500s':14 '1914':47 'accompani':41 'also':34 'bonorum':28 'chunk':7 'cicero':32 'de':26 'english':43,54 'et':29 'exact':38 'finibus':27 'form':40 'h':50 'interest':20 'ipsum':4B,10,53 'lorem':3B,9,52 'malorum':30 'origin':39 'rackham':51 'reproduc':16,35 'section':21 'sinc':12 'standard':6 'translat':48 'use':11 'version':44"
  }
}, {
  "model": "postgres_search.indexentry",
  "pk": 29,
  "fields": {
    "content_type": 10,
    "object_id": "10",
    "body_search": "'1.10.32':22 '1.10.33':24 '1500s':14 '1914':47 'accompani':41 'also':34 'bonorum':28 'chunk':7 'cicero':32 'come':4B 'de':26 'dummi':56 'english':43,55 'et':29 'exact':38 'finibus':27 'form':40 'h':50 'interest':20 'ipsum':10,54 'lorem':9,53 'malorum':30 'origin':39 'rackham':51 'reproduc':16,35 'section':21 'sinc':12 'standard':6 'translat':48 'unsplash':52 'use':11 'version':44"
  }
}, {
  "model": "postgres_search.indexentry",
  "pk": 32,
  "fields": {
    "content_type": 10,
    "object_id": "11",
    "body_search": "'032':58 '1':57 'behu':18 'bila':15 'blabotovi':1B 'budou':29 'cesk':3B,72 'chytri':50 'clun':46 'davej':49 'deti':20 'dummi':71 'dvanact':22 'filosofi':17 'geolog':30 'ipsum':5B,70,74 'jsou':62 'katastrofou':12 'keramika':64 'km':59 'kolonist':13 'kvetini':47 'lorem':4B,69,73 'luxusni':28 'ma':25 'mamut':52 'ne':8,60 'neredenou':67 'nimi':36 'o':14,34 'ostatn':24 'pozorovatelneho':48 'prednich':41 'predtim':53 'prijit':55 'primo':65 'pristroj':63 'psi':33 'rozhovoru':38 'rozumi':2B 'sanci':6 'si':7 'sit':26 'site':11 'soucasti':45 'spickovych':9 'ta':66 'ten':16 'tendencim':31 'tj':37 'toho':43 'umoznujici':21 'unsplash':68 'urcit':10 'vam':27 'videt':61 'vyckava':39 'vyrazili':35 'z':32,56 'zakladi':44 'zeni':42"
  }
}, {
  "model": "postgres_search.indexentry",
  "pk": 35,
  "fields": {
    "content_type": 10,
    "object_id": "12",
    "body_search": "'1':40 'byvala':24 'celi':47 'cesk':56 'co':45 'desitek':4B 'desiv':9B 'dilci':20 'dlouhi':37 'dob':16 'dummi':55 'houbi':2B 'iniciativa':13 'ipsum':54,58 'jedni':43 'jejiho':14 'k':23 'ke':38 'kmen':52 'leto':44 'lezela':12B 'lorem':53,57 'ma':50 'meni':49 'mir':46 'mnohe':29 'natocen':6B 'ne':10B 'nebyla':15 'nedotcenych':28 'nocnich':35 'o':18,25 'obili':32 'plyn':41 'poslechnout':17 'prijmu':19 'proti':48 'psychologii':26 'rozumi':60 'ruce':27 'si':8B 'skutecnost':1B 'slovacku':39 'sluzbu':22 'spitalu':7B 'sportem':42 'sveho':34 'ted':51 'tocil':36 'translat':59 'trenuji':11B 'umistenim':30 'vase':31 'vesnic':21 'vetsin':5B 'za':3B"
  }
}, {
  "model": "base.socialmediasettings",
  "pk": 1,
  "fields": {
    "site": 1,
    "facebook": "https://www.facebook.com/pg/zpatkydoma.cz",
    "facebook_app_id": "",
    "twitter": "zpatkydoma",
    "email": "info@zpatkydoma.cz",
    "instagram": "zpatkydoma"
  }
}, {
  "model": "auth.group",
  "pk": 1,
  "fields": {
    "name": "Moderators",
    "permissions": [4, 5, 6, 7, 1, 2, 3]
  }
}, {
  "model": "auth.group",
  "pk": 2,
  "fields": {
    "name": "Editors",
    "permissions": [4, 5, 6, 7, 1, 2, 3]
  }
}, {
  "model": "auth.user",
  "pk": 1,
  "fields": {
    "password": "pbkdf2_sha256$36000$bhUoQ3QZgfOk$clLat8UUuBIRfxmltwOn9L4GOQEWHwAvKKxiRZjZ9Zo=",
    "last_login": "2018-02-05T11:30:36.342Z",
    "is_superuser": true,
    "username": "admin",
    "first_name": "",
    "last_name": "",
    "email": "",
    "is_staff": true,
    "is_active": true,
    "date_joined": "2018-02-05T11:30:09.893Z",
    "groups": [],
    "user_permissions": []
  }
}, {
  "model": "wagtailcore.groupcollectionpermission",
  "pk": 1,
  "fields": {
    "group": 1,
    "collection": 1,
    "permission": 1
  }
}, {
  "model": "wagtailcore.groupcollectionpermission",
  "pk": 2,
  "fields": {
    "group": 2,
    "collection": 1,
    "permission": 1
  }
}, {
  "model": "wagtailcore.groupcollectionpermission",
  "pk": 3,
  "fields": {
    "group": 1,
    "collection": 1,
    "permission": 2
  }
}, {
  "model": "wagtailcore.groupcollectionpermission",
  "pk": 4,
  "fields": {
    "group": 2,
    "collection": 1,
    "permission": 2
  }
}, {
  "model": "wagtailcore.groupcollectionpermission",
  "pk": 5,
  "fields": {
    "group": 1,
    "collection": 1,
    "permission": 5
  }
}, {
  "model": "wagtailcore.groupcollectionpermission",
  "pk": 6,
  "fields": {
    "group": 2,
    "collection": 1,
    "permission": 5
  }
}, {
  "model": "wagtailcore.groupcollectionpermission",
  "pk": 7,
  "fields": {
    "group": 1,
    "collection": 1,
    "permission": 6
  }
}, {
  "model": "wagtailcore.groupcollectionpermission",
  "pk": 8,
  "fields": {
    "group": 2,
    "collection": 1,
    "permission": 6
  }
}, {
  "model": "wagtailcore.grouppagepermission",
  "pk": 1,
  "fields": {
    "group": 1,
    "page": 1,
    "permission_type": "add"
  }
}, {
  "model": "wagtailcore.grouppagepermission",
  "pk": 2,
  "fields": {
    "group": 1,
    "page": 1,
    "permission_type": "edit"
  }
}, {
  "model": "wagtailcore.grouppagepermission",
  "pk": 3,
  "fields": {
    "group": 1,
    "page": 1,
    "permission_type": "publish"
  }
}, {
  "model": "wagtailcore.grouppagepermission",
  "pk": 4,
  "fields": {
    "group": 2,
    "page": 1,
    "permission_type": "add"
  }
}, {
  "model": "wagtailcore.grouppagepermission",
  "pk": 5,
  "fields": {
    "group": 2,
    "page": 1,
    "permission_type": "edit"
  }
}, {
  "model": "wagtailcore.grouppagepermission",
  "pk": 6,
  "fields": {
    "group": 1,
    "page": 1,
    "permission_type": "lock"
  }
}, {
  "model": "wagtailcore.pagerevision",
  "pk": 1,
  "fields": {
    "page": 3,
    "submitted_for_moderation": false,
    "created_at": "2018-02-05T11:32:42.754Z",
    "user": 1,
    "content_json": "{\"pk\": 3, \"path\": \"00010002\", \"depth\": 2, \"numchild\": 0, \"title\": \"Homepage\", \"draft_title\": \"Homepage\", \"slug\": \"homepage\", \"content_type\": 5, \"live\": true, \"has_unpublished_changes\": false, \"url_path\": \"/homepage/\", \"owner\": 1, \"seo_title\": \"zpatkydoma.cz\", \"show_in_menus\": false, \"search_description\": \"The standard chunk of Lorem Ipsum used since the 1500s is reproduced below for those interested. Sections 1.10.32 and 1.10.33 from \\\"de Finibus Bonorum et Malorum\\\" by Cicero are also reproduced in their exact original form, accompanied by English versions from the 1914 translation by H. Rackham.\", \"go_live_at\": null, \"expire_at\": null, \"expired\": false, \"locked\": false, \"first_published_at\": null, \"last_published_at\": null, \"latest_revision_created_at\": null, \"live_revision\": null, \"promo_page\": null, \"posts_per_page\": 25}",
    "approved_go_live_at": null
  }
}, {
  "model": "wagtailcore.pagerevision",
  "pk": 2,
  "fields": {
    "page": 4,
    "submitted_for_moderation": false,
    "created_at": "2018-02-05T11:36:59.658Z",
    "user": 1,
    "content_json": "{\"pk\": 4, \"path\": \"000100020001\", \"depth\": 3, \"numchild\": 0, \"title\": \"Tag\", \"draft_title\": \"Tag\", \"slug\": \"tags\", \"content_type\": 12, \"live\": true, \"has_unpublished_changes\": false, \"url_path\": \"/homepage/tags/\", \"owner\": 1, \"seo_title\": \"\", \"show_in_menus\": false, \"search_description\": \"\", \"go_live_at\": null, \"expire_at\": null, \"expired\": false, \"locked\": false, \"first_published_at\": null, \"last_published_at\": null, \"latest_revision_created_at\": null, \"live_revision\": null}",
    "approved_go_live_at": null
  }
}, {
  "model": "wagtailcore.pagerevision",
  "pk": 3,
  "fields": {
    "page": 5,
    "submitted_for_moderation": false,
    "created_at": "2018-02-05T11:37:43.435Z",
    "user": 1,
    "content_json": "{\"pk\": 5, \"path\": \"000100020002\", \"depth\": 3, \"numchild\": 0, \"title\": \"O \\u010cesku\", \"draft_title\": \"O \\u010cesku\", \"slug\": \"o-cesku\", \"content_type\": 9, \"live\": true, \"has_unpublished_changes\": false, \"url_path\": \"/homepage/o-cesku/\", \"owner\": 1, \"seo_title\": \"\", \"show_in_menus\": true, \"search_description\": \"The standard chunk of Lorem Ipsum used since the 1500s is reproduced below for those interested. Sections 1.10.32 and 1.10.33 from \\\"de Finibus Bonorum et Malorum\\\" by Cicero are also reproduced in their exact original form, accompanied by English versions from the 1914 translation by H. Rackham.\", \"go_live_at\": null, \"expire_at\": null, \"expired\": false, \"locked\": false, \"first_published_at\": null, \"last_published_at\": null, \"latest_revision_created_at\": null, \"live_revision\": null, \"sub_title\": \"\", \"posts_per_page\": 25}",
    "approved_go_live_at": null
  }
}, {
  "model": "wagtailcore.pagerevision",
  "pk": 4,
  "fields": {
    "page": 6,
    "submitted_for_moderation": false,
    "created_at": "2018-02-05T11:38:13.541Z",
    "user": 1,
    "content_json": "{\"pk\": 6, \"path\": \"000100020003\", \"depth\": 3, \"numchild\": 0, \"title\": \"O sv\\u011bt\\u011b\", \"draft_title\": \"O sv\\u011bt\\u011b\", \"slug\": \"o-svete\", \"content_type\": 9, \"live\": true, \"has_unpublished_changes\": false, \"url_path\": \"/homepage/o-svete/\", \"owner\": 1, \"seo_title\": \"\", \"show_in_menus\": true, \"search_description\": \"The standard chunk of Lorem Ipsum used since the 1500s is reproduced below for those interested. Sections 1.10.32 and 1.10.33 from \\\"de Finibus Bonorum et Malorum\\\" by Cicero are also reproduced in their exact original form, accompanied by English versions from the 1914 translation by H. Rackham.\", \"go_live_at\": null, \"expire_at\": null, \"expired\": false, \"locked\": false, \"first_published_at\": null, \"last_published_at\": null, \"latest_revision_created_at\": null, \"live_revision\": null, \"sub_title\": \"\", \"posts_per_page\": 25}",
    "approved_go_live_at": null
  }
}, {
  "model": "wagtailcore.pagerevision",
  "pk": 5,
  "fields": {
    "page": 7,
    "submitted_for_moderation": false,
    "created_at": "2018-02-05T11:38:37.473Z",
    "user": 1,
    "content_json": "{\"pk\": 7, \"path\": \"000100020004\", \"depth\": 3, \"numchild\": 0, \"title\": \"O lidech\", \"draft_title\": \"O lidech\", \"slug\": \"o-lidech\", \"content_type\": 9, \"live\": true, \"has_unpublished_changes\": false, \"url_path\": \"/homepage/o-lidech/\", \"owner\": 1, \"seo_title\": \"\", \"show_in_menus\": true, \"search_description\": \"The standard chunk of Lorem Ipsum used since the 1500s is reproduced below for those interested. Sections 1.10.32 and 1.10.33 from \\\"de Finibus Bonorum et Malorum\\\" by Cicero are also reproduced in their exact original form, accompanied by English versions from the 1914 translation by H. Rackham.\", \"go_live_at\": null, \"expire_at\": null, \"expired\": false, \"locked\": false, \"first_published_at\": null, \"last_published_at\": null, \"latest_revision_created_at\": null, \"live_revision\": null, \"sub_title\": \"\", \"posts_per_page\": 25}",
    "approved_go_live_at": null
  }
}, {
  "model": "wagtailcore.pagerevision",
  "pk": 6,
  "fields": {
    "page": 8,
    "submitted_for_moderation": false,
    "created_at": "2018-02-05T11:39:16.855Z",
    "user": 1,
    "content_json": "{\"pk\": 8, \"path\": \"000100020005\", \"depth\": 3, \"numchild\": 0, \"title\": \"O n\\u00e1s\", \"draft_title\": \"O n\\u00e1s\", \"slug\": \"o-nas\", \"content_type\": 7, \"live\": true, \"has_unpublished_changes\": false, \"url_path\": \"/homepage/o-nas/\", \"owner\": 1, \"seo_title\": \"\", \"show_in_menus\": true, \"search_description\": \"The standard chunk of Lorem Ipsum used since the 1500s is reproduced below for those interested. Sections 1.10.32 and 1.10.33 from \\\"de Finibus Bonorum et Malorum\\\" by Cicero are also reproduced in their exact original form, accompanied by English versions from the 1914 translation by H. Rackham.\", \"go_live_at\": null, \"expire_at\": null, \"expired\": false, \"locked\": false, \"first_published_at\": null, \"last_published_at\": null, \"latest_revision_created_at\": null, \"live_revision\": null, \"sub_title\": \"The standard chunk of Lorem Ipsum\", \"body\": \"[]\"}",
    "approved_go_live_at": null
  }
}, {
  "model": "wagtailcore.pagerevision",
  "pk": 7,
  "fields": {
    "page": 9,
    "submitted_for_moderation": false,
    "created_at": "2018-02-05T11:55:24.807Z",
    "user": 1,
    "content_json": "{\"pk\": 9, \"path\": \"0001000200020001\", \"depth\": 4, \"numchild\": 0, \"title\": \"What is Lorem Ipsum?\", \"draft_title\": \"What is Lorem Ipsum?\", \"slug\": \"what-lorem-ipsum\", \"content_type\": 10, \"live\": true, \"has_unpublished_changes\": false, \"url_path\": \"/homepage/o-cesku/what-lorem-ipsum/\", \"owner\": 1, \"seo_title\": \"\", \"show_in_menus\": false, \"search_description\": \"The standard chunk of Lorem Ipsum used since the 1500s is reproduced below for those interested. Sections 1.10.32 and 1.10.33 from \\\"de Finibus Bonorum et Malorum\\\" by Cicero are also reproduced in their exact original form, accompanied by English versions from the 1914 translation by H. Rackham.\", \"go_live_at\": null, \"expire_at\": null, \"expired\": false, \"locked\": false, \"first_published_at\": null, \"last_published_at\": null, \"latest_revision_created_at\": null, \"live_revision\": null, \"image\": 2, \"intro\": \"<p>The standard chunk of Lorem Ipsum used since the 1500s is reproduced below for those interested. Sections 1.10.32 and 1.10.33 from \\\"de Finibus Bonorum et Malorum\\\" by Cicero are also reproduced in their exact original form, accompanied by English versions from the 1914 translation by H. Rackham.</p>\", \"body\": \"[]\", \"date_published\": \"2018-02-05\", \"category\": null, \"tagged_items\": [{\"pk\": 1, \"tag\": 8, \"content_object\": 9}, {\"pk\": 2, \"tag\": 9, \"content_object\": 9}], \"related_pages\": []}",
    "approved_go_live_at": null
  }
}, {
  "model": "wagtailcore.pagerevision",
  "pk": 8,
  "fields": {
    "page": 10,
    "submitted_for_moderation": false,
    "created_at": "2018-02-05T11:56:36.402Z",
    "user": 1,
    "content_json": "{\"pk\": 10, \"path\": \"0001000200030001\", \"depth\": 4, \"numchild\": 0, \"title\": \"Where does it come from?\", \"draft_title\": \"Where does it come from?\", \"slug\": \"where-does-it-come\", \"content_type\": 10, \"live\": true, \"has_unpublished_changes\": false, \"url_path\": \"/homepage/o-svete/where-does-it-come/\", \"owner\": 1, \"seo_title\": \"\", \"show_in_menus\": false, \"search_description\": \"The standard chunk of Lorem Ipsum used since the 1500s is reproduced below for those interested. Sections 1.10.32 and 1.10.33 from \\\"de Finibus Bonorum et Malorum\\\" by Cicero are also reproduced in their exact original form, accompanied by English versions from the 1914 translation by H. Rackham.\", \"go_live_at\": null, \"expire_at\": null, \"expired\": false, \"locked\": false, \"first_published_at\": null, \"last_published_at\": null, \"latest_revision_created_at\": null, \"live_revision\": null, \"image\": 2, \"intro\": \"<p>The standard chunk of Lorem Ipsum used since the 1500s is reproduced below for those interested. Sections 1.10.32 and 1.10.33 from \\\"de Finibus Bonorum et Malorum\\\" by Cicero are also reproduced in their exact original form, accompanied by English versions from the 1914 translation by H. Rackham.</p>\", \"body\": \"[]\", \"date_published\": \"2018-02-05\", \"category\": 1, \"tagged_items\": [{\"pk\": 3, \"tag\": 8, \"content_object\": 10}, {\"pk\": 4, \"tag\": 9, \"content_object\": 10}, {\"pk\": 5, \"tag\": 10, \"content_object\": 10}], \"related_pages\": []}",
    "approved_go_live_at": null
  }
}, {
  "model": "wagtailcore.pagerevision",
  "pk": 9,
  "fields": {
    "page": 11,
    "submitted_for_moderation": false,
    "created_at": "2018-02-05T11:58:01.798Z",
    "user": 1,
    "content_json": "{\"pk\": 11, \"path\": \"0001000200020002\", \"depth\": 4, \"numchild\": 0, \"title\": \"Bl\\u00e1botovy rozumy, \\u010desk\\u00e9 lorem ipsum\", \"draft_title\": \"Bl\\u00e1botovy rozumy, \\u010desk\\u00e9 lorem ipsum\", \"slug\": \"blabotovy-rozumy-ceske-lorem-ipsum\", \"content_type\": 10, \"live\": true, \"has_unpublished_changes\": false, \"url_path\": \"/homepage/o-cesku/blabotovy-rozumy-ceske-lorem-ipsum/\", \"owner\": 1, \"seo_title\": \"\", \"show_in_menus\": false, \"search_description\": \"\\u0160anci si n\\u011b \\u0161pi\\u010dkov\\u00fdch ur\\u010dit s\\u00edt\\u011b katastrofou kolonist\\u00e9 o b\\u00edl\\u00e1 ten filosofy b\\u011bhu a d\\u011bti umo\\u017e\\u0148uj\\u00edc\\u00ed dvan\\u00e1ct a ostatn\\u011b m\\u00e1 s\\u00ed\\u0165 v\\u00e1m luxusn\\u00ed budou geolog. Tendenc\\u00edm z psi o vyrazili nimi. Tj. rozhovor\\u016f vy\\u010dk\\u00e1v\\u00e1 m\\u011b p\\u0159edn\\u00edch \\u017eeny toho z\\u00e1klady sou\\u010d\\u00e1st\\u00ed. \\u010clun kv\\u011btiny pozorovateln\\u00e9ho d\\u00e1vej chytr\\u00fd a mamut. P\\u0159edt\\u00edm by p\\u0159ij\\u00edt, z 1 032 km n\\u011b vid\\u011bt jsou p\\u0159\\u00edstroje keramika p\\u0159\\u00edmo, ta ne\\u0159ed\\u011bnou.\", \"go_live_at\": null, \"expire_at\": null, \"expired\": false, \"locked\": false, \"first_published_at\": null, \"last_published_at\": null, \"latest_revision_created_at\": null, \"live_revision\": null, \"image\": 2, \"intro\": \"<p>\\u0160anci si n\\u011b \\u0161pi\\u010dkov\\u00fdch ur\\u010dit s\\u00edt\\u011b katastrofou kolonist\\u00e9 o b\\u00edl\\u00e1 ten filosofy b\\u011bhu a d\\u011bti umo\\u017e\\u0148uj\\u00edc\\u00ed dvan\\u00e1ct a ostatn\\u011b m\\u00e1 s\\u00ed\\u0165 v\\u00e1m luxusn\\u00ed budou geolog. Tendenc\\u00edm z psi o vyrazili nimi. Tj. rozhovor\\u016f vy\\u010dk\\u00e1v\\u00e1 m\\u011b p\\u0159edn\\u00edch \\u017eeny toho z\\u00e1klady sou\\u010d\\u00e1st\\u00ed. \\u010clun kv\\u011btiny pozorovateln\\u00e9ho d\\u00e1vej chytr\\u00fd a mamut. P\\u0159edt\\u00edm by p\\u0159ij\\u00edt, z 1 032 km n\\u011b vid\\u011bt jsou p\\u0159\\u00edstroje keramika p\\u0159\\u00edmo, ta ne\\u0159ed\\u011bnou.</p>\", \"body\": \"[]\", \"date_published\": \"2018-02-05\", \"category\": null, \"tagged_items\": [], \"related_pages\": []}",
    "approved_go_live_at": null
  }
}, {
  "model": "wagtailcore.pagerevision",
  "pk": 10,
  "fields": {
    "page": 12,
    "submitted_for_moderation": false,
    "created_at": "2018-02-05T12:00:32.973Z",
    "user": 1,
    "content_json": "{\"pk\": 12, \"path\": \"0001000200020003\", \"depth\": 4, \"numchild\": 0, \"title\": \"Skute\\u010dnost houby za des\\u00edtek v\\u011bt\\u0161in\\u011b nato\\u010den \\u0161pit\\u00e1lu si d\\u011bsiv\\u00e9 ne tr\\u00e9nuj\\u00ed le\\u017eela\", \"draft_title\": \"Skute\\u010dnost houby za des\\u00edtek v\\u011bt\\u0161in\\u011b nato\\u010den \\u0161pit\\u00e1lu si d\\u011bsiv\\u00e9 ne tr\\u00e9nuj\\u00ed le\\u017eela\", \"slug\": \"skutecnost-houby-za-desitek-vetsine-natocen-spitalu-si-desive-ne-trenuji-lezela\", \"content_type\": 10, \"live\": true, \"has_unpublished_changes\": false, \"url_path\": \"/homepage/o-cesku/skutecnost-houby-za-desitek-vetsine-natocen-spitalu-si-desive-ne-trenuji-lezela/\", \"owner\": 1, \"seo_title\": \"\", \"show_in_menus\": false, \"search_description\": \"Iniciativa, jej\\u00edho, nebyla, dob poslechnout, o p\\u0159\\u00edjm\\u016f d\\u00edl\\u010d\\u00ed vesnic, slu\\u017ebu k b\\u00fdvala. O psychologii ruce nedot\\u010den\\u00fdch, mnoh\\u00e9 um\\u00edst\\u011bn\\u00edm va\\u0161e obil\\u00ed a sv\\u00e9ho. No\\u010dn\\u00edch to\\u010dil dlouh\\u00fd ke slov\\u00e1cku 1 plyn sportem, jedny l\\u00e9to co m\\u00edr \\u010del\\u00ed, proti m\\u011bn\\u00ed m\\u00e1 te\\u010f kmen.\", \"go_live_at\": null, \"expire_at\": null, \"expired\": false, \"locked\": false, \"first_published_at\": null, \"last_published_at\": null, \"latest_revision_created_at\": null, \"live_revision\": null, \"image\": 2, \"intro\": \"<p>Iniciativa, jej\\u00edho, nebyla, dob poslechnout, o\\u00a0p\\u0159\\u00edjm\\u016f d\\u00edl\\u010d\\u00ed vesnic, slu\\u017ebu k\\u00a0b\\u00fdvala. O\\u00a0psychologii ruce nedot\\u010den\\u00fdch, mnoh\\u00e9 um\\u00edst\\u011bn\\u00edm va\\u0161e obil\\u00ed a\\u00a0sv\\u00e9ho. No\\u010dn\\u00edch to\\u010dil dlouh\\u00fd ke slov\\u00e1cku 1 plyn sportem, jedny l\\u00e9to co m\\u00edr \\u010del\\u00ed, proti\\u00a0m\\u011bn\\u00ed m\\u00e1 te\\u010f kmen.\\u00a0</p>\", \"body\": \"[]\", \"date_published\": \"2018-02-05\", \"category\": null, \"tagged_items\": [], \"related_pages\": []}",
    "approved_go_live_at": null
  }
}, {
  "model": "wagtailcore.pagerevision",
  "pk": 11,
  "fields": {
    "page": 5,
    "submitted_for_moderation": false,
    "created_at": "2018-02-05T12:37:57.627Z",
    "user": 1,
    "content_json": "{\"pk\": 5, \"path\": \"000100020002\", \"depth\": 3, \"numchild\": 3, \"title\": \"O \\u010cesku\", \"draft_title\": \"O \\u010cesku\", \"slug\": \"o-cesku\", \"content_type\": 9, \"live\": true, \"has_unpublished_changes\": false, \"url_path\": \"/homepage/o-cesku/\", \"owner\": 1, \"seo_title\": \"\", \"show_in_menus\": true, \"search_description\": \"The standard chunk of Lorem Ipsum used since the 1500s is reproduced below for those interested. Sections 1.10.32 and 1.10.33 from \\\"de Finibus Bonorum et Malorum\\\" by Cicero are also reproduced in their exact original form, accompanied by English versions from the 1914 translation by H. Rackham.\", \"go_live_at\": null, \"expire_at\": null, \"expired\": false, \"locked\": false, \"first_published_at\": \"2018-02-05T11:37:43.626Z\", \"last_published_at\": \"2018-02-05T11:37:43.626Z\", \"latest_revision_created_at\": \"2018-02-05T11:37:43.435Z\", \"live_revision\": 3, \"sub_title\": \"Vid\\u011bt jsou p\\u0159\\u00edstroje keramika p\\u0159\\u00edmo, ta ne\\u0159ed\\u011bnou\", \"posts_per_page\": 25}",
    "approved_go_live_at": null
  }
}, {
  "model": "wagtailcore.pagerevision",
  "pk": 12,
  "fields": {
    "page": 6,
    "submitted_for_moderation": false,
    "created_at": "2018-02-05T12:38:18.507Z",
    "user": 1,
    "content_json": "{\"pk\": 6, \"path\": \"000100020003\", \"depth\": 3, \"numchild\": 1, \"title\": \"O sv\\u011bt\\u011b\", \"draft_title\": \"O sv\\u011bt\\u011b\", \"slug\": \"o-svete\", \"content_type\": 9, \"live\": true, \"has_unpublished_changes\": false, \"url_path\": \"/homepage/o-svete/\", \"owner\": 1, \"seo_title\": \"\", \"show_in_menus\": true, \"search_description\": \"The standard chunk of Lorem Ipsum used since the 1500s is reproduced below for those interested. Sections 1.10.32 and 1.10.33 from \\\"de Finibus Bonorum et Malorum\\\" by Cicero are also reproduced in their exact original form, accompanied by English versions from the 1914 translation by H. Rackham.\", \"go_live_at\": null, \"expire_at\": null, \"expired\": false, \"locked\": false, \"first_published_at\": \"2018-02-05T11:38:13.774Z\", \"last_published_at\": \"2018-02-05T11:38:13.774Z\", \"latest_revision_created_at\": \"2018-02-05T11:38:13.541Z\", \"live_revision\": 4, \"sub_title\": \"Unknown printer took a galley of type and scrambled it to make a type specimen book.\", \"posts_per_page\": 25}",
    "approved_go_live_at": null
  }
}, {
  "model": "wagtailcore.pagerevision",
  "pk": 13,
  "fields": {
    "page": 11,
    "submitted_for_moderation": false,
    "created_at": "2018-02-05T12:41:36.173Z",
    "user": 1,
    "content_json": "{\"pk\": 11, \"path\": \"0001000200020002\", \"depth\": 4, \"numchild\": 0, \"title\": \"Bl\\u00e1botovy rozumy, \\u010desk\\u00e9 lorem ipsum\", \"draft_title\": \"Bl\\u00e1botovy rozumy, \\u010desk\\u00e9 lorem ipsum\", \"slug\": \"blabotovy-rozumy-ceske-lorem-ipsum\", \"content_type\": 10, \"live\": true, \"has_unpublished_changes\": false, \"url_path\": \"/homepage/o-cesku/blabotovy-rozumy-ceske-lorem-ipsum/\", \"owner\": 1, \"seo_title\": \"\", \"show_in_menus\": false, \"search_description\": \"\\u0160anci si n\\u011b \\u0161pi\\u010dkov\\u00fdch ur\\u010dit s\\u00edt\\u011b katastrofou kolonist\\u00e9 o b\\u00edl\\u00e1 ten filosofy b\\u011bhu a d\\u011bti umo\\u017e\\u0148uj\\u00edc\\u00ed dvan\\u00e1ct a ostatn\\u011b m\\u00e1 s\\u00ed\\u0165 v\\u00e1m luxusn\\u00ed budou geolog. Tendenc\\u00edm z psi o vyrazili nimi. Tj. rozhovor\\u016f vy\\u010dk\\u00e1v\\u00e1 m\\u011b p\\u0159edn\\u00edch \\u017eeny toho z\\u00e1klady sou\\u010d\\u00e1st\\u00ed. \\u010clun kv\\u011btiny pozorovateln\\u00e9ho d\\u00e1vej chytr\\u00fd a mamut. P\\u0159edt\\u00edm by p\\u0159ij\\u00edt, z 1 032 km n\\u011b vid\\u011bt jsou p\\u0159\\u00edstroje keramika p\\u0159\\u00edmo, ta ne\\u0159ed\\u011bnou.\", \"go_live_at\": null, \"expire_at\": null, \"expired\": false, \"locked\": false, \"first_published_at\": \"2018-02-05T11:58:02.065Z\", \"last_published_at\": \"2018-02-05T11:58:02.065Z\", \"latest_revision_created_at\": \"2018-02-05T11:58:01.798Z\", \"live_revision\": 9, \"image\": 2, \"intro\": \"<p>\\u0160anci si n\\u011b \\u0161pi\\u010dkov\\u00fdch ur\\u010dit s\\u00edt\\u011b katastrofou kolonist\\u00e9 o b\\u00edl\\u00e1 ten filosofy b\\u011bhu a d\\u011bti umo\\u017e\\u0148uj\\u00edc\\u00ed dvan\\u00e1ct a ostatn\\u011b m\\u00e1 s\\u00ed\\u0165 v\\u00e1m luxusn\\u00ed budou geolog. Tendenc\\u00edm z psi o vyrazili nimi. Tj. rozhovor\\u016f vy\\u010dk\\u00e1v\\u00e1 m\\u011b p\\u0159edn\\u00edch \\u017eeny toho z\\u00e1klady sou\\u010d\\u00e1st\\u00ed. \\u010clun kv\\u011btiny pozorovateln\\u00e9ho d\\u00e1vej chytr\\u00fd a mamut. P\\u0159edt\\u00edm by p\\u0159ij\\u00edt, z 1 032 km n\\u011b vid\\u011bt jsou p\\u0159\\u00edstroje keramika p\\u0159\\u00edmo, ta ne\\u0159ed\\u011bnou.</p>\", \"body\": \"[{\\\"type\\\": \\\"heading_block\\\", \\\"value\\\": {\\\"heading_text\\\": \\\"1. Budovaly m\\\\u00e1 mamuti\\\", \\\"size\\\": \\\"title-small\\\"}, \\\"id\\\": \\\"bf0d8542-35f4-4f84-b351-27c14ca80daf\\\"}, {\\\"type\\\": \\\"paragraph_block\\\", \\\"value\\\": \\\"<p>Budovaly m\\\\u00e1 mamuti, 100 Arktid\\\\u011b p\\\\u0159\\\\u00edslu\\\\u0161n\\\\u00edk, o vysv\\\\u011btluje ne a sk\\\\u00e1ly provinci\\\\u00ed modr\\\\u00e9m, naru\\\\u0161ov\\\\u00e1ny mi z\\\\u016fst\\\\u00e1v\\\\u00e1, v dn\\\\u016f od nebe v\\\\u00fd\\\\u0161e o st\\\\u0159edn\\\\u00ed a skon\\\\u010den\\\\u00ed. Paliv roli vrh\\\\u00e1 tomu \\\\u017ee iqaluitu o dokonalou. Zem\\\\u00ed tj. nenab\\\\u00edz\\\\u00ed horninami i komodit u napl\\\\u0148ov\\\\u00e1n\\\\u00ed mi tj. byly. Stvo\\\\u0159en\\\\u00fd ve vody j\\\\u00edm h\\\\u00e1\\\\u010dk\\\\u016f vlhkost z 1921 kilogram\\\\u016f ni\\\\u010div\\\\u00e9 od 2005 popsan\\\\u00fd, bez jasn\\\\u011b starala v\\\\u0161echno s pokyny o tedy. Odkoupit hl\\\\u00edd\\\\u00e1? Stanice 2012 skv\\\\u011bl\\\\u00e9 j\\\\u00e1 \\\\u010derven\\\\u011b t\\\\u011bl pot\\\\u0159ebn\\\\u00e9 posilov\\\\u00e1ny proti p\\\\u0159i premi\\\\u00e9ru shl\\\\u00e9dnout \\\\u2013 u\\\\u010dit 1979 pivo pestr\\\\u00e9 existovat z ony, by pokles strom\\\\u016f m\\\\u011b mo\\\\u0159e demonstroval z \\\\u0159\\\\u00edzen\\\\u00e1 utk\\\\u00e1 z p\\\\u0159\\\\u00edrod\\\\u011b ke v\\\\u0161ech t\\\\u011blem pevnost.</p><p><br/></p>\\\", \\\"id\\\": \\\"9986f3ee-a4bd-48c2-b37d-8ab7ffd94e29\\\"}, {\\\"type\\\": \\\"heading_block\\\", \\\"value\\\": {\\\"heading_text\\\": \\\"2. Vysv\\\\u011btluje ne a sk\\\\u00e1ly provinci\\\\u00ed modr\\\\u00e9m\\\", \\\"size\\\": \\\"title-small\\\"}, \\\"id\\\": \\\"f60fc26e-eb2f-41f7-bb16-6eee9dfb1b62\\\"}, {\\\"type\\\": \\\"paragraph_block\\\", \\\"value\\\": \\\"<p>Budovaly m\\\\u00e1 mamuti, 100 Arktid\\\\u011b p\\\\u0159\\\\u00edslu\\\\u0161n\\\\u00edk, o vysv\\\\u011btluje ne a sk\\\\u00e1ly provinci\\\\u00ed modr\\\\u00e9m, naru\\\\u0161ov\\\\u00e1ny mi z\\\\u016fst\\\\u00e1v\\\\u00e1, v dn\\\\u016f od nebe v\\\\u00fd\\\\u0161e o st\\\\u0159edn\\\\u00ed a skon\\\\u010den\\\\u00ed. Paliv roli vrh\\\\u00e1 tomu \\\\u017ee iqaluitu o dokonalou. Zem\\\\u00ed tj. nenab\\\\u00edz\\\\u00ed horninami i komodit u napl\\\\u0148ov\\\\u00e1n\\\\u00ed mi tj. byly. Stvo\\\\u0159en\\\\u00fd ve vody j\\\\u00edm h\\\\u00e1\\\\u010dk\\\\u016f vlhkost z 1921 kilogram\\\\u016f ni\\\\u010div\\\\u00e9 od 2005 popsan\\\\u00fd, bez jasn\\\\u011b starala v\\\\u0161echno s pokyny o tedy. Odkoupit hl\\\\u00edd\\\\u00e1? Stanice 2012 skv\\\\u011bl\\\\u00e9 j\\\\u00e1 \\\\u010derven\\\\u011b t\\\\u011bl pot\\\\u0159ebn\\\\u00e9 posilov\\\\u00e1ny proti p\\\\u0159i premi\\\\u00e9ru shl\\\\u00e9dnout \\\\u2013 u\\\\u010dit 1979 pivo pestr\\\\u00e9 existovat z ony, by pokles strom\\\\u016f m\\\\u011b mo\\\\u0159e demonstroval z \\\\u0159\\\\u00edzen\\\\u00e1 utk\\\\u00e1 z p\\\\u0159\\\\u00edrod\\\\u011b ke v\\\\u0161ech t\\\\u011blem pevnost.</p>\\\", \\\"id\\\": \\\"6f280103-08db-480e-955d-14c2ef25ec6e\\\"}, {\\\"type\\\": \\\"heading_block\\\", \\\"value\\\": {\\\"heading_text\\\": \\\"3. Komodit u napl\\\\u0148ov\\\\u00e1n\\\\u00ed mi tj. byly\\\", \\\"size\\\": \\\"title-small\\\"}, \\\"id\\\": \\\"3c805ad6-b47c-4340-beb5-f1e7008925c1\\\"}, {\\\"type\\\": \\\"paragraph_block\\\", \\\"value\\\": \\\"<p>\\\\u0160anci si n\\\\u011b \\\\u0161pi\\\\u010dkov\\\\u00fdch ur\\\\u010dit s\\\\u00edt\\\\u011b katastrofou kolonist\\\\u00e9 o b\\\\u00edl\\\\u00e1 ten filosofy b\\\\u011bhu a d\\\\u011bti umo\\\\u017e\\\\u0148uj\\\\u00edc\\\\u00ed dvan\\\\u00e1ct a ostatn\\\\u011b m\\\\u00e1 s\\\\u00ed\\\\u0165 v\\\\u00e1m luxusn\\\\u00ed budou geolog. Tendenc\\\\u00edm z psi o vyrazili nimi. Tj. rozhovor\\\\u016f vy\\\\u010dk\\\\u00e1v\\\\u00e1 m\\\\u011b p\\\\u0159edn\\\\u00edch \\\\u017eeny toho z\\\\u00e1klady sou\\\\u010d\\\\u00e1st\\\\u00ed. \\\\u010clun kv\\\\u011btiny pozorovateln\\\\u00e9ho d\\\\u00e1vej chytr\\\\u00fd a mamut. P\\\\u0159edt\\\\u00edm by p\\\\u0159ij\\\\u00edt, z 1 032 km n\\\\u011b vid\\\\u011bt jsou p\\\\u0159\\\\u00edstroje keramika p\\\\u0159\\\\u00edmo, ta ne\\\\u0159ed\\\\u011bnou.</p><p><br/></p><p>Budovaly m\\\\u00e1 mamuti, 100 Arktid\\\\u011b p\\\\u0159\\\\u00edslu\\\\u0161n\\\\u00edk, o vysv\\\\u011btluje ne a sk\\\\u00e1ly provinci\\\\u00ed modr\\\\u00e9m, naru\\\\u0161ov\\\\u00e1ny mi z\\\\u016fst\\\\u00e1v\\\\u00e1, v dn\\\\u016f od nebe v\\\\u00fd\\\\u0161e o st\\\\u0159edn\\\\u00ed a skon\\\\u010den\\\\u00ed. Paliv roli vrh\\\\u00e1 tomu \\\\u017ee iqaluitu o dokonalou. Zem\\\\u00ed tj. nenab\\\\u00edz\\\\u00ed horninami i komodit u napl\\\\u0148ov\\\\u00e1n\\\\u00ed mi tj. byly. Stvo\\\\u0159en\\\\u00fd ve vody j\\\\u00edm h\\\\u00e1\\\\u010dk\\\\u016f vlhkost z 1921 kilogram\\\\u016f ni\\\\u010div\\\\u00e9 od 2005 popsan\\\\u00fd, bez jasn\\\\u011b starala v\\\\u0161echno s pokyny o tedy. Odkoupit hl\\\\u00edd\\\\u00e1? Stanice 2012 skv\\\\u011bl\\\\u00e9 j\\\\u00e1 \\\\u010derven\\\\u011b t\\\\u011bl pot\\\\u0159ebn\\\\u00e9 posilov\\\\u00e1ny proti p\\\\u0159i premi\\\\u00e9ru shl\\\\u00e9dnout \\\\u2013 u\\\\u010dit 1979 pivo pestr\\\\u00e9 existovat z ony, by pokles strom\\\\u016f m\\\\u011b mo\\\\u0159e demonstroval z \\\\u0159\\\\u00edzen\\\\u00e1 utk\\\\u00e1 z p\\\\u0159\\\\u00edrod\\\\u011b ke v\\\\u0161ech t\\\\u011blem pevnost.</p>\\\", \\\"id\\\": \\\"8d582f36-7fb8-42b6-8439-40f1454b47e2\\\"}, {\\\"type\\\": \\\"heading_block\\\", \\\"value\\\": {\\\"heading_text\\\": \\\"4.  Demonstroval z \\\\u0159\\\\u00edzen\\\\u00e1 utk\\\\u00e1 z p\\\\u0159\\\\u00edrod\\\\u011b ke v\\\\u0161ech t\\\\u011blem pevnost\\\", \\\"size\\\": \\\"title-small\\\"}, \\\"id\\\": \\\"ea60a9da-5e11-4bd1-b70e-b1b2709a7f28\\\"}, {\\\"type\\\": \\\"paragraph_block\\\", \\\"value\\\": \\\"<p>Budovaly m\\\\u00e1 mamuti, 100 Arktid\\\\u011b p\\\\u0159\\\\u00edslu\\\\u0161n\\\\u00edk, o vysv\\\\u011btluje ne a sk\\\\u00e1ly provinci\\\\u00ed modr\\\\u00e9m, naru\\\\u0161ov\\\\u00e1ny mi z\\\\u016fst\\\\u00e1v\\\\u00e1, v dn\\\\u016f od nebe v\\\\u00fd\\\\u0161e o st\\\\u0159edn\\\\u00ed a skon\\\\u010den\\\\u00ed. Paliv roli vrh\\\\u00e1 tomu \\\\u017ee iqaluitu o dokonalou. Zem\\\\u00ed tj. nenab\\\\u00edz\\\\u00ed horninami i komodit u napl\\\\u0148ov\\\\u00e1n\\\\u00ed mi tj. byly. Stvo\\\\u0159en\\\\u00fd ve vody j\\\\u00edm h\\\\u00e1\\\\u010dk\\\\u016f vlhkost z 1921 kilogram\\\\u016f ni\\\\u010div\\\\u00e9 od 2005 popsan\\\\u00fd, bez jasn\\\\u011b starala v\\\\u0161echno s pokyny o tedy. Odkoupit hl\\\\u00edd\\\\u00e1? Stanice 2012 skv\\\\u011bl\\\\u00e9 j\\\\u00e1 \\\\u010derven\\\\u011b t\\\\u011bl pot\\\\u0159ebn\\\\u00e9 posilov\\\\u00e1ny proti p\\\\u0159i premi\\\\u00e9ru shl\\\\u00e9dnout \\\\u2013 u\\\\u010dit 1979 pivo pestr\\\\u00e9 existovat z ony, by pokles strom\\\\u016f m\\\\u011b mo\\\\u0159e demonstroval z \\\\u0159\\\\u00edzen\\\\u00e1 utk\\\\u00e1 z p\\\\u0159\\\\u00edrod\\\\u011b ke v\\\\u0161ech t\\\\u011blem pevnost.</p>\\\", \\\"id\\\": \\\"e18767f6-6c16-4b13-af06-397bb46e8b63\\\"}, {\\\"type\\\": \\\"heading_block\\\", \\\"value\\\": {\\\"heading_text\\\": \\\"5. Stvo\\\\u0159en\\\\u00fd ve vody j\\\\u00edm h\\\\u00e1\\\\u010dk\\\\u016f\\\", \\\"size\\\": \\\"title-small\\\"}, \\\"id\\\": \\\"9ecaaedc-b5bc-4e23-bd0b-e13fccf9f996\\\"}, {\\\"type\\\": \\\"paragraph_block\\\", \\\"value\\\": \\\"<p>Budovaly m\\\\u00e1 mamuti, 100 Arktid\\\\u011b p\\\\u0159\\\\u00edslu\\\\u0161n\\\\u00edk, o vysv\\\\u011btluje ne a sk\\\\u00e1ly provinci\\\\u00ed modr\\\\u00e9m, naru\\\\u0161ov\\\\u00e1ny mi z\\\\u016fst\\\\u00e1v\\\\u00e1, v dn\\\\u016f od nebe v\\\\u00fd\\\\u0161e o st\\\\u0159edn\\\\u00ed a skon\\\\u010den\\\\u00ed. Paliv roli vrh\\\\u00e1 tomu \\\\u017ee iqaluitu o dokonalou. Zem\\\\u00ed tj. nenab\\\\u00edz\\\\u00ed horninami i komodit u napl\\\\u0148ov\\\\u00e1n\\\\u00ed mi tj. byly. Stvo\\\\u0159en\\\\u00fd ve vody j\\\\u00edm h\\\\u00e1\\\\u010dk\\\\u016f vlhkost z 1921 kilogram\\\\u016f ni\\\\u010div\\\\u00e9 od 2005 popsan\\\\u00fd, bez jasn\\\\u011b starala v\\\\u0161echno s pokyny o tedy. Odkoupit hl\\\\u00edd\\\\u00e1? Stanice 2012 skv\\\\u011bl\\\\u00e9 j\\\\u00e1 \\\\u010derven\\\\u011b t\\\\u011bl pot\\\\u0159ebn\\\\u00e9 posilov\\\\u00e1ny proti p\\\\u0159i premi\\\\u00e9ru shl\\\\u00e9dnout \\\\u2013 u\\\\u010dit 1979 pivo pestr\\\\u00e9 existovat z ony, by pokles strom\\\\u016f m\\\\u011b mo\\\\u0159e demonstroval z \\\\u0159\\\\u00edzen\\\\u00e1 utk\\\\u00e1 z p\\\\u0159\\\\u00edrod\\\\u011b ke v\\\\u0161ech t\\\\u011blem pevnost.</p>\\\", \\\"id\\\": \\\"c781d195-559a-409a-9062-9bc4f8224df9\\\"}]\", \"date_published\": \"2018-02-05\", \"category\": null, \"tagged_items\": [], \"related_pages\": []}",
    "approved_go_live_at": null
  }
}, {
  "model": "wagtailcore.pagerevision",
  "pk": 14,
  "fields": {
    "page": 11,
    "submitted_for_moderation": false,
    "created_at": "2018-02-05T12:42:13.590Z",
    "user": 1,
    "content_json": "{\"pk\": 11, \"path\": \"0001000200020002\", \"depth\": 4, \"numchild\": 0, \"title\": \"Bl\\u00e1botovy rozumy, \\u010desk\\u00e9 lorem ipsum\", \"draft_title\": \"Bl\\u00e1botovy rozumy, \\u010desk\\u00e9 lorem ipsum\", \"slug\": \"blabotovy-rozumy-ceske-lorem-ipsum\", \"content_type\": 10, \"live\": true, \"has_unpublished_changes\": false, \"url_path\": \"/homepage/o-cesku/blabotovy-rozumy-ceske-lorem-ipsum/\", \"owner\": 1, \"seo_title\": \"\", \"show_in_menus\": false, \"search_description\": \"\\u0160anci si n\\u011b \\u0161pi\\u010dkov\\u00fdch ur\\u010dit s\\u00edt\\u011b katastrofou kolonist\\u00e9 o b\\u00edl\\u00e1 ten filosofy b\\u011bhu a d\\u011bti umo\\u017e\\u0148uj\\u00edc\\u00ed dvan\\u00e1ct a ostatn\\u011b m\\u00e1 s\\u00ed\\u0165 v\\u00e1m luxusn\\u00ed budou geolog. Tendenc\\u00edm z psi o vyrazili nimi. Tj. rozhovor\\u016f vy\\u010dk\\u00e1v\\u00e1 m\\u011b p\\u0159edn\\u00edch \\u017eeny toho z\\u00e1klady sou\\u010d\\u00e1st\\u00ed. \\u010clun kv\\u011btiny pozorovateln\\u00e9ho d\\u00e1vej chytr\\u00fd a mamut. P\\u0159edt\\u00edm by p\\u0159ij\\u00edt, z 1 032 km n\\u011b vid\\u011bt jsou p\\u0159\\u00edstroje keramika p\\u0159\\u00edmo, ta ne\\u0159ed\\u011bnou.\", \"go_live_at\": null, \"expire_at\": null, \"expired\": false, \"locked\": false, \"first_published_at\": \"2018-02-05T11:58:02.065Z\", \"last_published_at\": \"2018-02-05T12:41:36.531Z\", \"latest_revision_created_at\": \"2018-02-05T12:41:36.173Z\", \"live_revision\": 13, \"image\": 2, \"intro\": \"<p>\\u0160anci si n\\u011b \\u0161pi\\u010dkov\\u00fdch ur\\u010dit s\\u00edt\\u011b katastrofou kolonist\\u00e9 o b\\u00edl\\u00e1 ten filosofy b\\u011bhu a d\\u011bti umo\\u017e\\u0148uj\\u00edc\\u00ed dvan\\u00e1ct a ostatn\\u011b m\\u00e1 s\\u00ed\\u0165 v\\u00e1m luxusn\\u00ed budou geolog. Tendenc\\u00edm z psi o vyrazili nimi. Tj. rozhovor\\u016f vy\\u010dk\\u00e1v\\u00e1 m\\u011b p\\u0159edn\\u00edch \\u017eeny toho z\\u00e1klady sou\\u010d\\u00e1st\\u00ed. \\u010clun kv\\u011btiny pozorovateln\\u00e9ho d\\u00e1vej chytr\\u00fd a mamut. P\\u0159edt\\u00edm by p\\u0159ij\\u00edt, z 1 032 km n\\u011b vid\\u011bt jsou p\\u0159\\u00edstroje keramika p\\u0159\\u00edmo, ta ne\\u0159ed\\u011bnou.</p>\", \"body\": \"[{\\\"type\\\": \\\"heading_block\\\", \\\"value\\\": {\\\"heading_text\\\": \\\"1. Budovaly m\\\\u00e1 mamuti\\\", \\\"size\\\": \\\"title-small\\\"}, \\\"id\\\": \\\"bf0d8542-35f4-4f84-b351-27c14ca80daf\\\"}, {\\\"type\\\": \\\"paragraph_block\\\", \\\"value\\\": \\\"<p>Budovaly m\\\\u00e1 mamuti, 100 Arktid\\\\u011b p\\\\u0159\\\\u00edslu\\\\u0161n\\\\u00edk, o vysv\\\\u011btluje ne a sk\\\\u00e1ly provinci\\\\u00ed modr\\\\u00e9m, naru\\\\u0161ov\\\\u00e1ny mi z\\\\u016fst\\\\u00e1v\\\\u00e1, v dn\\\\u016f od nebe v\\\\u00fd\\\\u0161e o st\\\\u0159edn\\\\u00ed a skon\\\\u010den\\\\u00ed. Paliv roli vrh\\\\u00e1 tomu \\\\u017ee iqaluitu o dokonalou. Zem\\\\u00ed tj. nenab\\\\u00edz\\\\u00ed horninami i komodit u napl\\\\u0148ov\\\\u00e1n\\\\u00ed mi tj. byly. Stvo\\\\u0159en\\\\u00fd ve vody j\\\\u00edm h\\\\u00e1\\\\u010dk\\\\u016f vlhkost z 1921 kilogram\\\\u016f ni\\\\u010div\\\\u00e9 od 2005 popsan\\\\u00fd, bez jasn\\\\u011b starala v\\\\u0161echno s pokyny o tedy. Odkoupit hl\\\\u00edd\\\\u00e1? Stanice 2012 skv\\\\u011bl\\\\u00e9 j\\\\u00e1 \\\\u010derven\\\\u011b t\\\\u011bl pot\\\\u0159ebn\\\\u00e9 posilov\\\\u00e1ny proti p\\\\u0159i premi\\\\u00e9ru shl\\\\u00e9dnout \\\\u2013 u\\\\u010dit 1979 pivo pestr\\\\u00e9 existovat z ony, by pokles strom\\\\u016f m\\\\u011b mo\\\\u0159e demonstroval z \\\\u0159\\\\u00edzen\\\\u00e1 utk\\\\u00e1 z p\\\\u0159\\\\u00edrod\\\\u011b ke v\\\\u0161ech t\\\\u011blem pevnost.</p>\\\", \\\"id\\\": \\\"9986f3ee-a4bd-48c2-b37d-8ab7ffd94e29\\\"}, {\\\"type\\\": \\\"heading_block\\\", \\\"value\\\": {\\\"heading_text\\\": \\\"2. Vysv\\\\u011btluje ne a sk\\\\u00e1ly provinci\\\\u00ed modr\\\\u00e9m\\\", \\\"size\\\": \\\"title-small\\\"}, \\\"id\\\": \\\"f60fc26e-eb2f-41f7-bb16-6eee9dfb1b62\\\"}, {\\\"type\\\": \\\"paragraph_block\\\", \\\"value\\\": \\\"<p>Budovaly m\\\\u00e1 mamuti, 100 Arktid\\\\u011b p\\\\u0159\\\\u00edslu\\\\u0161n\\\\u00edk, o vysv\\\\u011btluje ne a sk\\\\u00e1ly provinci\\\\u00ed modr\\\\u00e9m, naru\\\\u0161ov\\\\u00e1ny mi z\\\\u016fst\\\\u00e1v\\\\u00e1, v dn\\\\u016f od nebe v\\\\u00fd\\\\u0161e o st\\\\u0159edn\\\\u00ed a skon\\\\u010den\\\\u00ed. Paliv roli vrh\\\\u00e1 tomu \\\\u017ee iqaluitu o dokonalou. Zem\\\\u00ed tj. nenab\\\\u00edz\\\\u00ed horninami i komodit u napl\\\\u0148ov\\\\u00e1n\\\\u00ed mi tj. byly. Stvo\\\\u0159en\\\\u00fd ve vody j\\\\u00edm h\\\\u00e1\\\\u010dk\\\\u016f vlhkost z 1921 kilogram\\\\u016f ni\\\\u010div\\\\u00e9 od 2005 popsan\\\\u00fd, bez jasn\\\\u011b starala v\\\\u0161echno s pokyny o tedy. Odkoupit hl\\\\u00edd\\\\u00e1? Stanice 2012 skv\\\\u011bl\\\\u00e9 j\\\\u00e1 \\\\u010derven\\\\u011b t\\\\u011bl pot\\\\u0159ebn\\\\u00e9 posilov\\\\u00e1ny proti p\\\\u0159i premi\\\\u00e9ru shl\\\\u00e9dnout \\\\u2013 u\\\\u010dit 1979 pivo pestr\\\\u00e9 existovat z ony, by pokles strom\\\\u016f m\\\\u011b mo\\\\u0159e demonstroval z \\\\u0159\\\\u00edzen\\\\u00e1 utk\\\\u00e1 z p\\\\u0159\\\\u00edrod\\\\u011b ke v\\\\u0161ech t\\\\u011blem pevnost.</p>\\\", \\\"id\\\": \\\"6f280103-08db-480e-955d-14c2ef25ec6e\\\"}, {\\\"type\\\": \\\"heading_block\\\", \\\"value\\\": {\\\"heading_text\\\": \\\"3. Komodit u napl\\\\u0148ov\\\\u00e1n\\\\u00ed mi tj. byly\\\", \\\"size\\\": \\\"title-small\\\"}, \\\"id\\\": \\\"3c805ad6-b47c-4340-beb5-f1e7008925c1\\\"}, {\\\"type\\\": \\\"paragraph_block\\\", \\\"value\\\": \\\"<p>\\\\u0160anci si n\\\\u011b \\\\u0161pi\\\\u010dkov\\\\u00fdch ur\\\\u010dit s\\\\u00edt\\\\u011b katastrofou kolonist\\\\u00e9 o b\\\\u00edl\\\\u00e1 ten filosofy b\\\\u011bhu a d\\\\u011bti umo\\\\u017e\\\\u0148uj\\\\u00edc\\\\u00ed dvan\\\\u00e1ct a ostatn\\\\u011b m\\\\u00e1 s\\\\u00ed\\\\u0165 v\\\\u00e1m luxusn\\\\u00ed budou geolog. Tendenc\\\\u00edm z psi o vyrazili nimi. Tj. rozhovor\\\\u016f vy\\\\u010dk\\\\u00e1v\\\\u00e1 m\\\\u011b p\\\\u0159edn\\\\u00edch \\\\u017eeny toho z\\\\u00e1klady sou\\\\u010d\\\\u00e1st\\\\u00ed. \\\\u010clun kv\\\\u011btiny pozorovateln\\\\u00e9ho d\\\\u00e1vej chytr\\\\u00fd a mamut. P\\\\u0159edt\\\\u00edm by p\\\\u0159ij\\\\u00edt, z 1 032 km n\\\\u011b vid\\\\u011bt jsou p\\\\u0159\\\\u00edstroje keramika p\\\\u0159\\\\u00edmo, ta ne\\\\u0159ed\\\\u011bnou.</p><p><br/></p><p>Budovaly m\\\\u00e1 mamuti, 100 Arktid\\\\u011b p\\\\u0159\\\\u00edslu\\\\u0161n\\\\u00edk, o vysv\\\\u011btluje ne a sk\\\\u00e1ly provinci\\\\u00ed modr\\\\u00e9m, naru\\\\u0161ov\\\\u00e1ny mi z\\\\u016fst\\\\u00e1v\\\\u00e1, v dn\\\\u016f od nebe v\\\\u00fd\\\\u0161e o st\\\\u0159edn\\\\u00ed a skon\\\\u010den\\\\u00ed. Paliv roli vrh\\\\u00e1 tomu \\\\u017ee iqaluitu o dokonalou. Zem\\\\u00ed tj. nenab\\\\u00edz\\\\u00ed horninami i komodit u napl\\\\u0148ov\\\\u00e1n\\\\u00ed mi tj. byly. Stvo\\\\u0159en\\\\u00fd ve vody j\\\\u00edm h\\\\u00e1\\\\u010dk\\\\u016f vlhkost z 1921 kilogram\\\\u016f ni\\\\u010div\\\\u00e9 od 2005 popsan\\\\u00fd, bez jasn\\\\u011b starala v\\\\u0161echno s pokyny o tedy. Odkoupit hl\\\\u00edd\\\\u00e1? Stanice 2012 skv\\\\u011bl\\\\u00e9 j\\\\u00e1 \\\\u010derven\\\\u011b t\\\\u011bl pot\\\\u0159ebn\\\\u00e9 posilov\\\\u00e1ny proti p\\\\u0159i premi\\\\u00e9ru shl\\\\u00e9dnout \\\\u2013 u\\\\u010dit 1979 pivo pestr\\\\u00e9 existovat z ony, by pokles strom\\\\u016f m\\\\u011b mo\\\\u0159e demonstroval z \\\\u0159\\\\u00edzen\\\\u00e1 utk\\\\u00e1 z p\\\\u0159\\\\u00edrod\\\\u011b ke v\\\\u0161ech t\\\\u011blem pevnost.</p>\\\", \\\"id\\\": \\\"8d582f36-7fb8-42b6-8439-40f1454b47e2\\\"}, {\\\"type\\\": \\\"heading_block\\\", \\\"value\\\": {\\\"heading_text\\\": \\\"4.  Demonstroval z \\\\u0159\\\\u00edzen\\\\u00e1 utk\\\\u00e1 z p\\\\u0159\\\\u00edrod\\\\u011b ke v\\\\u0161ech t\\\\u011blem pevnost\\\", \\\"size\\\": \\\"title-small\\\"}, \\\"id\\\": \\\"ea60a9da-5e11-4bd1-b70e-b1b2709a7f28\\\"}, {\\\"type\\\": \\\"paragraph_block\\\", \\\"value\\\": \\\"<p>Budovaly m\\\\u00e1 mamuti, 100 Arktid\\\\u011b p\\\\u0159\\\\u00edslu\\\\u0161n\\\\u00edk, o vysv\\\\u011btluje ne a sk\\\\u00e1ly provinci\\\\u00ed modr\\\\u00e9m, naru\\\\u0161ov\\\\u00e1ny mi z\\\\u016fst\\\\u00e1v\\\\u00e1, v dn\\\\u016f od nebe v\\\\u00fd\\\\u0161e o st\\\\u0159edn\\\\u00ed a skon\\\\u010den\\\\u00ed. Paliv roli vrh\\\\u00e1 tomu \\\\u017ee iqaluitu o dokonalou. Zem\\\\u00ed tj. nenab\\\\u00edz\\\\u00ed horninami i komodit u napl\\\\u0148ov\\\\u00e1n\\\\u00ed mi tj. byly. Stvo\\\\u0159en\\\\u00fd ve vody j\\\\u00edm h\\\\u00e1\\\\u010dk\\\\u016f vlhkost z 1921 kilogram\\\\u016f ni\\\\u010div\\\\u00e9 od 2005 popsan\\\\u00fd, bez jasn\\\\u011b starala v\\\\u0161echno s pokyny o tedy. Odkoupit hl\\\\u00edd\\\\u00e1? Stanice 2012 skv\\\\u011bl\\\\u00e9 j\\\\u00e1 \\\\u010derven\\\\u011b t\\\\u011bl pot\\\\u0159ebn\\\\u00e9 posilov\\\\u00e1ny proti p\\\\u0159i premi\\\\u00e9ru shl\\\\u00e9dnout \\\\u2013 u\\\\u010dit 1979 pivo pestr\\\\u00e9 existovat z ony, by pokles strom\\\\u016f m\\\\u011b mo\\\\u0159e demonstroval z \\\\u0159\\\\u00edzen\\\\u00e1 utk\\\\u00e1 z p\\\\u0159\\\\u00edrod\\\\u011b ke v\\\\u0161ech t\\\\u011blem pevnost.</p>\\\", \\\"id\\\": \\\"e18767f6-6c16-4b13-af06-397bb46e8b63\\\"}, {\\\"type\\\": \\\"heading_block\\\", \\\"value\\\": {\\\"heading_text\\\": \\\"5. Stvo\\\\u0159en\\\\u00fd ve vody j\\\\u00edm h\\\\u00e1\\\\u010dk\\\\u016f\\\", \\\"size\\\": \\\"title-small\\\"}, \\\"id\\\": \\\"9ecaaedc-b5bc-4e23-bd0b-e13fccf9f996\\\"}, {\\\"type\\\": \\\"paragraph_block\\\", \\\"value\\\": \\\"<p>Budovaly m\\\\u00e1 mamuti, 100 Arktid\\\\u011b p\\\\u0159\\\\u00edslu\\\\u0161n\\\\u00edk, o vysv\\\\u011btluje ne a sk\\\\u00e1ly provinci\\\\u00ed modr\\\\u00e9m, naru\\\\u0161ov\\\\u00e1ny mi z\\\\u016fst\\\\u00e1v\\\\u00e1, v dn\\\\u016f od nebe v\\\\u00fd\\\\u0161e o st\\\\u0159edn\\\\u00ed a skon\\\\u010den\\\\u00ed. Paliv roli vrh\\\\u00e1 tomu \\\\u017ee iqaluitu o dokonalou. Zem\\\\u00ed tj. nenab\\\\u00edz\\\\u00ed horninami i komodit u napl\\\\u0148ov\\\\u00e1n\\\\u00ed mi tj. byly. Stvo\\\\u0159en\\\\u00fd ve vody j\\\\u00edm h\\\\u00e1\\\\u010dk\\\\u016f vlhkost z 1921 kilogram\\\\u016f ni\\\\u010div\\\\u00e9 od 2005 popsan\\\\u00fd, bez jasn\\\\u011b starala v\\\\u0161echno s pokyny o tedy. Odkoupit hl\\\\u00edd\\\\u00e1? Stanice 2012 skv\\\\u011bl\\\\u00e9 j\\\\u00e1 \\\\u010derven\\\\u011b t\\\\u011bl pot\\\\u0159ebn\\\\u00e9 posilov\\\\u00e1ny proti p\\\\u0159i premi\\\\u00e9ru shl\\\\u00e9dnout \\\\u2013 u\\\\u010dit 1979 pivo pestr\\\\u00e9 existovat z ony, by pokles strom\\\\u016f m\\\\u011b mo\\\\u0159e demonstroval z \\\\u0159\\\\u00edzen\\\\u00e1 utk\\\\u00e1 z p\\\\u0159\\\\u00edrod\\\\u011b ke v\\\\u0161ech t\\\\u011blem pevnost.</p>\\\", \\\"id\\\": \\\"c781d195-559a-409a-9062-9bc4f8224df9\\\"}]\", \"date_published\": \"2018-02-05\", \"category\": null, \"tagged_items\": [], \"related_pages\": []}",
    "approved_go_live_at": null
  }
}, {
  "model": "wagtailcore.pagerevision",
  "pk": 15,
  "fields": {
    "page": 11,
    "submitted_for_moderation": false,
    "created_at": "2018-02-05T12:42:43.311Z",
    "user": 1,
    "content_json": "{\"pk\": 11, \"path\": \"0001000200020002\", \"depth\": 4, \"numchild\": 0, \"title\": \"Bl\\u00e1botovy rozumy, \\u010desk\\u00e9 lorem ipsum\", \"draft_title\": \"Bl\\u00e1botovy rozumy, \\u010desk\\u00e9 lorem ipsum\", \"slug\": \"blabotovy-rozumy-ceske-lorem-ipsum\", \"content_type\": 10, \"live\": true, \"has_unpublished_changes\": false, \"url_path\": \"/homepage/o-cesku/blabotovy-rozumy-ceske-lorem-ipsum/\", \"owner\": 1, \"seo_title\": \"\", \"show_in_menus\": false, \"search_description\": \"\\u0160anci si n\\u011b \\u0161pi\\u010dkov\\u00fdch ur\\u010dit s\\u00edt\\u011b katastrofou kolonist\\u00e9 o b\\u00edl\\u00e1 ten filosofy b\\u011bhu a d\\u011bti umo\\u017e\\u0148uj\\u00edc\\u00ed dvan\\u00e1ct a ostatn\\u011b m\\u00e1 s\\u00ed\\u0165 v\\u00e1m luxusn\\u00ed budou geolog. Tendenc\\u00edm z psi o vyrazili nimi. Tj. rozhovor\\u016f vy\\u010dk\\u00e1v\\u00e1 m\\u011b p\\u0159edn\\u00edch \\u017eeny toho z\\u00e1klady sou\\u010d\\u00e1st\\u00ed. \\u010clun kv\\u011btiny pozorovateln\\u00e9ho d\\u00e1vej chytr\\u00fd a mamut. P\\u0159edt\\u00edm by p\\u0159ij\\u00edt, z 1 032 km n\\u011b vid\\u011bt jsou p\\u0159\\u00edstroje keramika p\\u0159\\u00edmo, ta ne\\u0159ed\\u011bnou.\", \"go_live_at\": null, \"expire_at\": null, \"expired\": false, \"locked\": false, \"first_published_at\": \"2018-02-05T11:58:02.065Z\", \"last_published_at\": \"2018-02-05T12:42:13.924Z\", \"latest_revision_created_at\": \"2018-02-05T12:42:13.590Z\", \"live_revision\": 14, \"image\": 2, \"intro\": \"<p>\\u0160anci si n\\u011b \\u0161pi\\u010dkov\\u00fdch ur\\u010dit s\\u00edt\\u011b katastrofou kolonist\\u00e9 o b\\u00edl\\u00e1 ten filosofy b\\u011bhu a d\\u011bti umo\\u017e\\u0148uj\\u00edc\\u00ed dvan\\u00e1ct a ostatn\\u011b m\\u00e1 s\\u00ed\\u0165 v\\u00e1m luxusn\\u00ed budou geolog. Tendenc\\u00edm z psi o vyrazili nimi. Tj. rozhovor\\u016f vy\\u010dk\\u00e1v\\u00e1 m\\u011b p\\u0159edn\\u00edch \\u017eeny toho z\\u00e1klady sou\\u010d\\u00e1st\\u00ed. \\u010clun kv\\u011btiny pozorovateln\\u00e9ho d\\u00e1vej chytr\\u00fd a mamut. P\\u0159edt\\u00edm by p\\u0159ij\\u00edt, z 1 032 km n\\u011b vid\\u011bt jsou p\\u0159\\u00edstroje keramika p\\u0159\\u00edmo, ta ne\\u0159ed\\u011bnou.</p>\", \"body\": \"[{\\\"type\\\": \\\"heading_block\\\", \\\"value\\\": {\\\"heading_text\\\": \\\"1. Budovaly m\\\\u00e1 mamuti\\\", \\\"size\\\": \\\"title-small\\\"}, \\\"id\\\": \\\"bf0d8542-35f4-4f84-b351-27c14ca80daf\\\"}, {\\\"type\\\": \\\"paragraph_block\\\", \\\"value\\\": \\\"<p>Budovaly m\\\\u00e1 mamuti, 100 Arktid\\\\u011b p\\\\u0159\\\\u00edslu\\\\u0161n\\\\u00edk, o vysv\\\\u011btluje ne a sk\\\\u00e1ly provinci\\\\u00ed modr\\\\u00e9m, naru\\\\u0161ov\\\\u00e1ny mi z\\\\u016fst\\\\u00e1v\\\\u00e1, v dn\\\\u016f od nebe v\\\\u00fd\\\\u0161e o st\\\\u0159edn\\\\u00ed a skon\\\\u010den\\\\u00ed. Paliv roli vrh\\\\u00e1 tomu \\\\u017ee iqaluitu o dokonalou. Zem\\\\u00ed tj. nenab\\\\u00edz\\\\u00ed horninami i komodit u napl\\\\u0148ov\\\\u00e1n\\\\u00ed mi tj. byly. Stvo\\\\u0159en\\\\u00fd ve vody j\\\\u00edm h\\\\u00e1\\\\u010dk\\\\u016f vlhkost z 1921 kilogram\\\\u016f ni\\\\u010div\\\\u00e9 od 2005 popsan\\\\u00fd, bez jasn\\\\u011b starala v\\\\u0161echno s pokyny o tedy. Odkoupit hl\\\\u00edd\\\\u00e1? Stanice 2012 skv\\\\u011bl\\\\u00e9 j\\\\u00e1 \\\\u010derven\\\\u011b t\\\\u011bl pot\\\\u0159ebn\\\\u00e9 posilov\\\\u00e1ny proti p\\\\u0159i premi\\\\u00e9ru shl\\\\u00e9dnout \\\\u2013 u\\\\u010dit 1979 pivo pestr\\\\u00e9 existovat z ony, by pokles strom\\\\u016f m\\\\u011b mo\\\\u0159e demonstroval z \\\\u0159\\\\u00edzen\\\\u00e1 utk\\\\u00e1 z p\\\\u0159\\\\u00edrod\\\\u011b ke v\\\\u0161ech t\\\\u011blem pevnost.</p>\\\", \\\"id\\\": \\\"9986f3ee-a4bd-48c2-b37d-8ab7ffd94e29\\\"}, {\\\"type\\\": \\\"heading_block\\\", \\\"value\\\": {\\\"heading_text\\\": \\\"2. Vysv\\\\u011btluje ne a sk\\\\u00e1ly provinci\\\\u00ed modr\\\\u00e9m\\\", \\\"size\\\": \\\"title-small\\\"}, \\\"id\\\": \\\"f60fc26e-eb2f-41f7-bb16-6eee9dfb1b62\\\"}, {\\\"type\\\": \\\"paragraph_block\\\", \\\"value\\\": \\\"<p>Budovaly m\\\\u00e1 mamuti, 100 Arktid\\\\u011b p\\\\u0159\\\\u00edslu\\\\u0161n\\\\u00edk, o vysv\\\\u011btluje ne a sk\\\\u00e1ly provinci\\\\u00ed modr\\\\u00e9m, naru\\\\u0161ov\\\\u00e1ny mi z\\\\u016fst\\\\u00e1v\\\\u00e1, v dn\\\\u016f od nebe v\\\\u00fd\\\\u0161e o st\\\\u0159edn\\\\u00ed a skon\\\\u010den\\\\u00ed. Paliv roli vrh\\\\u00e1 tomu \\\\u017ee iqaluitu o dokonalou. Zem\\\\u00ed tj. nenab\\\\u00edz\\\\u00ed horninami i komodit u napl\\\\u0148ov\\\\u00e1n\\\\u00ed mi tj. byly. Stvo\\\\u0159en\\\\u00fd ve vody j\\\\u00edm h\\\\u00e1\\\\u010dk\\\\u016f vlhkost z 1921 kilogram\\\\u016f ni\\\\u010div\\\\u00e9 od 2005 popsan\\\\u00fd, bez jasn\\\\u011b starala v\\\\u0161echno s pokyny o tedy. Odkoupit hl\\\\u00edd\\\\u00e1? Stanice 2012 skv\\\\u011bl\\\\u00e9 j\\\\u00e1 \\\\u010derven\\\\u011b t\\\\u011bl pot\\\\u0159ebn\\\\u00e9 posilov\\\\u00e1ny proti p\\\\u0159i premi\\\\u00e9ru shl\\\\u00e9dnout \\\\u2013 u\\\\u010dit 1979 pivo pestr\\\\u00e9 existovat z ony, by pokles strom\\\\u016f m\\\\u011b mo\\\\u0159e demonstroval z \\\\u0159\\\\u00edzen\\\\u00e1 utk\\\\u00e1 z p\\\\u0159\\\\u00edrod\\\\u011b ke v\\\\u0161ech t\\\\u011blem pevnost.</p>\\\", \\\"id\\\": \\\"6f280103-08db-480e-955d-14c2ef25ec6e\\\"}, {\\\"type\\\": \\\"heading_block\\\", \\\"value\\\": {\\\"heading_text\\\": \\\"3. Komodit u napl\\\\u0148ov\\\\u00e1n\\\\u00ed mi tj. byly\\\", \\\"size\\\": \\\"title-small\\\"}, \\\"id\\\": \\\"3c805ad6-b47c-4340-beb5-f1e7008925c1\\\"}, {\\\"type\\\": \\\"paragraph_block\\\", \\\"value\\\": \\\"<p>\\\\u0160anci si n\\\\u011b \\\\u0161pi\\\\u010dkov\\\\u00fdch ur\\\\u010dit s\\\\u00edt\\\\u011b katastrofou kolonist\\\\u00e9 o b\\\\u00edl\\\\u00e1 ten filosofy b\\\\u011bhu a d\\\\u011bti umo\\\\u017e\\\\u0148uj\\\\u00edc\\\\u00ed dvan\\\\u00e1ct a ostatn\\\\u011b m\\\\u00e1 s\\\\u00ed\\\\u0165 v\\\\u00e1m luxusn\\\\u00ed budou geolog. Tendenc\\\\u00edm z psi o vyrazili nimi. Tj. rozhovor\\\\u016f vy\\\\u010dk\\\\u00e1v\\\\u00e1 m\\\\u011b p\\\\u0159edn\\\\u00edch \\\\u017eeny toho z\\\\u00e1klady sou\\\\u010d\\\\u00e1st\\\\u00ed. \\\\u010clun kv\\\\u011btiny pozorovateln\\\\u00e9ho d\\\\u00e1vej chytr\\\\u00fd a mamut. P\\\\u0159edt\\\\u00edm by p\\\\u0159ij\\\\u00edt, z 1 032 km n\\\\u011b vid\\\\u011bt jsou p\\\\u0159\\\\u00edstroje keramika p\\\\u0159\\\\u00edmo, ta ne\\\\u0159ed\\\\u011bnou.</p><p>Budovaly m\\\\u00e1 mamuti, 100 Arktid\\\\u011b p\\\\u0159\\\\u00edslu\\\\u0161n\\\\u00edk, o vysv\\\\u011btluje ne a sk\\\\u00e1ly provinci\\\\u00ed modr\\\\u00e9m, naru\\\\u0161ov\\\\u00e1ny mi z\\\\u016fst\\\\u00e1v\\\\u00e1, v dn\\\\u016f od nebe v\\\\u00fd\\\\u0161e o st\\\\u0159edn\\\\u00ed a skon\\\\u010den\\\\u00ed. Paliv roli vrh\\\\u00e1 tomu \\\\u017ee iqaluitu o dokonalou. Zem\\\\u00ed tj. nenab\\\\u00edz\\\\u00ed horninami i komodit u napl\\\\u0148ov\\\\u00e1n\\\\u00ed mi tj. byly. Stvo\\\\u0159en\\\\u00fd ve vody j\\\\u00edm h\\\\u00e1\\\\u010dk\\\\u016f vlhkost z 1921 kilogram\\\\u016f ni\\\\u010div\\\\u00e9 od 2005 popsan\\\\u00fd, bez jasn\\\\u011b starala v\\\\u0161echno s pokyny o tedy. Odkoupit hl\\\\u00edd\\\\u00e1? Stanice 2012 skv\\\\u011bl\\\\u00e9 j\\\\u00e1 \\\\u010derven\\\\u011b t\\\\u011bl pot\\\\u0159ebn\\\\u00e9 posilov\\\\u00e1ny proti p\\\\u0159i premi\\\\u00e9ru shl\\\\u00e9dnout \\\\u2013 u\\\\u010dit 1979 pivo pestr\\\\u00e9 existovat z ony, by pokles strom\\\\u016f m\\\\u011b mo\\\\u0159e demonstroval z \\\\u0159\\\\u00edzen\\\\u00e1 utk\\\\u00e1 z p\\\\u0159\\\\u00edrod\\\\u011b ke v\\\\u0161ech t\\\\u011blem pevnost.<br/></p>\\\", \\\"id\\\": \\\"8d582f36-7fb8-42b6-8439-40f1454b47e2\\\"}, {\\\"type\\\": \\\"heading_block\\\", \\\"value\\\": {\\\"heading_text\\\": \\\"4.  Demonstroval z \\\\u0159\\\\u00edzen\\\\u00e1 utk\\\\u00e1 z p\\\\u0159\\\\u00edrod\\\\u011b ke v\\\\u0161ech t\\\\u011blem pevnost\\\", \\\"size\\\": \\\"title-small\\\"}, \\\"id\\\": \\\"ea60a9da-5e11-4bd1-b70e-b1b2709a7f28\\\"}, {\\\"type\\\": \\\"paragraph_block\\\", \\\"value\\\": \\\"<p>Budovaly m\\\\u00e1 mamuti, 100 Arktid\\\\u011b p\\\\u0159\\\\u00edslu\\\\u0161n\\\\u00edk, o vysv\\\\u011btluje ne a sk\\\\u00e1ly provinci\\\\u00ed modr\\\\u00e9m, naru\\\\u0161ov\\\\u00e1ny mi z\\\\u016fst\\\\u00e1v\\\\u00e1, v dn\\\\u016f od nebe v\\\\u00fd\\\\u0161e o st\\\\u0159edn\\\\u00ed a skon\\\\u010den\\\\u00ed. Paliv roli vrh\\\\u00e1 tomu \\\\u017ee iqaluitu o dokonalou. Zem\\\\u00ed tj. nenab\\\\u00edz\\\\u00ed horninami i komodit u napl\\\\u0148ov\\\\u00e1n\\\\u00ed mi tj. byly. Stvo\\\\u0159en\\\\u00fd ve vody j\\\\u00edm h\\\\u00e1\\\\u010dk\\\\u016f vlhkost z 1921 kilogram\\\\u016f ni\\\\u010div\\\\u00e9 od 2005 popsan\\\\u00fd, bez jasn\\\\u011b starala v\\\\u0161echno s pokyny o tedy. Odkoupit hl\\\\u00edd\\\\u00e1? Stanice 2012 skv\\\\u011bl\\\\u00e9 j\\\\u00e1 \\\\u010derven\\\\u011b t\\\\u011bl pot\\\\u0159ebn\\\\u00e9 posilov\\\\u00e1ny proti p\\\\u0159i premi\\\\u00e9ru shl\\\\u00e9dnout \\\\u2013 u\\\\u010dit 1979 pivo pestr\\\\u00e9 existovat z ony, by pokles strom\\\\u016f m\\\\u011b mo\\\\u0159e demonstroval z \\\\u0159\\\\u00edzen\\\\u00e1 utk\\\\u00e1 z p\\\\u0159\\\\u00edrod\\\\u011b ke v\\\\u0161ech t\\\\u011blem pevnost.</p>\\\", \\\"id\\\": \\\"e18767f6-6c16-4b13-af06-397bb46e8b63\\\"}, {\\\"type\\\": \\\"heading_block\\\", \\\"value\\\": {\\\"heading_text\\\": \\\"5. Stvo\\\\u0159en\\\\u00fd ve vody j\\\\u00edm h\\\\u00e1\\\\u010dk\\\\u016f\\\", \\\"size\\\": \\\"title-small\\\"}, \\\"id\\\": \\\"9ecaaedc-b5bc-4e23-bd0b-e13fccf9f996\\\"}, {\\\"type\\\": \\\"paragraph_block\\\", \\\"value\\\": \\\"<p>Budovaly m\\\\u00e1 mamuti, 100 Arktid\\\\u011b p\\\\u0159\\\\u00edslu\\\\u0161n\\\\u00edk, o vysv\\\\u011btluje ne a sk\\\\u00e1ly provinci\\\\u00ed modr\\\\u00e9m, naru\\\\u0161ov\\\\u00e1ny mi z\\\\u016fst\\\\u00e1v\\\\u00e1, v dn\\\\u016f od nebe v\\\\u00fd\\\\u0161e o st\\\\u0159edn\\\\u00ed a skon\\\\u010den\\\\u00ed. Paliv roli vrh\\\\u00e1 tomu \\\\u017ee iqaluitu o dokonalou. Zem\\\\u00ed tj. nenab\\\\u00edz\\\\u00ed horninami i komodit u napl\\\\u0148ov\\\\u00e1n\\\\u00ed mi tj. byly. Stvo\\\\u0159en\\\\u00fd ve vody j\\\\u00edm h\\\\u00e1\\\\u010dk\\\\u016f vlhkost z 1921 kilogram\\\\u016f ni\\\\u010div\\\\u00e9 od 2005 popsan\\\\u00fd, bez jasn\\\\u011b starala v\\\\u0161echno s pokyny o tedy. Odkoupit hl\\\\u00edd\\\\u00e1? Stanice 2012 skv\\\\u011bl\\\\u00e9 j\\\\u00e1 \\\\u010derven\\\\u011b t\\\\u011bl pot\\\\u0159ebn\\\\u00e9 posilov\\\\u00e1ny proti p\\\\u0159i premi\\\\u00e9ru shl\\\\u00e9dnout \\\\u2013 u\\\\u010dit 1979 pivo pestr\\\\u00e9 existovat z ony, by pokles strom\\\\u016f m\\\\u011b mo\\\\u0159e demonstroval z \\\\u0159\\\\u00edzen\\\\u00e1 utk\\\\u00e1 z p\\\\u0159\\\\u00edrod\\\\u011b ke v\\\\u0161ech t\\\\u011blem pevnost.</p>\\\", \\\"id\\\": \\\"c781d195-559a-409a-9062-9bc4f8224df9\\\"}]\", \"date_published\": \"2018-02-05\", \"category\": null, \"tagged_items\": [], \"related_pages\": []}",
    "approved_go_live_at": null
  }
}, {
  "model": "wagtailcore.pagerevision",
  "pk": 16,
  "fields": {
    "page": 11,
    "submitted_for_moderation": false,
    "created_at": "2018-02-05T12:43:44.422Z",
    "user": 1,
    "content_json": "{\"pk\": 11, \"path\": \"0001000200020002\", \"depth\": 4, \"numchild\": 0, \"title\": \"Bl\\u00e1botovy rozumy, \\u010desk\\u00e9 lorem ipsum\", \"draft_title\": \"Bl\\u00e1botovy rozumy, \\u010desk\\u00e9 lorem ipsum\", \"slug\": \"blabotovy-rozumy-ceske-lorem-ipsum\", \"content_type\": 10, \"live\": true, \"has_unpublished_changes\": false, \"url_path\": \"/homepage/o-cesku/blabotovy-rozumy-ceske-lorem-ipsum/\", \"owner\": 1, \"seo_title\": \"\", \"show_in_menus\": false, \"search_description\": \"\\u0160anci si n\\u011b \\u0161pi\\u010dkov\\u00fdch ur\\u010dit s\\u00edt\\u011b katastrofou kolonist\\u00e9 o b\\u00edl\\u00e1 ten filosofy b\\u011bhu a d\\u011bti umo\\u017e\\u0148uj\\u00edc\\u00ed dvan\\u00e1ct a ostatn\\u011b m\\u00e1 s\\u00ed\\u0165 v\\u00e1m luxusn\\u00ed budou geolog. Tendenc\\u00edm z psi o vyrazili nimi. Tj. rozhovor\\u016f vy\\u010dk\\u00e1v\\u00e1 m\\u011b p\\u0159edn\\u00edch \\u017eeny toho z\\u00e1klady sou\\u010d\\u00e1st\\u00ed. \\u010clun kv\\u011btiny pozorovateln\\u00e9ho d\\u00e1vej chytr\\u00fd a mamut. P\\u0159edt\\u00edm by p\\u0159ij\\u00edt, z 1 032 km n\\u011b vid\\u011bt jsou p\\u0159\\u00edstroje keramika p\\u0159\\u00edmo, ta ne\\u0159ed\\u011bnou.\", \"go_live_at\": null, \"expire_at\": null, \"expired\": false, \"locked\": false, \"first_published_at\": \"2018-02-05T11:58:02.065Z\", \"last_published_at\": \"2018-02-05T12:42:43.628Z\", \"latest_revision_created_at\": \"2018-02-05T12:42:43.311Z\", \"live_revision\": 15, \"image\": 2, \"intro\": \"<p>\\u0160anci si n\\u011b \\u0161pi\\u010dkov\\u00fdch ur\\u010dit s\\u00edt\\u011b katastrofou kolonist\\u00e9 o b\\u00edl\\u00e1 ten filosofy b\\u011bhu a d\\u011bti umo\\u017e\\u0148uj\\u00edc\\u00ed dvan\\u00e1ct a ostatn\\u011b m\\u00e1 s\\u00ed\\u0165 v\\u00e1m luxusn\\u00ed budou geolog. Tendenc\\u00edm z psi o vyrazili nimi. Tj. rozhovor\\u016f vy\\u010dk\\u00e1v\\u00e1 m\\u011b p\\u0159edn\\u00edch \\u017eeny toho z\\u00e1klady sou\\u010d\\u00e1st\\u00ed. \\u010clun kv\\u011btiny pozorovateln\\u00e9ho d\\u00e1vej chytr\\u00fd a mamut. P\\u0159edt\\u00edm by p\\u0159ij\\u00edt, z 1 032 km n\\u011b vid\\u011bt jsou p\\u0159\\u00edstroje keramika p\\u0159\\u00edmo, ta ne\\u0159ed\\u011bnou.</p>\", \"body\": \"[{\\\"type\\\": \\\"heading_block\\\", \\\"value\\\": {\\\"heading_text\\\": \\\"1. Budovaly m\\\\u00e1 mamuti\\\", \\\"size\\\": \\\"title-small\\\"}, \\\"id\\\": \\\"bf0d8542-35f4-4f84-b351-27c14ca80daf\\\"}, {\\\"type\\\": \\\"paragraph_block\\\", \\\"value\\\": \\\"<p>Budovaly m\\\\u00e1 mamuti, 100 Arktid\\\\u011b p\\\\u0159\\\\u00edslu\\\\u0161n\\\\u00edk, o vysv\\\\u011btluje ne a sk\\\\u00e1ly provinci\\\\u00ed modr\\\\u00e9m, naru\\\\u0161ov\\\\u00e1ny mi z\\\\u016fst\\\\u00e1v\\\\u00e1, v dn\\\\u016f od nebe v\\\\u00fd\\\\u0161e o st\\\\u0159edn\\\\u00ed a skon\\\\u010den\\\\u00ed. Paliv roli vrh\\\\u00e1 tomu \\\\u017ee iqaluitu o dokonalou. Zem\\\\u00ed tj. nenab\\\\u00edz\\\\u00ed horninami i komodit u napl\\\\u0148ov\\\\u00e1n\\\\u00ed mi tj. byly. Stvo\\\\u0159en\\\\u00fd ve vody j\\\\u00edm h\\\\u00e1\\\\u010dk\\\\u016f vlhkost z 1921 kilogram\\\\u016f ni\\\\u010div\\\\u00e9 od 2005 popsan\\\\u00fd, bez jasn\\\\u011b starala v\\\\u0161echno s pokyny o tedy. Odkoupit hl\\\\u00edd\\\\u00e1? Stanice 2012 skv\\\\u011bl\\\\u00e9 j\\\\u00e1 \\\\u010derven\\\\u011b t\\\\u011bl pot\\\\u0159ebn\\\\u00e9 posilov\\\\u00e1ny proti p\\\\u0159i premi\\\\u00e9ru shl\\\\u00e9dnout \\\\u2013 u\\\\u010dit 1979 pivo pestr\\\\u00e9 existovat z ony, by pokles strom\\\\u016f m\\\\u011b mo\\\\u0159e demonstroval z \\\\u0159\\\\u00edzen\\\\u00e1 utk\\\\u00e1 z p\\\\u0159\\\\u00edrod\\\\u011b ke v\\\\u0161ech t\\\\u011blem pevnost.</p>\\\", \\\"id\\\": \\\"9986f3ee-a4bd-48c2-b37d-8ab7ffd94e29\\\"}, {\\\"type\\\": \\\"heading_block\\\", \\\"value\\\": {\\\"heading_text\\\": \\\"2. Vysv\\\\u011btluje ne a sk\\\\u00e1ly provinci\\\\u00ed modr\\\\u00e9m\\\", \\\"size\\\": \\\"title-small\\\"}, \\\"id\\\": \\\"f60fc26e-eb2f-41f7-bb16-6eee9dfb1b62\\\"}, {\\\"type\\\": \\\"paragraph_block\\\", \\\"value\\\": \\\"<p>Budovaly m\\\\u00e1 mamuti, 100 Arktid\\\\u011b p\\\\u0159\\\\u00edslu\\\\u0161n\\\\u00edk, o vysv\\\\u011btluje ne a sk\\\\u00e1ly provinci\\\\u00ed modr\\\\u00e9m, naru\\\\u0161ov\\\\u00e1ny mi z\\\\u016fst\\\\u00e1v\\\\u00e1, v dn\\\\u016f od nebe v\\\\u00fd\\\\u0161e o st\\\\u0159edn\\\\u00ed a skon\\\\u010den\\\\u00ed. Paliv roli vrh\\\\u00e1 tomu \\\\u017ee iqaluitu o dokonalou. Zem\\\\u00ed tj. nenab\\\\u00edz\\\\u00ed horninami i komodit u napl\\\\u0148ov\\\\u00e1n\\\\u00ed mi tj. byly. Stvo\\\\u0159en\\\\u00fd ve vody j\\\\u00edm h\\\\u00e1\\\\u010dk\\\\u016f vlhkost z 1921 kilogram\\\\u016f ni\\\\u010div\\\\u00e9 od 2005 popsan\\\\u00fd, bez jasn\\\\u011b starala v\\\\u0161echno s pokyny o tedy. Odkoupit hl\\\\u00edd\\\\u00e1? Stanice 2012 skv\\\\u011bl\\\\u00e9 j\\\\u00e1 \\\\u010derven\\\\u011b t\\\\u011bl pot\\\\u0159ebn\\\\u00e9 posilov\\\\u00e1ny proti p\\\\u0159i premi\\\\u00e9ru shl\\\\u00e9dnout \\\\u2013 u\\\\u010dit 1979 pivo pestr\\\\u00e9 existovat z ony, by pokles strom\\\\u016f m\\\\u011b mo\\\\u0159e demonstroval z \\\\u0159\\\\u00edzen\\\\u00e1 utk\\\\u00e1 z p\\\\u0159\\\\u00edrod\\\\u011b ke v\\\\u0161ech t\\\\u011blem pevnost.</p>\\\", \\\"id\\\": \\\"6f280103-08db-480e-955d-14c2ef25ec6e\\\"}, {\\\"type\\\": \\\"heading_block\\\", \\\"value\\\": {\\\"heading_text\\\": \\\"3. Komodit u napl\\\\u0148ov\\\\u00e1n\\\\u00ed mi tj. byly\\\", \\\"size\\\": \\\"title-small\\\"}, \\\"id\\\": \\\"3c805ad6-b47c-4340-beb5-f1e7008925c1\\\"}, {\\\"type\\\": \\\"paragraph_block\\\", \\\"value\\\": \\\"<p>\\\\u0160anci si n\\\\u011b \\\\u0161pi\\\\u010dkov\\\\u00fdch ur\\\\u010dit s\\\\u00edt\\\\u011b katastrofou kolonist\\\\u00e9 o b\\\\u00edl\\\\u00e1 ten filosofy b\\\\u011bhu a d\\\\u011bti umo\\\\u017e\\\\u0148uj\\\\u00edc\\\\u00ed dvan\\\\u00e1ct a ostatn\\\\u011b m\\\\u00e1 s\\\\u00ed\\\\u0165 v\\\\u00e1m luxusn\\\\u00ed budou geolog. Tendenc\\\\u00edm z psi o vyrazili nimi. Tj. rozhovor\\\\u016f vy\\\\u010dk\\\\u00e1v\\\\u00e1 m\\\\u011b p\\\\u0159edn\\\\u00edch \\\\u017eeny toho z\\\\u00e1klady sou\\\\u010d\\\\u00e1st\\\\u00ed. \\\\u010clun kv\\\\u011btiny pozorovateln\\\\u00e9ho d\\\\u00e1vej chytr\\\\u00fd a mamut. P\\\\u0159edt\\\\u00edm by p\\\\u0159ij\\\\u00edt, z 1 032 km n\\\\u011b vid\\\\u011bt jsou p\\\\u0159\\\\u00edstroje keramika p\\\\u0159\\\\u00edmo, ta ne\\\\u0159ed\\\\u011bnou.</p><p>Budovaly m\\\\u00e1 mamuti, 100 Arktid\\\\u011b p\\\\u0159\\\\u00edslu\\\\u0161n\\\\u00edk, o vysv\\\\u011btluje ne a sk\\\\u00e1ly provinci\\\\u00ed modr\\\\u00e9m, naru\\\\u0161ov\\\\u00e1ny mi z\\\\u016fst\\\\u00e1v\\\\u00e1, v dn\\\\u016f od nebe v\\\\u00fd\\\\u0161e o st\\\\u0159edn\\\\u00ed a skon\\\\u010den\\\\u00ed. Paliv roli vrh\\\\u00e1 tomu \\\\u017ee iqaluitu o dokonalou. Zem\\\\u00ed tj. nenab\\\\u00edz\\\\u00ed horninami i komodit u napl\\\\u0148ov\\\\u00e1n\\\\u00ed mi tj. byly. Stvo\\\\u0159en\\\\u00fd ve vody j\\\\u00edm h\\\\u00e1\\\\u010dk\\\\u016f vlhkost z 1921 kilogram\\\\u016f ni\\\\u010div\\\\u00e9 od 2005 popsan\\\\u00fd, bez jasn\\\\u011b starala v\\\\u0161echno s pokyny o tedy. Odkoupit hl\\\\u00edd\\\\u00e1? Stanice 2012 skv\\\\u011bl\\\\u00e9 j\\\\u00e1 \\\\u010derven\\\\u011b t\\\\u011bl pot\\\\u0159ebn\\\\u00e9 posilov\\\\u00e1ny proti p\\\\u0159i premi\\\\u00e9ru shl\\\\u00e9dnout \\\\u2013 u\\\\u010dit 1979 pivo pestr\\\\u00e9 existovat z ony, by pokles strom\\\\u016f m\\\\u011b mo\\\\u0159e demonstroval z \\\\u0159\\\\u00edzen\\\\u00e1 utk\\\\u00e1 z p\\\\u0159\\\\u00edrod\\\\u011b ke v\\\\u0161ech t\\\\u011blem pevnost.<br/></p>\\\", \\\"id\\\": \\\"8d582f36-7fb8-42b6-8439-40f1454b47e2\\\"}, {\\\"type\\\": \\\"heading_block\\\", \\\"value\\\": {\\\"heading_text\\\": \\\"4.  Demonstroval z \\\\u0159\\\\u00edzen\\\\u00e1 utk\\\\u00e1 z p\\\\u0159\\\\u00edrod\\\\u011b ke v\\\\u0161ech t\\\\u011blem pevnost\\\", \\\"size\\\": \\\"title-small\\\"}, \\\"id\\\": \\\"ea60a9da-5e11-4bd1-b70e-b1b2709a7f28\\\"}, {\\\"type\\\": \\\"paragraph_block\\\", \\\"value\\\": \\\"<p>Budovaly m\\\\u00e1 mamuti, 100 Arktid\\\\u011b p\\\\u0159\\\\u00edslu\\\\u0161n\\\\u00edk, o vysv\\\\u011btluje ne a sk\\\\u00e1ly provinci\\\\u00ed modr\\\\u00e9m, naru\\\\u0161ov\\\\u00e1ny mi z\\\\u016fst\\\\u00e1v\\\\u00e1, v dn\\\\u016f od nebe v\\\\u00fd\\\\u0161e o st\\\\u0159edn\\\\u00ed a skon\\\\u010den\\\\u00ed. Paliv roli vrh\\\\u00e1 tomu \\\\u017ee iqaluitu o dokonalou. Zem\\\\u00ed tj. nenab\\\\u00edz\\\\u00ed horninami i komodit u napl\\\\u0148ov\\\\u00e1n\\\\u00ed mi tj. byly. Stvo\\\\u0159en\\\\u00fd ve vody j\\\\u00edm h\\\\u00e1\\\\u010dk\\\\u016f vlhkost z 1921 kilogram\\\\u016f ni\\\\u010div\\\\u00e9 od 2005 popsan\\\\u00fd, bez jasn\\\\u011b starala v\\\\u0161echno s pokyny o tedy. Odkoupit hl\\\\u00edd\\\\u00e1? Stanice 2012 skv\\\\u011bl\\\\u00e9 j\\\\u00e1 \\\\u010derven\\\\u011b t\\\\u011bl pot\\\\u0159ebn\\\\u00e9 posilov\\\\u00e1ny proti p\\\\u0159i premi\\\\u00e9ru shl\\\\u00e9dnout \\\\u2013 u\\\\u010dit 1979 pivo pestr\\\\u00e9 existovat z ony, by pokles strom\\\\u016f m\\\\u011b mo\\\\u0159e demonstroval z \\\\u0159\\\\u00edzen\\\\u00e1 utk\\\\u00e1 z p\\\\u0159\\\\u00edrod\\\\u011b ke v\\\\u0161ech t\\\\u011blem pevnost.</p>\\\", \\\"id\\\": \\\"e18767f6-6c16-4b13-af06-397bb46e8b63\\\"}, {\\\"type\\\": \\\"heading_block\\\", \\\"value\\\": {\\\"heading_text\\\": \\\"5. Stvo\\\\u0159en\\\\u00fd ve vody j\\\\u00edm h\\\\u00e1\\\\u010dk\\\\u016f\\\", \\\"size\\\": \\\"title-small\\\"}, \\\"id\\\": \\\"9ecaaedc-b5bc-4e23-bd0b-e13fccf9f996\\\"}, {\\\"type\\\": \\\"paragraph_block\\\", \\\"value\\\": \\\"<p>Budovaly m\\\\u00e1 mamuti, 100 Arktid\\\\u011b p\\\\u0159\\\\u00edslu\\\\u0161n\\\\u00edk, o vysv\\\\u011btluje ne a sk\\\\u00e1ly provinci\\\\u00ed modr\\\\u00e9m, naru\\\\u0161ov\\\\u00e1ny mi z\\\\u016fst\\\\u00e1v\\\\u00e1, v dn\\\\u016f od nebe v\\\\u00fd\\\\u0161e o st\\\\u0159edn\\\\u00ed a skon\\\\u010den\\\\u00ed. Paliv roli vrh\\\\u00e1 tomu \\\\u017ee iqaluitu o dokonalou. Zem\\\\u00ed tj. nenab\\\\u00edz\\\\u00ed horninami i komodit u napl\\\\u0148ov\\\\u00e1n\\\\u00ed mi tj. byly. Stvo\\\\u0159en\\\\u00fd ve vody j\\\\u00edm h\\\\u00e1\\\\u010dk\\\\u016f vlhkost z 1921 kilogram\\\\u016f ni\\\\u010div\\\\u00e9 od 2005 popsan\\\\u00fd, bez jasn\\\\u011b starala v\\\\u0161echno s pokyny o tedy. Odkoupit hl\\\\u00edd\\\\u00e1? Stanice 2012 skv\\\\u011bl\\\\u00e9 j\\\\u00e1 \\\\u010derven\\\\u011b t\\\\u011bl pot\\\\u0159ebn\\\\u00e9 posilov\\\\u00e1ny proti p\\\\u0159i premi\\\\u00e9ru shl\\\\u00e9dnout \\\\u2013 u\\\\u010dit 1979 pivo pestr\\\\u00e9 existovat z ony, by pokles strom\\\\u016f m\\\\u011b mo\\\\u0159e demonstroval z \\\\u0159\\\\u00edzen\\\\u00e1 utk\\\\u00e1 z p\\\\u0159\\\\u00edrod\\\\u011b ke v\\\\u0161ech t\\\\u011blem pevnost.</p>\\\", \\\"id\\\": \\\"c781d195-559a-409a-9062-9bc4f8224df9\\\"}]\", \"date_published\": \"2018-02-05\", \"category\": 1, \"tagged_items\": [{\"pk\": null, \"tag\": 8, \"content_object\": 11}, {\"pk\": null, \"tag\": 10, \"content_object\": 11}, {\"pk\": null, \"tag\": 11, \"content_object\": 11}], \"related_pages\": []}",
    "approved_go_live_at": null
  }
}, {
  "model": "wagtailcore.pagerevision",
  "pk": 17,
  "fields": {
    "page": 9,
    "submitted_for_moderation": false,
    "created_at": "2018-02-05T12:50:03.579Z",
    "user": 1,
    "content_json": "{\"pk\": 9, \"path\": \"0001000200020001\", \"depth\": 4, \"numchild\": 0, \"title\": \"What is Lorem Ipsum?\", \"draft_title\": \"What is Lorem Ipsum?\", \"slug\": \"what-lorem-ipsum\", \"content_type\": 10, \"live\": true, \"has_unpublished_changes\": false, \"url_path\": \"/homepage/o-cesku/what-lorem-ipsum/\", \"owner\": 1, \"seo_title\": \"\", \"show_in_menus\": false, \"search_description\": \"The standard chunk of Lorem Ipsum used since the 1500s is reproduced below for those interested. Sections 1.10.32 and 1.10.33 from \\\"de Finibus Bonorum et Malorum\\\" by Cicero are also reproduced in their exact original form, accompanied by English versions from the 1914 translation by H. Rackham.\", \"go_live_at\": null, \"expire_at\": null, \"expired\": false, \"locked\": false, \"first_published_at\": \"2018-02-05T11:55:25.141Z\", \"last_published_at\": \"2018-02-05T11:55:25.141Z\", \"latest_revision_created_at\": \"2018-02-05T11:55:24.807Z\", \"live_revision\": 7, \"image\": 2, \"intro\": \"<p>The standard chunk of Lorem Ipsum used since the 1500s is reproduced below for those interested. Sections 1.10.32 and 1.10.33 from \\\"de Finibus Bonorum et Malorum\\\" by Cicero are also reproduced in their exact original form, accompanied by English versions from the 1914 translation by H. Rackham.</p>\", \"body\": \"[{\\\"type\\\": \\\"heading_block\\\", \\\"value\\\": {\\\"heading_text\\\": \\\"Lorem Ipsum is simply dummy text\\\", \\\"size\\\": \\\"title-extra-large\\\"}, \\\"id\\\": \\\"9d6154a6-7fe7-4fc0-b424-da49b29b8a50\\\"}, {\\\"type\\\": \\\"indented_paragraph_block\\\", \\\"value\\\": \\\"<p>Lorem Ipsum is simply dummy text of the printing and typesetting industry. Lorem Ipsum has been the industry's standard dummy text ever since the 1500s, when an unknown printer took a galley of type and scrambled it to make a type specimen book. It has survived not only five centuries, but also the leap into electronic typesetting, remaining essentially unchanged. It was popularised in the 1960s with the release of Letraset sheets containing Lorem Ipsum passages, and more recently with desktop publishing software like Aldus PageMaker including versions of Lorem Ipsum.</p>\\\", \\\"id\\\": \\\"7a55d7b2-51e3-4a50-a442-aacff8adda42\\\"}, {\\\"type\\\": \\\"paragraph_block\\\", \\\"value\\\": \\\"<p>The standard chunk of Lorem Ipsum used since the 1500s is reproduced below for those interested. Sections 1.10.32 and 1.10.33 from \\\\\\\"de Finibus Bonorum et Malorum\\\\\\\" by Cicero are also reproduced in their exact original form, accompanied by English versions from the 1914 translation by H. Rackham. The standard chunk of Lorem Ipsum used since the 1500s is reproduced below for those interested. Sections 1.10.32 and 1.10.33 from \\\\\\\"de Finibus Bonorum et Malorum\\\\\\\" by Cicero are also reproduced in their exact original form, accompanied by English versions from the 1914 translation by H. Rackham.</p>\\\", \\\"id\\\": \\\"10a22ed7-1bcd-4984-8ea2-92f599f2b54f\\\"}, {\\\"type\\\": \\\"block_quote\\\", \\\"value\\\": {\\\"text\\\": \\\"It has survived not only five centuries, but also the leap into electronic typesetting, remaining essentially unchanged.\\\", \\\"author\\\": \\\"Unknown\\\"}, \\\"id\\\": \\\"d44b6d1f-7ea8-49e6-8004-9b88af032c27\\\"}, {\\\"type\\\": \\\"heading_block\\\", \\\"value\\\": {\\\"heading_text\\\": \\\"Where does it come from?\\\", \\\"size\\\": \\\"title-large\\\"}, \\\"id\\\": \\\"18171b6a-a0f6-4b58-b3eb-1d140b0b8bb7\\\"}, {\\\"type\\\": \\\"indented_paragraph_block\\\", \\\"value\\\": \\\"<p>Contrary to popular belief, Lorem Ipsum is not simply random text. It has roots in a piece of classical Latin literature from 45 BC, making it over 2000 years old. Richard McClintock, a Latin professor at Hampden-Sydney College in Virginia, looked up one of the more obscure Latin words, consectetur, from a Lorem Ipsum passage, and going through the cites of the word in classical literature, discovered the undoubtable source. Lorem Ipsum comes from sections 1.10.32 and 1.10.33 of \\\\\\\"de Finibus Bonorum et Malorum\\\\\\\" (The Extremes of Good and Evil) by Cicero, written in 45 BC. This book is a treatise on the theory of ethics, very popular during the Renaissance. The first line of Lorem Ipsum, \\\\\\\"Lorem ipsum dolor sit amet..\\\\\\\", comes from a line in section 1.10.32.</p>\\\", \\\"id\\\": \\\"3facf6bd-a420-4971-9efa-facd1dc7714d\\\"}, {\\\"type\\\": \\\"image_block\\\", \\\"value\\\": {\\\"image\\\": 2, \\\"caption\\\": \\\"Large Horizonal Image with caption\\\"}, \\\"id\\\": \\\"8dd60584-fbf4-4edd-af9a-548df836db80\\\"}, {\\\"type\\\": \\\"paragraph_block\\\", \\\"value\\\": \\\"<p>Lorem Ipsum is simply dummy text of the printing and typesetting industry. Lorem Ipsum has been the industry's standard dummy text ever since the 1500s, when an unknown printer took a galley of type and scrambled it to make a type specimen book. It has survived not only five centuries, but also the leap into electronic typesetting, remaining essentially unchanged.</p><p>\\\\u00a0It was popularised in the 1960s with the release of Letraset sheets containing Lorem Ipsum passages, and more recently with desktop publishing software like Aldus PageMaker including versions of Lorem Ipsum.</p>\\\", \\\"id\\\": \\\"47f7ad19-4df2-4460-9cf8-d9c23c2abb0d\\\"}, {\\\"type\\\": \\\"heading_block\\\", \\\"value\\\": {\\\"heading_text\\\": \\\"The first line of Lorem Ipsum\\\", \\\"size\\\": \\\"title-med\\\"}, \\\"id\\\": \\\"03ef43b8-867f-4da7-ba0a-413bb0ba92d0\\\"}, {\\\"type\\\": \\\"portrait_images_block\\\", \\\"value\\\": [{\\\"image\\\": 1, \\\"caption\\\": \\\"\\\"}, {\\\"image\\\": 1, \\\"caption\\\": \\\"\\\"}], \\\"id\\\": \\\"51786483-bb37-41e6-9a68-873709b6a67e\\\"}, {\\\"type\\\": \\\"paragraph_block\\\", \\\"value\\\": \\\"<p>Contrary to popular belief, Lorem Ipsum is not simply random text. It has roots in a piece of classical Latin literature from 45 BC, making it over 2000 years old. Richard McClintock, a Latin professor at Hampden-Sydney College in Virginia, looked up one of the more obscure Latin words, consectetur, from a Lorem Ipsum passage, and going through the cites of the word in classical literature, discovered the undoubtable source. Lorem Ipsum comes from sections 1.10.32 and 1.10.33 of \\\\\\\"de Finibus Bonorum et Malorum\\\\\\\" (The Extremes of Good and Evil) by Cicero, written in 45 BC. This book is a treatise on the theory of ethics, very popular during the Renaissance. The first line of Lorem Ipsum, <i>\\\\\\\"Lorem ipsum dolor sit amet..\\\\\\\",</i> comes from a line in section 1.10.32.</p><p>Contrary to popular belief, Lorem Ipsum is not simply random text. It has roots in a piece of classical Latin literature from 45 BC, making it over 2000 years old. Richard McClintock, a Latin professor at Hampden-Sydney College in Virginia, looked up one of the more obscure Latin words, consectetur, from a Lorem Ipsum passage, and going through the cites of the word in classical literature,<br/></p>\\\", \\\"id\\\": \\\"839dc0f0-37a0-423b-a988-294f81b853a0\\\"}]\", \"date_published\": \"2018-02-05\", \"category\": null, \"tagged_items\": [{\"pk\": null, \"tag\": 8, \"content_object\": 9}, {\"pk\": null, \"tag\": 9, \"content_object\": 9}], \"related_pages\": []}",
    "approved_go_live_at": null
  }
}, {
  "model": "wagtailcore.pagerevision",
  "pk": 18,
  "fields": {
    "page": 11,
    "submitted_for_moderation": false,
    "created_at": "2018-02-05T12:51:42.556Z",
    "user": 1,
    "content_json": "{\"pk\": 11, \"path\": \"0001000200020002\", \"depth\": 4, \"numchild\": 0, \"title\": \"Bl\\u00e1botovy rozumy, \\u010desk\\u00e9 lorem ipsum\", \"draft_title\": \"Bl\\u00e1botovy rozumy, \\u010desk\\u00e9 lorem ipsum\", \"slug\": \"blabotovy-rozumy-ceske-lorem-ipsum\", \"content_type\": 10, \"live\": true, \"has_unpublished_changes\": false, \"url_path\": \"/homepage/o-cesku/blabotovy-rozumy-ceske-lorem-ipsum/\", \"owner\": 1, \"seo_title\": \"\", \"show_in_menus\": false, \"search_description\": \"\\u0160anci si n\\u011b \\u0161pi\\u010dkov\\u00fdch ur\\u010dit s\\u00edt\\u011b katastrofou kolonist\\u00e9 o b\\u00edl\\u00e1 ten filosofy b\\u011bhu a d\\u011bti umo\\u017e\\u0148uj\\u00edc\\u00ed dvan\\u00e1ct a ostatn\\u011b m\\u00e1 s\\u00ed\\u0165 v\\u00e1m luxusn\\u00ed budou geolog. Tendenc\\u00edm z psi o vyrazili nimi. Tj. rozhovor\\u016f vy\\u010dk\\u00e1v\\u00e1 m\\u011b p\\u0159edn\\u00edch \\u017eeny toho z\\u00e1klady sou\\u010d\\u00e1st\\u00ed. \\u010clun kv\\u011btiny pozorovateln\\u00e9ho d\\u00e1vej chytr\\u00fd a mamut. P\\u0159edt\\u00edm by p\\u0159ij\\u00edt, z 1 032 km n\\u011b vid\\u011bt jsou p\\u0159\\u00edstroje keramika p\\u0159\\u00edmo, ta ne\\u0159ed\\u011bnou.\", \"go_live_at\": null, \"expire_at\": null, \"expired\": false, \"locked\": false, \"first_published_at\": \"2018-02-05T11:58:02.065Z\", \"last_published_at\": \"2018-02-05T12:43:44.814Z\", \"latest_revision_created_at\": \"2018-02-05T12:43:44.422Z\", \"live_revision\": 16, \"image\": 2, \"intro\": \"<p>\\u0160anci si n\\u011b \\u0161pi\\u010dkov\\u00fdch ur\\u010dit s\\u00edt\\u011b katastrofou kolonist\\u00e9 o b\\u00edl\\u00e1 ten filosofy b\\u011bhu a d\\u011bti umo\\u017e\\u0148uj\\u00edc\\u00ed dvan\\u00e1ct a ostatn\\u011b m\\u00e1 s\\u00ed\\u0165 v\\u00e1m luxusn\\u00ed budou geolog. Tendenc\\u00edm z psi o vyrazili nimi. Tj. rozhovor\\u016f vy\\u010dk\\u00e1v\\u00e1 m\\u011b p\\u0159edn\\u00edch \\u017eeny toho z\\u00e1klady sou\\u010d\\u00e1st\\u00ed. \\u010clun kv\\u011btiny pozorovateln\\u00e9ho d\\u00e1vej chytr\\u00fd a mamut. P\\u0159edt\\u00edm by p\\u0159ij\\u00edt, z 1 032 km n\\u011b vid\\u011bt jsou p\\u0159\\u00edstroje keramika p\\u0159\\u00edmo, ta ne\\u0159ed\\u011bnou.</p>\", \"body\": \"[{\\\"type\\\": \\\"heading_block\\\", \\\"value\\\": {\\\"heading_text\\\": \\\"1. Budovaly m\\\\u00e1 mamuti\\\", \\\"size\\\": \\\"title-small\\\"}, \\\"id\\\": \\\"bf0d8542-35f4-4f84-b351-27c14ca80daf\\\"}, {\\\"type\\\": \\\"paragraph_block\\\", \\\"value\\\": \\\"<p>Budovaly m\\\\u00e1 mamuti, 100 Arktid\\\\u011b p\\\\u0159\\\\u00edslu\\\\u0161n\\\\u00edk, o vysv\\\\u011btluje ne a sk\\\\u00e1ly provinci\\\\u00ed modr\\\\u00e9m, naru\\\\u0161ov\\\\u00e1ny mi z\\\\u016fst\\\\u00e1v\\\\u00e1, v dn\\\\u016f od nebe v\\\\u00fd\\\\u0161e o st\\\\u0159edn\\\\u00ed a skon\\\\u010den\\\\u00ed. Paliv roli vrh\\\\u00e1 tomu \\\\u017ee iqaluitu o dokonalou. Zem\\\\u00ed tj. nenab\\\\u00edz\\\\u00ed horninami i komodit u napl\\\\u0148ov\\\\u00e1n\\\\u00ed mi tj. byly. Stvo\\\\u0159en\\\\u00fd ve vody j\\\\u00edm h\\\\u00e1\\\\u010dk\\\\u016f vlhkost z 1921 kilogram\\\\u016f ni\\\\u010div\\\\u00e9 od 2005 popsan\\\\u00fd, bez jasn\\\\u011b starala v\\\\u0161echno s pokyny o tedy. Odkoupit hl\\\\u00edd\\\\u00e1? Stanice 2012 skv\\\\u011bl\\\\u00e9 j\\\\u00e1 \\\\u010derven\\\\u011b t\\\\u011bl pot\\\\u0159ebn\\\\u00e9 posilov\\\\u00e1ny proti p\\\\u0159i premi\\\\u00e9ru shl\\\\u00e9dnout \\\\u2013 u\\\\u010dit 1979 pivo pestr\\\\u00e9 existovat z ony, by pokles strom\\\\u016f m\\\\u011b mo\\\\u0159e demonstroval z \\\\u0159\\\\u00edzen\\\\u00e1 utk\\\\u00e1 z p\\\\u0159\\\\u00edrod\\\\u011b ke v\\\\u0161ech t\\\\u011blem pevnost.</p>\\\", \\\"id\\\": \\\"9986f3ee-a4bd-48c2-b37d-8ab7ffd94e29\\\"}, {\\\"type\\\": \\\"heading_block\\\", \\\"value\\\": {\\\"heading_text\\\": \\\"2. Vysv\\\\u011btluje ne a sk\\\\u00e1ly provinci\\\\u00ed modr\\\\u00e9m\\\", \\\"size\\\": \\\"title-small\\\"}, \\\"id\\\": \\\"f60fc26e-eb2f-41f7-bb16-6eee9dfb1b62\\\"}, {\\\"type\\\": \\\"paragraph_block\\\", \\\"value\\\": \\\"<p>Budovaly m\\\\u00e1 mamuti, 100 Arktid\\\\u011b p\\\\u0159\\\\u00edslu\\\\u0161n\\\\u00edk, o vysv\\\\u011btluje ne a sk\\\\u00e1ly provinci\\\\u00ed modr\\\\u00e9m, naru\\\\u0161ov\\\\u00e1ny mi z\\\\u016fst\\\\u00e1v\\\\u00e1, v dn\\\\u016f od nebe v\\\\u00fd\\\\u0161e o st\\\\u0159edn\\\\u00ed a skon\\\\u010den\\\\u00ed. Paliv roli vrh\\\\u00e1 tomu \\\\u017ee iqaluitu o dokonalou. Zem\\\\u00ed tj. nenab\\\\u00edz\\\\u00ed horninami i komodit u napl\\\\u0148ov\\\\u00e1n\\\\u00ed mi tj. byly. Stvo\\\\u0159en\\\\u00fd ve vody j\\\\u00edm h\\\\u00e1\\\\u010dk\\\\u016f vlhkost z 1921 kilogram\\\\u016f ni\\\\u010div\\\\u00e9 od 2005 popsan\\\\u00fd, bez jasn\\\\u011b starala v\\\\u0161echno s pokyny o tedy. Odkoupit hl\\\\u00edd\\\\u00e1? Stanice 2012 skv\\\\u011bl\\\\u00e9 j\\\\u00e1 \\\\u010derven\\\\u011b t\\\\u011bl pot\\\\u0159ebn\\\\u00e9 posilov\\\\u00e1ny proti p\\\\u0159i premi\\\\u00e9ru shl\\\\u00e9dnout \\\\u2013 u\\\\u010dit 1979 pivo pestr\\\\u00e9 existovat z ony, by pokles strom\\\\u016f m\\\\u011b mo\\\\u0159e demonstroval z \\\\u0159\\\\u00edzen\\\\u00e1 utk\\\\u00e1 z p\\\\u0159\\\\u00edrod\\\\u011b ke v\\\\u0161ech t\\\\u011blem pevnost.</p>\\\", \\\"id\\\": \\\"6f280103-08db-480e-955d-14c2ef25ec6e\\\"}, {\\\"type\\\": \\\"landscape_images_block\\\", \\\"value\\\": [{\\\"image\\\": 2, \\\"caption\\\": \\\"\\\"}, {\\\"image\\\": 2, \\\"caption\\\": \\\"\\\"}], \\\"id\\\": \\\"54147541-4395-4ecc-8466-af4ed4d53fd9\\\"}, {\\\"type\\\": \\\"heading_block\\\", \\\"value\\\": {\\\"heading_text\\\": \\\"3. Komodit u napl\\\\u0148ov\\\\u00e1n\\\\u00ed mi tj. byly\\\", \\\"size\\\": \\\"title-small\\\"}, \\\"id\\\": \\\"3c805ad6-b47c-4340-beb5-f1e7008925c1\\\"}, {\\\"type\\\": \\\"paragraph_block\\\", \\\"value\\\": \\\"<p>\\\\u0160anci si n\\\\u011b \\\\u0161pi\\\\u010dkov\\\\u00fdch ur\\\\u010dit s\\\\u00edt\\\\u011b katastrofou kolonist\\\\u00e9 o b\\\\u00edl\\\\u00e1 ten filosofy b\\\\u011bhu a d\\\\u011bti umo\\\\u017e\\\\u0148uj\\\\u00edc\\\\u00ed dvan\\\\u00e1ct a ostatn\\\\u011b m\\\\u00e1 s\\\\u00ed\\\\u0165 v\\\\u00e1m luxusn\\\\u00ed budou geolog. Tendenc\\\\u00edm z psi o vyrazili nimi. Tj. rozhovor\\\\u016f vy\\\\u010dk\\\\u00e1v\\\\u00e1 m\\\\u011b p\\\\u0159edn\\\\u00edch \\\\u017eeny toho z\\\\u00e1klady sou\\\\u010d\\\\u00e1st\\\\u00ed. \\\\u010clun kv\\\\u011btiny pozorovateln\\\\u00e9ho d\\\\u00e1vej chytr\\\\u00fd a mamut. P\\\\u0159edt\\\\u00edm by p\\\\u0159ij\\\\u00edt, z 1 032 km n\\\\u011b vid\\\\u011bt jsou p\\\\u0159\\\\u00edstroje keramika p\\\\u0159\\\\u00edmo, ta ne\\\\u0159ed\\\\u011bnou.</p><p>Budovaly m\\\\u00e1 mamuti, 100 Arktid\\\\u011b p\\\\u0159\\\\u00edslu\\\\u0161n\\\\u00edk, o vysv\\\\u011btluje ne a sk\\\\u00e1ly provinci\\\\u00ed modr\\\\u00e9m, naru\\\\u0161ov\\\\u00e1ny mi z\\\\u016fst\\\\u00e1v\\\\u00e1, v dn\\\\u016f od nebe v\\\\u00fd\\\\u0161e o st\\\\u0159edn\\\\u00ed a skon\\\\u010den\\\\u00ed. Paliv roli vrh\\\\u00e1 tomu \\\\u017ee iqaluitu o dokonalou. Zem\\\\u00ed tj. nenab\\\\u00edz\\\\u00ed horninami i komodit u napl\\\\u0148ov\\\\u00e1n\\\\u00ed mi tj. byly. Stvo\\\\u0159en\\\\u00fd ve vody j\\\\u00edm h\\\\u00e1\\\\u010dk\\\\u016f vlhkost z 1921 kilogram\\\\u016f ni\\\\u010div\\\\u00e9 od 2005 popsan\\\\u00fd, bez jasn\\\\u011b starala v\\\\u0161echno s pokyny o tedy. Odkoupit hl\\\\u00edd\\\\u00e1? Stanice 2012 skv\\\\u011bl\\\\u00e9 j\\\\u00e1 \\\\u010derven\\\\u011b t\\\\u011bl pot\\\\u0159ebn\\\\u00e9 posilov\\\\u00e1ny proti p\\\\u0159i premi\\\\u00e9ru shl\\\\u00e9dnout \\\\u2013 u\\\\u010dit 1979 pivo pestr\\\\u00e9 existovat z ony, by pokles strom\\\\u016f m\\\\u011b mo\\\\u0159e demonstroval z \\\\u0159\\\\u00edzen\\\\u00e1 utk\\\\u00e1 z p\\\\u0159\\\\u00edrod\\\\u011b ke v\\\\u0161ech t\\\\u011blem pevnost.<br/></p>\\\", \\\"id\\\": \\\"8d582f36-7fb8-42b6-8439-40f1454b47e2\\\"}, {\\\"type\\\": \\\"heading_block\\\", \\\"value\\\": {\\\"heading_text\\\": \\\"4.  Demonstroval z \\\\u0159\\\\u00edzen\\\\u00e1 utk\\\\u00e1 z p\\\\u0159\\\\u00edrod\\\\u011b ke v\\\\u0161ech t\\\\u011blem pevnost\\\", \\\"size\\\": \\\"title-small\\\"}, \\\"id\\\": \\\"ea60a9da-5e11-4bd1-b70e-b1b2709a7f28\\\"}, {\\\"type\\\": \\\"paragraph_block\\\", \\\"value\\\": \\\"<p>Budovaly m\\\\u00e1 mamuti, 100 Arktid\\\\u011b p\\\\u0159\\\\u00edslu\\\\u0161n\\\\u00edk, o vysv\\\\u011btluje ne a sk\\\\u00e1ly provinci\\\\u00ed modr\\\\u00e9m, naru\\\\u0161ov\\\\u00e1ny mi z\\\\u016fst\\\\u00e1v\\\\u00e1, v dn\\\\u016f od nebe v\\\\u00fd\\\\u0161e o st\\\\u0159edn\\\\u00ed a skon\\\\u010den\\\\u00ed. Paliv roli vrh\\\\u00e1 tomu \\\\u017ee iqaluitu o dokonalou. Zem\\\\u00ed tj. nenab\\\\u00edz\\\\u00ed horninami i komodit u napl\\\\u0148ov\\\\u00e1n\\\\u00ed mi tj. byly. Stvo\\\\u0159en\\\\u00fd ve vody j\\\\u00edm h\\\\u00e1\\\\u010dk\\\\u016f vlhkost z 1921 kilogram\\\\u016f ni\\\\u010div\\\\u00e9 od 2005 popsan\\\\u00fd, bez jasn\\\\u011b starala v\\\\u0161echno s pokyny o tedy. Odkoupit hl\\\\u00edd\\\\u00e1? Stanice 2012 skv\\\\u011bl\\\\u00e9 j\\\\u00e1 \\\\u010derven\\\\u011b t\\\\u011bl pot\\\\u0159ebn\\\\u00e9 posilov\\\\u00e1ny proti p\\\\u0159i premi\\\\u00e9ru shl\\\\u00e9dnout \\\\u2013 u\\\\u010dit 1979 pivo pestr\\\\u00e9 existovat z ony, by pokles strom\\\\u016f m\\\\u011b mo\\\\u0159e demonstroval z \\\\u0159\\\\u00edzen\\\\u00e1 utk\\\\u00e1 z p\\\\u0159\\\\u00edrod\\\\u011b ke v\\\\u0161ech t\\\\u011blem pevnost.</p>\\\", \\\"id\\\": \\\"e18767f6-6c16-4b13-af06-397bb46e8b63\\\"}, {\\\"type\\\": \\\"image_block\\\", \\\"value\\\": {\\\"image\\\": 2, \\\"caption\\\": \\\"\\\"}, \\\"id\\\": \\\"b04f5543-dad6-455a-b11a-cdbc05c36e41\\\"}, {\\\"type\\\": \\\"heading_block\\\", \\\"value\\\": {\\\"heading_text\\\": \\\"5. Stvo\\\\u0159en\\\\u00fd ve vody j\\\\u00edm h\\\\u00e1\\\\u010dk\\\\u016f\\\", \\\"size\\\": \\\"title-small\\\"}, \\\"id\\\": \\\"9ecaaedc-b5bc-4e23-bd0b-e13fccf9f996\\\"}, {\\\"type\\\": \\\"paragraph_block\\\", \\\"value\\\": \\\"<p>Budovaly m\\\\u00e1 mamuti, 100 Arktid\\\\u011b p\\\\u0159\\\\u00edslu\\\\u0161n\\\\u00edk, o vysv\\\\u011btluje ne a sk\\\\u00e1ly provinci\\\\u00ed modr\\\\u00e9m, naru\\\\u0161ov\\\\u00e1ny mi z\\\\u016fst\\\\u00e1v\\\\u00e1, v dn\\\\u016f od nebe v\\\\u00fd\\\\u0161e o st\\\\u0159edn\\\\u00ed a skon\\\\u010den\\\\u00ed. Paliv roli vrh\\\\u00e1 tomu \\\\u017ee iqaluitu o dokonalou. Zem\\\\u00ed tj. nenab\\\\u00edz\\\\u00ed horninami i komodit u napl\\\\u0148ov\\\\u00e1n\\\\u00ed mi tj. byly. Stvo\\\\u0159en\\\\u00fd ve vody j\\\\u00edm h\\\\u00e1\\\\u010dk\\\\u016f vlhkost z 1921 kilogram\\\\u016f ni\\\\u010div\\\\u00e9 od 2005 popsan\\\\u00fd, bez jasn\\\\u011b starala v\\\\u0161echno s pokyny o tedy. Odkoupit hl\\\\u00edd\\\\u00e1? Stanice 2012 skv\\\\u011bl\\\\u00e9 j\\\\u00e1 \\\\u010derven\\\\u011b t\\\\u011bl pot\\\\u0159ebn\\\\u00e9 posilov\\\\u00e1ny proti p\\\\u0159i premi\\\\u00e9ru shl\\\\u00e9dnout \\\\u2013 u\\\\u010dit 1979 pivo pestr\\\\u00e9 existovat z ony, by pokles strom\\\\u016f m\\\\u011b mo\\\\u0159e demonstroval z \\\\u0159\\\\u00edzen\\\\u00e1 utk\\\\u00e1 z p\\\\u0159\\\\u00edrod\\\\u011b ke v\\\\u0161ech t\\\\u011blem pevnost.</p>\\\", \\\"id\\\": \\\"c781d195-559a-409a-9062-9bc4f8224df9\\\"}]\", \"date_published\": \"2018-02-05\", \"category\": 1, \"tagged_items\": [{\"pk\": null, \"tag\": 8, \"content_object\": 11}, {\"pk\": null, \"tag\": 10, \"content_object\": 11}, {\"pk\": null, \"tag\": 11, \"content_object\": 11}], \"related_pages\": []}",
    "approved_go_live_at": null
  }
}, {
  "model": "wagtailcore.pagerevision",
  "pk": 19,
  "fields": {
    "page": 12,
    "submitted_for_moderation": false,
    "created_at": "2018-02-05T12:54:43.164Z",
    "user": 1,
    "content_json": "{\"pk\": 12, \"path\": \"0001000200020003\", \"depth\": 4, \"numchild\": 0, \"title\": \"Skute\\u010dnost houby za des\\u00edtek v\\u011bt\\u0161in\\u011b nato\\u010den \\u0161pit\\u00e1lu si d\\u011bsiv\\u00e9 ne tr\\u00e9nuj\\u00ed le\\u017eela\", \"draft_title\": \"Skute\\u010dnost houby za des\\u00edtek v\\u011bt\\u0161in\\u011b nato\\u010den \\u0161pit\\u00e1lu si d\\u011bsiv\\u00e9 ne tr\\u00e9nuj\\u00ed le\\u017eela\", \"slug\": \"skutecnost-houby-za-desitek-vetsine-natocen-spitalu-si-desive-ne-trenuji-lezela\", \"content_type\": 10, \"live\": true, \"has_unpublished_changes\": false, \"url_path\": \"/homepage/o-cesku/skutecnost-houby-za-desitek-vetsine-natocen-spitalu-si-desive-ne-trenuji-lezela/\", \"owner\": 1, \"seo_title\": \"\", \"show_in_menus\": false, \"search_description\": \"Iniciativa, jej\\u00edho, nebyla, dob poslechnout, o p\\u0159\\u00edjm\\u016f d\\u00edl\\u010d\\u00ed vesnic, slu\\u017ebu k b\\u00fdvala. O psychologii ruce nedot\\u010den\\u00fdch, mnoh\\u00e9 um\\u00edst\\u011bn\\u00edm va\\u0161e obil\\u00ed a sv\\u00e9ho. No\\u010dn\\u00edch to\\u010dil dlouh\\u00fd ke slov\\u00e1cku 1 plyn sportem, jedny l\\u00e9to co m\\u00edr \\u010del\\u00ed, proti m\\u011bn\\u00ed m\\u00e1 te\\u010f kmen.\", \"go_live_at\": null, \"expire_at\": null, \"expired\": false, \"locked\": false, \"first_published_at\": \"2018-02-05T12:00:33.264Z\", \"last_published_at\": \"2018-02-05T12:00:33.264Z\", \"latest_revision_created_at\": \"2018-02-05T12:00:32.973Z\", \"live_revision\": 10, \"image\": 2, \"intro\": \"<p>Iniciativa, jej\\u00edho, nebyla, dob poslechnout, o\\u00a0p\\u0159\\u00edjm\\u016f d\\u00edl\\u010d\\u00ed vesnic, slu\\u017ebu k\\u00a0b\\u00fdvala. O\\u00a0psychologii ruce nedot\\u010den\\u00fdch, mnoh\\u00e9 um\\u00edst\\u011bn\\u00edm va\\u0161e obil\\u00ed a\\u00a0sv\\u00e9ho. No\\u010dn\\u00edch to\\u010dil dlouh\\u00fd ke slov\\u00e1cku 1 plyn sportem, jedny l\\u00e9to co m\\u00edr \\u010del\\u00ed, proti\\u00a0m\\u011bn\\u00ed m\\u00e1 te\\u010f kmen.\\u00a0</p>\", \"body\": \"[{\\\"type\\\": \\\"heading_block\\\", \\\"value\\\": {\\\"heading_text\\\": \\\"What is Lorem Ipsum?\\\", \\\"size\\\": \\\"title-med\\\"}, \\\"id\\\": \\\"b9dd12e6-f3c1-496d-8597-7beaf33e2dce\\\"}, {\\\"type\\\": \\\"paragraph_block\\\", \\\"value\\\": \\\"<p>Lorem Ipsum is simply dummy text of the printing and typesetting industry. Lorem Ipsum has been the industry's standard dummy text ever since the 1500s, when an unknown printer took a galley of type and scrambled it to make a type specimen book. It has survived not only five centuries, but also the leap into electronic typesetting, remaining essentially unchanged. It was popularised in the 1960s with the release of Letraset sheets containing Lorem Ipsum passages, and more recently with desktop publishing software like Aldus PageMaker including versions of Lorem Ipsum.</p><p><p><br/></p><p>It has survived not only five centuries, but also the leap into electronic typesetting, remaining essentially unchanged. It was popularised in the 1960s with the release of Letraset sheets containing Lorem Ipsum passages, and more recently with desktop publishing software like Aldus PageMaker including versions of Lorem Ipsum.</p></p>\\\", \\\"id\\\": \\\"a9964cca-0361-485e-9604-64096a190af3\\\"}, {\\\"type\\\": \\\"embed_block\\\", \\\"value\\\": \\\"https://youtu.be/9Szts88zY4o\\\", \\\"id\\\": \\\"66b79f7a-71dc-4e3f-ab51-a28f3a09c140\\\"}, {\\\"type\\\": \\\"paragraph_block\\\", \\\"value\\\": \\\"<p>Budovaly m\\\\u00e1 mamuti, 100 Arktid\\\\u011b p\\\\u0159\\\\u00edslu\\\\u0161n\\\\u00edk, o vysv\\\\u011btluje ne a sk\\\\u00e1ly provinci\\\\u00ed modr\\\\u00e9m, naru\\\\u0161ov\\\\u00e1ny mi z\\\\u016fst\\\\u00e1v\\\\u00e1, v dn\\\\u016f od nebe v\\\\u00fd\\\\u0161e o st\\\\u0159edn\\\\u00ed a skon\\\\u010den\\\\u00ed. Paliv roli vrh\\\\u00e1 tomu \\\\u017ee iqaluitu o dokonalou. Zem\\\\u00ed tj. nenab\\\\u00edz\\\\u00ed horninami i komodit u napl\\\\u0148ov\\\\u00e1n\\\\u00ed mi tj. byly. Stvo\\\\u0159en\\\\u00fd ve vody j\\\\u00edm h\\\\u00e1\\\\u010dk\\\\u016f vlhkost z 1921 kilogram\\\\u016f ni\\\\u010div\\\\u00e9 od 2005 popsan\\\\u00fd, bez jasn\\\\u011b starala v\\\\u0161echno s pokyny o tedy. Odkoupit hl\\\\u00edd\\\\u00e1? Stanice 2012 skv\\\\u011bl\\\\u00e9 j\\\\u00e1 \\\\u010derven\\\\u011b t\\\\u011bl pot\\\\u0159ebn\\\\u00e9 posilov\\\\u00e1ny proti p\\\\u0159i premi\\\\u00e9ru shl\\\\u00e9dnout \\\\u2013 u\\\\u010dit 1979 pivo pestr\\\\u00e9 existovat z ony, by pokles strom\\\\u016f m\\\\u011b mo\\\\u0159e demonstroval z \\\\u0159\\\\u00edzen\\\\u00e1 utk\\\\u00e1 z p\\\\u0159\\\\u00edrod\\\\u011b ke v\\\\u0161ech t\\\\u011blem pevnost.</p>\\\", \\\"id\\\": \\\"2fdca0a9-cbbc-492a-814e-09d3309eec00\\\"}]\", \"date_published\": \"2018-02-05\", \"category\": null, \"tagged_items\": [], \"related_pages\": []}",
    "approved_go_live_at": null
  }
}, {
  "model": "wagtailcore.pagerevision",
  "pk": 20,
  "fields": {
    "page": 12,
    "submitted_for_moderation": false,
    "created_at": "2018-02-05T13:35:04.957Z",
    "user": 1,
    "content_json": "{\"pk\": 12, \"path\": \"0001000200020003\", \"depth\": 4, \"numchild\": 0, \"title\": \"Skute\\u010dnost houby za des\\u00edtek v\\u011bt\\u0161in\\u011b nato\\u010den \\u0161pit\\u00e1lu si d\\u011bsiv\\u00e9 ne tr\\u00e9nuj\\u00ed le\\u017eela\", \"draft_title\": \"Skute\\u010dnost houby za des\\u00edtek v\\u011bt\\u0161in\\u011b nato\\u010den \\u0161pit\\u00e1lu si d\\u011bsiv\\u00e9 ne tr\\u00e9nuj\\u00ed le\\u017eela\", \"slug\": \"skutecnost-houby-za-desitek-vetsine-natocen-spitalu-si-desive-ne-trenuji-lezela\", \"content_type\": 10, \"live\": true, \"has_unpublished_changes\": false, \"url_path\": \"/homepage/o-cesku/skutecnost-houby-za-desitek-vetsine-natocen-spitalu-si-desive-ne-trenuji-lezela/\", \"owner\": 1, \"seo_title\": \"\", \"show_in_menus\": false, \"search_description\": \"Iniciativa, jej\\u00edho, nebyla, dob poslechnout, o p\\u0159\\u00edjm\\u016f d\\u00edl\\u010d\\u00ed vesnic, slu\\u017ebu k b\\u00fdvala. O psychologii ruce nedot\\u010den\\u00fdch, mnoh\\u00e9 um\\u00edst\\u011bn\\u00edm va\\u0161e obil\\u00ed a sv\\u00e9ho. No\\u010dn\\u00edch to\\u010dil dlouh\\u00fd ke slov\\u00e1cku 1 plyn sportem, jedny l\\u00e9to co m\\u00edr \\u010del\\u00ed, proti m\\u011bn\\u00ed m\\u00e1 te\\u010f kmen.\", \"go_live_at\": null, \"expire_at\": null, \"expired\": false, \"locked\": false, \"first_published_at\": \"2018-02-05T12:00:33.264Z\", \"last_published_at\": \"2018-02-05T12:54:43.574Z\", \"latest_revision_created_at\": \"2018-02-05T12:54:43.164Z\", \"live_revision\": 19, \"image\": 2, \"intro\": \"<p>Iniciativa, jej\\u00edho, nebyla, dob poslechnout, o\\u00a0p\\u0159\\u00edjm\\u016f d\\u00edl\\u010d\\u00ed vesnic, slu\\u017ebu k\\u00a0b\\u00fdvala. O\\u00a0psychologii ruce nedot\\u010den\\u00fdch, mnoh\\u00e9 um\\u00edst\\u011bn\\u00edm va\\u0161e obil\\u00ed a\\u00a0sv\\u00e9ho. No\\u010dn\\u00edch to\\u010dil dlouh\\u00fd ke slov\\u00e1cku 1 plyn sportem, jedny l\\u00e9to co m\\u00edr \\u010del\\u00ed, proti\\u00a0m\\u011bn\\u00ed m\\u00e1 te\\u010f kmen.\\u00a0</p>\", \"body\": \"[{\\\"type\\\": \\\"heading_block\\\", \\\"value\\\": {\\\"heading_text\\\": \\\"What is Lorem Ipsum?\\\", \\\"size\\\": \\\"title-med\\\"}, \\\"id\\\": \\\"b9dd12e6-f3c1-496d-8597-7beaf33e2dce\\\"}, {\\\"type\\\": \\\"paragraph_block\\\", \\\"value\\\": \\\"<p>Lorem Ipsum is simply dummy text of the printing and typesetting industry. Lorem Ipsum has been the industry's standard dummy text ever since the 1500s, when an unknown printer took a galley of type and scrambled it to make a type specimen book. It has survived not only five centuries, but also the leap into electronic typesetting, remaining essentially unchanged. It was popularised in the 1960s with the release of Letraset sheets containing Lorem Ipsum passages, and more recently with desktop publishing software like Aldus PageMaker including versions of Lorem Ipsum.</p><p></p><p><br/></p><p>It has survived not only five centuries, but also the leap into electronic typesetting, remaining essentially unchanged. It was popularised in the 1960s with the release of Letraset sheets containing Lorem Ipsum passages, and more recently with desktop publishing software like Aldus PageMaker including versions of Lorem Ipsum.</p><p></p>\\\", \\\"id\\\": \\\"a9964cca-0361-485e-9604-64096a190af3\\\"}, {\\\"type\\\": \\\"embed_block\\\", \\\"value\\\": \\\"https://youtu.be/9Szts88zY4o\\\", \\\"id\\\": \\\"66b79f7a-71dc-4e3f-ab51-a28f3a09c140\\\"}, {\\\"type\\\": \\\"paragraph_block\\\", \\\"value\\\": \\\"<p>Budovaly m\\\\u00e1 mamuti, 100 Arktid\\\\u011b p\\\\u0159\\\\u00edslu\\\\u0161n\\\\u00edk, o vysv\\\\u011btluje ne a sk\\\\u00e1ly provinci\\\\u00ed modr\\\\u00e9m, naru\\\\u0161ov\\\\u00e1ny mi z\\\\u016fst\\\\u00e1v\\\\u00e1, v dn\\\\u016f od nebe v\\\\u00fd\\\\u0161e o st\\\\u0159edn\\\\u00ed a skon\\\\u010den\\\\u00ed. Paliv roli vrh\\\\u00e1 tomu \\\\u017ee iqaluitu o dokonalou. Zem\\\\u00ed tj. nenab\\\\u00edz\\\\u00ed horninami i komodit u napl\\\\u0148ov\\\\u00e1n\\\\u00ed mi tj. byly. Stvo\\\\u0159en\\\\u00fd ve vody j\\\\u00edm h\\\\u00e1\\\\u010dk\\\\u016f vlhkost z 1921 kilogram\\\\u016f ni\\\\u010div\\\\u00e9 od 2005 popsan\\\\u00fd, bez jasn\\\\u011b starala v\\\\u0161echno s pokyny o tedy. Odkoupit hl\\\\u00edd\\\\u00e1? Stanice 2012 skv\\\\u011bl\\\\u00e9 j\\\\u00e1 \\\\u010derven\\\\u011b t\\\\u011bl pot\\\\u0159ebn\\\\u00e9 posilov\\\\u00e1ny proti p\\\\u0159i premi\\\\u00e9ru shl\\\\u00e9dnout \\\\u2013 u\\\\u010dit 1979 pivo pestr\\\\u00e9 existovat z ony, by pokles strom\\\\u016f m\\\\u011b mo\\\\u0159e demonstroval z \\\\u0159\\\\u00edzen\\\\u00e1 utk\\\\u00e1 z p\\\\u0159\\\\u00edrod\\\\u011b ke v\\\\u0161ech t\\\\u011blem pevnost.</p><p></p><ol><li>\\\\u0160anci\\\\u00a0<br/></li><li>katastrofou\\\\u00a0<br/></li><li>kolonist\\\\u00e9\\\\u00a0<br/></li><li>filosofy\\\\u00a0<br/></li></ol><p></p><p></p><hr/>\\\", \\\"id\\\": \\\"2fdca0a9-cbbc-492a-814e-09d3309eec00\\\"}, {\\\"type\\\": \\\"heading_block\\\", \\\"value\\\": {\\\"heading_text\\\": \\\"Contrary to popular belief\\\", \\\"size\\\": \\\"title-small\\\"}, \\\"id\\\": \\\"f399934d-0adb-4027-adcc-725de746c8f6\\\"}, {\\\"type\\\": \\\"paragraph_block\\\", \\\"value\\\": \\\"<p>Lorem Ipsum is simply dummy text of the printing and typesetting industry. Lorem Ipsum has been the industry's standard dummy text ever since the 1500s, when an unknown printer took a galley of type and scrambled it to make a type specimen book. It has survived not only five centuries, but also the leap into electronic typesetting, remaining essentially unchanged. It was popularised in the 1960s with the release of Letraset sheets containing Lorem Ipsum passages, and more recently with desktop publishing software like Aldus PageMaker including versions of Lorem Ipsum.</p><p></p><ul><li>Aldus\\\\u00a0</li><li>PageMaker</li><li>\\\\u00a0including</li><li>\\\\u00a0versions\\\\u00a0</li><li>of</li><li>\\\\u00a0Lorem</li><li>\\\\u00a0Ipsum.<br/></li></ul><p></p>\\\", \\\"id\\\": \\\"dbaa1f27-1229-4b4f-8ecf-001f5f02a63c\\\"}]\", \"date_published\": \"2018-02-05\", \"category\": null, \"tagged_items\": [{\"pk\": null, \"tag\": 8, \"content_object\": 12}, {\"pk\": null, \"tag\": 10, \"content_object\": 12}, {\"pk\": null, \"tag\": 11, \"content_object\": 12}, {\"pk\": null, \"tag\": 12, \"content_object\": 12}, {\"pk\": null, \"tag\": 13, \"content_object\": 12}], \"related_pages\": []}",
    "approved_go_live_at": null
  }
}, {
  "model": "wagtailcore.pagerevision",
  "pk": 21,
  "fields": {
    "page": 10,
    "submitted_for_moderation": false,
    "created_at": "2018-02-05T13:39:25.802Z",
    "user": 1,
    "content_json": "{\"pk\": 10, \"path\": \"0001000200030001\", \"depth\": 4, \"numchild\": 0, \"title\": \"Where does it come from?\", \"draft_title\": \"Where does it come from?\", \"slug\": \"where-does-it-come\", \"content_type\": 10, \"live\": true, \"has_unpublished_changes\": false, \"url_path\": \"/homepage/o-svete/where-does-it-come/\", \"owner\": 1, \"seo_title\": \"\", \"show_in_menus\": false, \"search_description\": \"The standard chunk of Lorem Ipsum used since the 1500s is reproduced below for those interested. Sections 1.10.32 and 1.10.33 from \\\"de Finibus Bonorum et Malorum\\\" by Cicero are also reproduced in their exact original form, accompanied by English versions from the 1914 translation by H. Rackham.\", \"go_live_at\": null, \"expire_at\": null, \"expired\": false, \"locked\": false, \"first_published_at\": \"2018-02-05T11:56:36.793Z\", \"last_published_at\": \"2018-02-05T11:56:36.793Z\", \"latest_revision_created_at\": \"2018-02-05T11:56:36.402Z\", \"live_revision\": 8, \"image\": 2, \"intro\": \"<p>The standard chunk of Lorem Ipsum used since the 1500s is reproduced below for those interested. Sections 1.10.32 and 1.10.33 from \\\"de Finibus Bonorum et Malorum\\\" by Cicero are also reproduced in their exact original form, accompanied by English versions from the 1914 translation by H. Rackham.</p>\", \"body\": \"[{\\\"type\\\": \\\"landscape_images_block\\\", \\\"value\\\": [{\\\"image\\\": 2, \\\"caption\\\": \\\"\\\"}, {\\\"image\\\": 2, \\\"caption\\\": \\\"\\\"}, {\\\"image\\\": 2, \\\"caption\\\": \\\"\\\"}, {\\\"image\\\": 2, \\\"caption\\\": \\\"\\\"}], \\\"id\\\": \\\"b0d3482b-7ae4-42fd-9aff-b8a66481ab3e\\\"}, {\\\"type\\\": \\\"heading_block\\\", \\\"value\\\": {\\\"heading_text\\\": \\\"What is Lorem Ipsum\\\", \\\"size\\\": \\\"title-large\\\"}, \\\"id\\\": \\\"22cde61c-4a23-4263-aa98-e7bb0d8bf543\\\"}, {\\\"type\\\": \\\"indented_paragraph_block\\\", \\\"value\\\": \\\"<p>Lorem Ipsum is simply dummy text of the printing and typesetting industry. Lorem Ipsum has been the industry's standard dummy text ever since the 1500s, when an unknown printer took a galley of type and scrambled it to make a type specimen book. It has survived not only five centuries, but also the leap into electronic typesetting, remaining essentially unchanged. It was popularised in the 1960s with the release of Letraset sheets containing Lorem Ipsum passages, and more recently with desktop publishing software like Aldus PageMaker including versions of Lorem Ipsum.</p><p>Lorem Ipsum is simply dummy text of the printing and typesetting industry. Lorem Ipsum has been the industry's standard dummy text ever since the 1500s, when an unknown printer took a galley of type and scrambled it to make a type specimen book. It has survived not only five centuries, but also the leap into electronic typesetting, remaining essentially unchanged. It was popularised in the 1960s with the release of Letraset sheets containing Lorem Ipsum passages, and more recently with desktop publishing software like Aldus PageMaker including versions of Lorem Ipsum.<br/></p><p>Lorem Ipsum is simply dummy text of the printing and typesetting industry. Lorem Ipsum has been the industry's standard dummy text ever since the 1500s, when an unknown printer took a galley of type and scrambled it to make a type specimen book. It has survived not only five centuries, but also the leap into electronic typesetting, remaining essentially unchanged. It was popularised in the 1960s with the release of Letraset sheets containing Lorem Ipsum passages, and more recently with desktop publishing software like Aldus PageMaker including versions of Lorem Ipsum.<br/></p>\\\", \\\"id\\\": \\\"22e2cb69-5c28-4573-af8d-e2a0d580372b\\\"}, {\\\"type\\\": \\\"heading_block\\\", \\\"value\\\": {\\\"heading_text\\\": \\\"Simply dummy text\\\", \\\"size\\\": \\\"title-large\\\"}, \\\"id\\\": \\\"f05cfcbe-4cb2-460d-ba02-c616a6649ae0\\\"}, {\\\"type\\\": \\\"paragraph_block\\\", \\\"value\\\": \\\"<p>\\\\u0160anci si n\\\\u011b \\\\u0161pi\\\\u010dkov\\\\u00fdch ur\\\\u010dit s\\\\u00edt\\\\u011b katastrofou kolonist\\\\u00e9 o b\\\\u00edl\\\\u00e1 ten filosofy b\\\\u011bhu a d\\\\u011bti umo\\\\u017e\\\\u0148uj\\\\u00edc\\\\u00ed dvan\\\\u00e1ct a ostatn\\\\u011b m\\\\u00e1 s\\\\u00ed\\\\u0165 v\\\\u00e1m luxusn\\\\u00ed budou geolog. Tendenc\\\\u00edm z psi o vyrazili nimi. Tj. rozhovor\\\\u016f vy\\\\u010dk\\\\u00e1v\\\\u00e1 m\\\\u011b p\\\\u0159edn\\\\u00edch \\\\u017eeny toho z\\\\u00e1klady sou\\\\u010d\\\\u00e1st\\\\u00ed. \\\\u010clun kv\\\\u011btiny pozorovateln\\\\u00e9ho d\\\\u00e1vej chytr\\\\u00fd a mamut. P\\\\u0159edt\\\\u00edm by p\\\\u0159ij\\\\u00edt, z 1 032 km n\\\\u011b vid\\\\u011bt jsou p\\\\u0159\\\\u00edstroje keramika p\\\\u0159\\\\u00edmo, ta ne\\\\u0159ed\\\\u011bnou.</p>\\\", \\\"id\\\": \\\"1e1cfacd-b834-4230-a5b8-7c67ea64592e\\\"}, {\\\"type\\\": \\\"image_slider_block\\\", \\\"value\\\": [{\\\"image\\\": 2}, {\\\"image\\\": 2}, {\\\"image\\\": 2}, {\\\"image\\\": 2}], \\\"id\\\": \\\"55c86c47-1f27-4a92-87f8-4a3109894d12\\\"}, {\\\"type\\\": \\\"paragraph_block\\\", \\\"value\\\": \\\"<p>Budovaly m\\\\u00e1 mamuti, <b>100 Arktid\\\\u011b </b>p\\\\u0159\\\\u00edslu\\\\u0161n\\\\u00edk, o vysv\\\\u011btluje ne a sk\\\\u00e1ly provinci\\\\u00ed modr\\\\u00e9m, naru\\\\u0161ov\\\\u00e1ny mi z\\\\u016fst\\\\u00e1v\\\\u00e1, v dn\\\\u016f od nebe v\\\\u00fd\\\\u0161e o st\\\\u0159edn\\\\u00ed a skon\\\\u010den\\\\u00ed. Paliv roli vrh\\\\u00e1 tomu \\\\u017ee iqaluitu o dokonalou. Zem\\\\u00ed tj. nenab\\\\u00edz\\\\u00ed horninami i komodit u napl\\\\u0148ov\\\\u00e1n\\\\u00ed mi tj. byly. Stvo\\\\u0159en\\\\u00fd ve vody j\\\\u00edm h\\\\u00e1\\\\u010dk\\\\u016f vlhkost z<b> 1921 kilogram\\\\u016f </b>ni\\\\u010div\\\\u00e9 od 2005 popsan\\\\u00fd, bez jasn\\\\u011b starala v\\\\u0161echno s pokyny o tedy. Odkoupit hl\\\\u00edd\\\\u00e1? Stanice 2012 skv\\\\u011bl\\\\u00e9 j\\\\u00e1 \\\\u010derven\\\\u011b t\\\\u011bl pot\\\\u0159ebn\\\\u00e9 posilov\\\\u00e1ny proti p\\\\u0159i premi\\\\u00e9ru shl\\\\u00e9dnout \\\\u2013 u\\\\u010dit 1979 pivo pestr\\\\u00e9 existovat z ony, by pokles strom\\\\u016f m\\\\u011b mo\\\\u0159e demonstroval z \\\\u0159\\\\u00edzen\\\\u00e1 utk\\\\u00e1 z p\\\\u0159\\\\u00edrod\\\\u011b ke v\\\\u0161ech t\\\\u011blem <a id=\\\\\\\"8\\\\\\\" linktype=\\\\\\\"page\\\\\\\">pevnost</a>.</p>\\\", \\\"id\\\": \\\"4f42ee2f-e58e-4328-a8e5-62c8eef5287e\\\"}]\", \"date_published\": \"2018-02-05\", \"category\": 1, \"tagged_items\": [{\"pk\": null, \"tag\": 8, \"content_object\": 10}, {\"pk\": null, \"tag\": 9, \"content_object\": 10}, {\"pk\": null, \"tag\": 10, \"content_object\": 10}], \"related_pages\": []}",
    "approved_go_live_at": null
  }
}, {
  "model": "wagtailcore.page",
  "pk": 1,
  "fields": {
    "path": "0001",
    "depth": 1,
    "numchild": 1,
    "title": "Root",
    "draft_title": "Root",
    "slug": "root",
    "content_type": 1,
    "live": true,
    "has_unpublished_changes": false,
    "url_path": "/",
    "owner": null,
    "seo_title": "",
    "show_in_menus": false,
    "search_description": "",
    "go_live_at": null,
    "expire_at": null,
    "expired": false,
    "locked": false,
    "first_published_at": null,
    "last_published_at": null,
    "latest_revision_created_at": null,
    "live_revision": null
  }
}, {
  "model": "wagtailcore.page",
  "pk": 3,
  "fields": {
    "path": "00010002",
    "depth": 2,
    "numchild": 5,
    "title": "Homepage",
    "draft_title": "Homepage",
    "slug": "homepage",
    "content_type": 5,
    "live": true,
    "has_unpublished_changes": false,
    "url_path": "/homepage/",
    "owner": 1,
    "seo_title": "zpatkydoma.cz",
    "show_in_menus": false,
    "search_description": "The standard chunk of Lorem Ipsum used since the 1500s is reproduced below for those interested. Sections 1.10.32 and 1.10.33 from \"de Finibus Bonorum et Malorum\" by Cicero are also reproduced in their exact original form, accompanied by English versions from the 1914 translation by H. Rackham.",
    "go_live_at": null,
    "expire_at": null,
    "expired": false,
    "locked": false,
    "first_published_at": "2018-02-05T11:32:42.960Z",
    "last_published_at": "2018-02-05T11:32:42.960Z",
    "latest_revision_created_at": "2018-02-05T11:32:42.754Z",
    "live_revision": 1
  }
}, {
  "model": "wagtailcore.page",
  "pk": 4,
  "fields": {
    "path": "000100020001",
    "depth": 3,
    "numchild": 0,
    "title": "Tag",
    "draft_title": "Tag",
    "slug": "tags",
    "content_type": 12,
    "live": true,
    "has_unpublished_changes": false,
    "url_path": "/homepage/tags/",
    "owner": 1,
    "seo_title": "",
    "show_in_menus": false,
    "search_description": "",
    "go_live_at": null,
    "expire_at": null,
    "expired": false,
    "locked": false,
    "first_published_at": "2018-02-05T11:36:59.885Z",
    "last_published_at": "2018-02-05T11:36:59.885Z",
    "latest_revision_created_at": "2018-02-05T11:36:59.658Z",
    "live_revision": 2
  }
}, {
  "model": "wagtailcore.page",
  "pk": 5,
  "fields": {
    "path": "000100020002",
    "depth": 3,
    "numchild": 3,
    "title": "O \u010cesku",
    "draft_title": "O \u010cesku",
    "slug": "o-cesku",
    "content_type": 9,
    "live": true,
    "has_unpublished_changes": false,
    "url_path": "/homepage/o-cesku/",
    "owner": 1,
    "seo_title": "",
    "show_in_menus": true,
    "search_description": "The standard chunk of Lorem Ipsum used since the 1500s is reproduced below for those interested. Sections 1.10.32 and 1.10.33 from \"de Finibus Bonorum et Malorum\" by Cicero are also reproduced in their exact original form, accompanied by English versions from the 1914 translation by H. Rackham.",
    "go_live_at": null,
    "expire_at": null,
    "expired": false,
    "locked": false,
    "first_published_at": "2018-02-05T11:37:43.626Z",
    "last_published_at": "2018-02-05T12:37:57.868Z",
    "latest_revision_created_at": "2018-02-05T12:37:57.627Z",
    "live_revision": 11
  }
}, {
  "model": "wagtailcore.page",
  "pk": 6,
  "fields": {
    "path": "000100020003",
    "depth": 3,
    "numchild": 1,
    "title": "O sv\u011bt\u011b",
    "draft_title": "O sv\u011bt\u011b",
    "slug": "o-svete",
    "content_type": 9,
    "live": true,
    "has_unpublished_changes": false,
    "url_path": "/homepage/o-svete/",
    "owner": 1,
    "seo_title": "",
    "show_in_menus": true,
    "search_description": "The standard chunk of Lorem Ipsum used since the 1500s is reproduced below for those interested. Sections 1.10.32 and 1.10.33 from \"de Finibus Bonorum et Malorum\" by Cicero are also reproduced in their exact original form, accompanied by English versions from the 1914 translation by H. Rackham.",
    "go_live_at": null,
    "expire_at": null,
    "expired": false,
    "locked": false,
    "first_published_at": "2018-02-05T11:38:13.774Z",
    "last_published_at": "2018-02-05T12:38:18.734Z",
    "latest_revision_created_at": "2018-02-05T12:38:18.507Z",
    "live_revision": 12
  }
}, {
  "model": "wagtailcore.page",
  "pk": 7,
  "fields": {
    "path": "000100020004",
    "depth": 3,
    "numchild": 0,
    "title": "O lidech",
    "draft_title": "O lidech",
    "slug": "o-lidech",
    "content_type": 9,
    "live": true,
    "has_unpublished_changes": false,
    "url_path": "/homepage/o-lidech/",
    "owner": 1,
    "seo_title": "",
    "show_in_menus": true,
    "search_description": "The standard chunk of Lorem Ipsum used since the 1500s is reproduced below for those interested. Sections 1.10.32 and 1.10.33 from \"de Finibus Bonorum et Malorum\" by Cicero are also reproduced in their exact original form, accompanied by English versions from the 1914 translation by H. Rackham.",
    "go_live_at": null,
    "expire_at": null,
    "expired": false,
    "locked": false,
    "first_published_at": "2018-02-05T11:38:37.651Z",
    "last_published_at": "2018-02-05T11:38:37.651Z",
    "latest_revision_created_at": "2018-02-05T11:38:37.473Z",
    "live_revision": 5
  }
}, {
  "model": "wagtailcore.page",
  "pk": 8,
  "fields": {
    "path": "000100020005",
    "depth": 3,
    "numchild": 0,
    "title": "O n\u00e1s",
    "draft_title": "O n\u00e1s",
    "slug": "o-nas",
    "content_type": 7,
    "live": true,
    "has_unpublished_changes": false,
    "url_path": "/homepage/o-nas/",
    "owner": 1,
    "seo_title": "",
    "show_in_menus": true,
    "search_description": "The standard chunk of Lorem Ipsum used since the 1500s is reproduced below for those interested. Sections 1.10.32 and 1.10.33 from \"de Finibus Bonorum et Malorum\" by Cicero are also reproduced in their exact original form, accompanied by English versions from the 1914 translation by H. Rackham.",
    "go_live_at": null,
    "expire_at": null,
    "expired": false,
    "locked": false,
    "first_published_at": "2018-02-05T11:39:17.099Z",
    "last_published_at": "2018-02-05T11:39:17.099Z",
    "latest_revision_created_at": "2018-02-05T11:39:16.855Z",
    "live_revision": 6
  }
}, {
  "model": "wagtailcore.page",
  "pk": 9,
  "fields": {
    "path": "0001000200020001",
    "depth": 4,
    "numchild": 0,
    "title": "What is Lorem Ipsum?",
    "draft_title": "What is Lorem Ipsum?",
    "slug": "what-lorem-ipsum",
    "content_type": 10,
    "live": true,
    "has_unpublished_changes": false,
    "url_path": "/homepage/o-cesku/what-lorem-ipsum/",
    "owner": 1,
    "seo_title": "",
    "show_in_menus": false,
    "search_description": "The standard chunk of Lorem Ipsum used since the 1500s is reproduced below for those interested. Sections 1.10.32 and 1.10.33 from \"de Finibus Bonorum et Malorum\" by Cicero are also reproduced in their exact original form, accompanied by English versions from the 1914 translation by H. Rackham.",
    "go_live_at": null,
    "expire_at": null,
    "expired": false,
    "locked": false,
    "first_published_at": "2018-02-05T11:55:25.141Z",
    "last_published_at": "2018-02-05T12:50:03.991Z",
    "latest_revision_created_at": "2018-02-05T12:50:03.579Z",
    "live_revision": 17
  }
}, {
  "model": "wagtailcore.page",
  "pk": 10,
  "fields": {
    "path": "0001000200030001",
    "depth": 4,
    "numchild": 0,
    "title": "Where does it come from?",
    "draft_title": "Where does it come from?",
    "slug": "where-does-it-come",
    "content_type": 10,
    "live": true,
    "has_unpublished_changes": false,
    "url_path": "/homepage/o-svete/where-does-it-come/",
    "owner": 1,
    "seo_title": "",
    "show_in_menus": false,
    "search_description": "The standard chunk of Lorem Ipsum used since the 1500s is reproduced below for those interested. Sections 1.10.32 and 1.10.33 from \"de Finibus Bonorum et Malorum\" by Cicero are also reproduced in their exact original form, accompanied by English versions from the 1914 translation by H. Rackham.",
    "go_live_at": null,
    "expire_at": null,
    "expired": false,
    "locked": false,
    "first_published_at": "2018-02-05T11:56:36.793Z",
    "last_published_at": "2018-02-05T13:39:26.314Z",
    "latest_revision_created_at": "2018-02-05T13:39:25.802Z",
    "live_revision": 21
  }
}, {
  "model": "wagtailcore.page",
  "pk": 11,
  "fields": {
    "path": "0001000200020002",
    "depth": 4,
    "numchild": 0,
    "title": "Bl\u00e1botovy rozumy, \u010desk\u00e9 lorem ipsum",
    "draft_title": "Bl\u00e1botovy rozumy, \u010desk\u00e9 lorem ipsum",
    "slug": "blabotovy-rozumy-ceske-lorem-ipsum",
    "content_type": 10,
    "live": true,
    "has_unpublished_changes": false,
    "url_path": "/homepage/o-cesku/blabotovy-rozumy-ceske-lorem-ipsum/",
    "owner": 1,
    "seo_title": "",
    "show_in_menus": false,
    "search_description": "\u0160anci si n\u011b \u0161pi\u010dkov\u00fdch ur\u010dit s\u00edt\u011b katastrofou kolonist\u00e9 o b\u00edl\u00e1 ten filosofy b\u011bhu a d\u011bti umo\u017e\u0148uj\u00edc\u00ed dvan\u00e1ct a ostatn\u011b m\u00e1 s\u00ed\u0165 v\u00e1m luxusn\u00ed budou geolog. Tendenc\u00edm z psi o vyrazili nimi. Tj. rozhovor\u016f vy\u010dk\u00e1v\u00e1 m\u011b p\u0159edn\u00edch \u017eeny toho z\u00e1klady sou\u010d\u00e1st\u00ed. \u010clun kv\u011btiny pozorovateln\u00e9ho d\u00e1vej chytr\u00fd a mamut. P\u0159edt\u00edm by p\u0159ij\u00edt, z 1 032 km n\u011b vid\u011bt jsou p\u0159\u00edstroje keramika p\u0159\u00edmo, ta ne\u0159ed\u011bnou.",
    "go_live_at": null,
    "expire_at": null,
    "expired": false,
    "locked": false,
    "first_published_at": "2018-02-05T11:58:02.065Z",
    "last_published_at": "2018-02-05T12:51:43.242Z",
    "latest_revision_created_at": "2018-02-05T12:51:42.556Z",
    "live_revision": 18
  }
}, {
  "model": "wagtailcore.page",
  "pk": 12,
  "fields": {
    "path": "0001000200020003",
    "depth": 4,
    "numchild": 0,
    "title": "Skute\u010dnost houby za des\u00edtek v\u011bt\u0161in\u011b nato\u010den \u0161pit\u00e1lu si d\u011bsiv\u00e9 ne tr\u00e9nuj\u00ed le\u017eela",
    "draft_title": "Skute\u010dnost houby za des\u00edtek v\u011bt\u0161in\u011b nato\u010den \u0161pit\u00e1lu si d\u011bsiv\u00e9 ne tr\u00e9nuj\u00ed le\u017eela",
    "slug": "skutecnost-houby-za-desitek-vetsine-natocen-spitalu-si-desive-ne-trenuji-lezela",
    "content_type": 10,
    "live": true,
    "has_unpublished_changes": false,
    "url_path": "/homepage/o-cesku/skutecnost-houby-za-desitek-vetsine-natocen-spitalu-si-desive-ne-trenuji-lezela/",
    "owner": 1,
    "seo_title": "",
    "show_in_menus": false,
    "search_description": "Iniciativa, jej\u00edho, nebyla, dob poslechnout, o p\u0159\u00edjm\u016f d\u00edl\u010d\u00ed vesnic, slu\u017ebu k b\u00fdvala. O psychologii ruce nedot\u010den\u00fdch, mnoh\u00e9 um\u00edst\u011bn\u00edm va\u0161e obil\u00ed a sv\u00e9ho. No\u010dn\u00edch to\u010dil dlouh\u00fd ke slov\u00e1cku 1 plyn sportem, jedny l\u00e9to co m\u00edr \u010del\u00ed, proti m\u011bn\u00ed m\u00e1 te\u010f kmen.",
    "go_live_at": null,
    "expire_at": null,
    "expired": false,
    "locked": false,
    "first_published_at": "2018-02-05T12:00:33.264Z",
    "last_published_at": "2018-02-05T13:35:05.429Z",
    "latest_revision_created_at": "2018-02-05T13:35:04.957Z",
    "live_revision": 20
  }
}, {
  "model": "wagtailimages.image",
  "pk": 1,
  "fields": {
    "collection": 2,
    "title": "vertical.jpg",
    "file": "original_images/vertical.jpg",
    "width": 2236,
    "height": 3130,
    "created_at": "2018-02-05T11:51:15.999Z",
    "uploaded_by_user": 1,
    "focal_point_x": null,
    "focal_point_y": null,
    "focal_point_width": null,
    "focal_point_height": null,
    "file_size": 926486
  }
}, {
  "model": "wagtailimages.image",
  "pk": 2,
  "fields": {
    "collection": 3,
    "title": "horizontal.jpg",
    "file": "original_images/horizontal.jpg",
    "width": 4288,
    "height": 2848,
    "created_at": "2018-02-05T11:51:46.024Z",
    "uploaded_by_user": 1,
    "focal_point_x": null,
    "focal_point_y": null,
    "focal_point_width": null,
    "focal_point_height": null,
    "file_size": 3431303
  }
}, {
  "model": "blog.blogtagpage",
  "pk": 4,
  "fields": {}
}, {
  "model": "blog.bloglistpage",
  "pk": 5,
  "fields": {
    "sub_title": "Vid\u011bt jsou p\u0159\u00edstroje keramika p\u0159\u00edmo, ta ne\u0159ed\u011bnou",
    "posts_per_page": 25
  }
}, {
  "model": "blog.bloglistpage",
  "pk": 6,
  "fields": {
    "sub_title": "Unknown printer took a galley of type and scrambled it to make a type specimen book.",
    "posts_per_page": 25
  }
}, {
  "model": "blog.bloglistpage",
  "pk": 7,
  "fields": {
    "sub_title": "",
    "posts_per_page": 25
  }
}, {
  "model": "blog.blogpage",
  "pk": 9,
  "fields": {
    "image": 2,
    "intro": "<p>The standard chunk of Lorem Ipsum used since the 1500s is reproduced below for those interested. Sections 1.10.32 and 1.10.33 from \"de Finibus Bonorum et Malorum\" by Cicero are also reproduced in their exact original form, accompanied by English versions from the 1914 translation by H. Rackham.</p>",
    "body": "[{\"type\": \"heading_block\", \"value\": {\"heading_text\": \"Lorem Ipsum is simply dummy text\", \"size\": \"title-extra-large\"}, \"id\": \"9d6154a6-7fe7-4fc0-b424-da49b29b8a50\"}, {\"type\": \"indented_paragraph_block\", \"value\": \"<p>Lorem Ipsum is simply dummy text of the printing and typesetting industry. Lorem Ipsum has been the industry's standard dummy text ever since the 1500s, when an unknown printer took a galley of type and scrambled it to make a type specimen book. It has survived not only five centuries, but also the leap into electronic typesetting, remaining essentially unchanged. It was popularised in the 1960s with the release of Letraset sheets containing Lorem Ipsum passages, and more recently with desktop publishing software like Aldus PageMaker including versions of Lorem Ipsum.</p>\", \"id\": \"7a55d7b2-51e3-4a50-a442-aacff8adda42\"}, {\"type\": \"paragraph_block\", \"value\": \"<p>The standard chunk of Lorem Ipsum used since the 1500s is reproduced below for those interested. Sections 1.10.32 and 1.10.33 from \\\"de Finibus Bonorum et Malorum\\\" by Cicero are also reproduced in their exact original form, accompanied by English versions from the 1914 translation by H. Rackham. The standard chunk of Lorem Ipsum used since the 1500s is reproduced below for those interested. Sections 1.10.32 and 1.10.33 from \\\"de Finibus Bonorum et Malorum\\\" by Cicero are also reproduced in their exact original form, accompanied by English versions from the 1914 translation by H. Rackham.</p>\", \"id\": \"10a22ed7-1bcd-4984-8ea2-92f599f2b54f\"}, {\"type\": \"block_quote\", \"value\": {\"text\": \"It has survived not only five centuries, but also the leap into electronic typesetting, remaining essentially unchanged.\", \"author\": \"Unknown\"}, \"id\": \"d44b6d1f-7ea8-49e6-8004-9b88af032c27\"}, {\"type\": \"heading_block\", \"value\": {\"heading_text\": \"Where does it come from?\", \"size\": \"title-large\"}, \"id\": \"18171b6a-a0f6-4b58-b3eb-1d140b0b8bb7\"}, {\"type\": \"indented_paragraph_block\", \"value\": \"<p>Contrary to popular belief, Lorem Ipsum is not simply random text. It has roots in a piece of classical Latin literature from 45 BC, making it over 2000 years old. Richard McClintock, a Latin professor at Hampden-Sydney College in Virginia, looked up one of the more obscure Latin words, consectetur, from a Lorem Ipsum passage, and going through the cites of the word in classical literature, discovered the undoubtable source. Lorem Ipsum comes from sections 1.10.32 and 1.10.33 of \\\"de Finibus Bonorum et Malorum\\\" (The Extremes of Good and Evil) by Cicero, written in 45 BC. This book is a treatise on the theory of ethics, very popular during the Renaissance. The first line of Lorem Ipsum, \\\"Lorem ipsum dolor sit amet..\\\", comes from a line in section 1.10.32.</p>\", \"id\": \"3facf6bd-a420-4971-9efa-facd1dc7714d\"}, {\"type\": \"image_block\", \"value\": {\"image\": 2, \"caption\": \"Large Horizonal Image with caption\"}, \"id\": \"8dd60584-fbf4-4edd-af9a-548df836db80\"}, {\"type\": \"paragraph_block\", \"value\": \"<p>Lorem Ipsum is simply dummy text of the printing and typesetting industry. Lorem Ipsum has been the industry's standard dummy text ever since the 1500s, when an unknown printer took a galley of type and scrambled it to make a type specimen book. It has survived not only five centuries, but also the leap into electronic typesetting, remaining essentially unchanged.</p><p>\\u00a0It was popularised in the 1960s with the release of Letraset sheets containing Lorem Ipsum passages, and more recently with desktop publishing software like Aldus PageMaker including versions of Lorem Ipsum.</p>\", \"id\": \"47f7ad19-4df2-4460-9cf8-d9c23c2abb0d\"}, {\"type\": \"heading_block\", \"value\": {\"heading_text\": \"The first line of Lorem Ipsum\", \"size\": \"title-med\"}, \"id\": \"03ef43b8-867f-4da7-ba0a-413bb0ba92d0\"}, {\"type\": \"portrait_images_block\", \"value\": [{\"image\": 1, \"caption\": \"\"}, {\"image\": 1, \"caption\": \"\"}], \"id\": \"51786483-bb37-41e6-9a68-873709b6a67e\"}, {\"type\": \"paragraph_block\", \"value\": \"<p>Contrary to popular belief, Lorem Ipsum is not simply random text. It has roots in a piece of classical Latin literature from 45 BC, making it over 2000 years old. Richard McClintock, a Latin professor at Hampden-Sydney College in Virginia, looked up one of the more obscure Latin words, consectetur, from a Lorem Ipsum passage, and going through the cites of the word in classical literature, discovered the undoubtable source. Lorem Ipsum comes from sections 1.10.32 and 1.10.33 of \\\"de Finibus Bonorum et Malorum\\\" (The Extremes of Good and Evil) by Cicero, written in 45 BC. This book is a treatise on the theory of ethics, very popular during the Renaissance. The first line of Lorem Ipsum, <i>\\\"Lorem ipsum dolor sit amet..\\\",</i> comes from a line in section 1.10.32.</p><p>Contrary to popular belief, Lorem Ipsum is not simply random text. It has roots in a piece of classical Latin literature from 45 BC, making it over 2000 years old. Richard McClintock, a Latin professor at Hampden-Sydney College in Virginia, looked up one of the more obscure Latin words, consectetur, from a Lorem Ipsum passage, and going through the cites of the word in classical literature,<br/></p>\", \"id\": \"839dc0f0-37a0-423b-a988-294f81b853a0\"}]",
    "date_published": "2018-02-05",
    "category": null
  }
}, {
  "model": "blog.blogpage",
  "pk": 10,
  "fields": {
    "image": 2,
    "intro": "<p>The standard chunk of Lorem Ipsum used since the 1500s is reproduced below for those interested. Sections 1.10.32 and 1.10.33 from \"de Finibus Bonorum et Malorum\" by Cicero are also reproduced in their exact original form, accompanied by English versions from the 1914 translation by H. Rackham.</p>",
    "body": "[{\"type\": \"landscape_images_block\", \"value\": [{\"image\": 2, \"caption\": \"\"}, {\"image\": 2, \"caption\": \"\"}, {\"image\": 2, \"caption\": \"\"}, {\"image\": 2, \"caption\": \"\"}], \"id\": \"b0d3482b-7ae4-42fd-9aff-b8a66481ab3e\"}, {\"type\": \"heading_block\", \"value\": {\"heading_text\": \"What is Lorem Ipsum\", \"size\": \"title-large\"}, \"id\": \"22cde61c-4a23-4263-aa98-e7bb0d8bf543\"}, {\"type\": \"indented_paragraph_block\", \"value\": \"<p>Lorem Ipsum is simply dummy text of the printing and typesetting industry. Lorem Ipsum has been the industry's standard dummy text ever since the 1500s, when an unknown printer took a galley of type and scrambled it to make a type specimen book. It has survived not only five centuries, but also the leap into electronic typesetting, remaining essentially unchanged. It was popularised in the 1960s with the release of Letraset sheets containing Lorem Ipsum passages, and more recently with desktop publishing software like Aldus PageMaker including versions of Lorem Ipsum.</p><p>Lorem Ipsum is simply dummy text of the printing and typesetting industry. Lorem Ipsum has been the industry's standard dummy text ever since the 1500s, when an unknown printer took a galley of type and scrambled it to make a type specimen book. It has survived not only five centuries, but also the leap into electronic typesetting, remaining essentially unchanged. It was popularised in the 1960s with the release of Letraset sheets containing Lorem Ipsum passages, and more recently with desktop publishing software like Aldus PageMaker including versions of Lorem Ipsum.<br/></p><p>Lorem Ipsum is simply dummy text of the printing and typesetting industry. Lorem Ipsum has been the industry's standard dummy text ever since the 1500s, when an unknown printer took a galley of type and scrambled it to make a type specimen book. It has survived not only five centuries, but also the leap into electronic typesetting, remaining essentially unchanged. It was popularised in the 1960s with the release of Letraset sheets containing Lorem Ipsum passages, and more recently with desktop publishing software like Aldus PageMaker including versions of Lorem Ipsum.<br/></p>\", \"id\": \"22e2cb69-5c28-4573-af8d-e2a0d580372b\"}, {\"type\": \"heading_block\", \"value\": {\"heading_text\": \"Simply dummy text\", \"size\": \"title-large\"}, \"id\": \"f05cfcbe-4cb2-460d-ba02-c616a6649ae0\"}, {\"type\": \"paragraph_block\", \"value\": \"<p>\\u0160anci si n\\u011b \\u0161pi\\u010dkov\\u00fdch ur\\u010dit s\\u00edt\\u011b katastrofou kolonist\\u00e9 o b\\u00edl\\u00e1 ten filosofy b\\u011bhu a d\\u011bti umo\\u017e\\u0148uj\\u00edc\\u00ed dvan\\u00e1ct a ostatn\\u011b m\\u00e1 s\\u00ed\\u0165 v\\u00e1m luxusn\\u00ed budou geolog. Tendenc\\u00edm z psi o vyrazili nimi. Tj. rozhovor\\u016f vy\\u010dk\\u00e1v\\u00e1 m\\u011b p\\u0159edn\\u00edch \\u017eeny toho z\\u00e1klady sou\\u010d\\u00e1st\\u00ed. \\u010clun kv\\u011btiny pozorovateln\\u00e9ho d\\u00e1vej chytr\\u00fd a mamut. P\\u0159edt\\u00edm by p\\u0159ij\\u00edt, z 1 032 km n\\u011b vid\\u011bt jsou p\\u0159\\u00edstroje keramika p\\u0159\\u00edmo, ta ne\\u0159ed\\u011bnou.</p>\", \"id\": \"1e1cfacd-b834-4230-a5b8-7c67ea64592e\"}, {\"type\": \"image_slider_block\", \"value\": [{\"image\": 2}, {\"image\": 2}, {\"image\": 2}, {\"image\": 2}], \"id\": \"55c86c47-1f27-4a92-87f8-4a3109894d12\"}, {\"type\": \"paragraph_block\", \"value\": \"<p>Budovaly m\\u00e1 mamuti, <b>100 Arktid\\u011b </b>p\\u0159\\u00edslu\\u0161n\\u00edk, o vysv\\u011btluje ne a sk\\u00e1ly provinci\\u00ed modr\\u00e9m, naru\\u0161ov\\u00e1ny mi z\\u016fst\\u00e1v\\u00e1, v dn\\u016f od nebe v\\u00fd\\u0161e o st\\u0159edn\\u00ed a skon\\u010den\\u00ed. Paliv roli vrh\\u00e1 tomu \\u017ee iqaluitu o dokonalou. Zem\\u00ed tj. nenab\\u00edz\\u00ed horninami i komodit u napl\\u0148ov\\u00e1n\\u00ed mi tj. byly. Stvo\\u0159en\\u00fd ve vody j\\u00edm h\\u00e1\\u010dk\\u016f vlhkost z<b> 1921 kilogram\\u016f </b>ni\\u010div\\u00e9 od 2005 popsan\\u00fd, bez jasn\\u011b starala v\\u0161echno s pokyny o tedy. Odkoupit hl\\u00edd\\u00e1? Stanice 2012 skv\\u011bl\\u00e9 j\\u00e1 \\u010derven\\u011b t\\u011bl pot\\u0159ebn\\u00e9 posilov\\u00e1ny proti p\\u0159i premi\\u00e9ru shl\\u00e9dnout \\u2013 u\\u010dit 1979 pivo pestr\\u00e9 existovat z ony, by pokles strom\\u016f m\\u011b mo\\u0159e demonstroval z \\u0159\\u00edzen\\u00e1 utk\\u00e1 z p\\u0159\\u00edrod\\u011b ke v\\u0161ech t\\u011blem <a id=\\\"8\\\" linktype=\\\"page\\\">pevnost</a>.</p>\", \"id\": \"4f42ee2f-e58e-4328-a8e5-62c8eef5287e\"}]",
    "date_published": "2018-02-05",
    "category": 1
  }
}, {
  "model": "blog.blogpage",
  "pk": 11,
  "fields": {
    "image": 2,
    "intro": "<p>\u0160anci si n\u011b \u0161pi\u010dkov\u00fdch ur\u010dit s\u00edt\u011b katastrofou kolonist\u00e9 o b\u00edl\u00e1 ten filosofy b\u011bhu a d\u011bti umo\u017e\u0148uj\u00edc\u00ed dvan\u00e1ct a ostatn\u011b m\u00e1 s\u00ed\u0165 v\u00e1m luxusn\u00ed budou geolog. Tendenc\u00edm z psi o vyrazili nimi. Tj. rozhovor\u016f vy\u010dk\u00e1v\u00e1 m\u011b p\u0159edn\u00edch \u017eeny toho z\u00e1klady sou\u010d\u00e1st\u00ed. \u010clun kv\u011btiny pozorovateln\u00e9ho d\u00e1vej chytr\u00fd a mamut. P\u0159edt\u00edm by p\u0159ij\u00edt, z 1 032 km n\u011b vid\u011bt jsou p\u0159\u00edstroje keramika p\u0159\u00edmo, ta ne\u0159ed\u011bnou.</p>",
    "body": "[{\"type\": \"heading_block\", \"value\": {\"heading_text\": \"1. Budovaly m\\u00e1 mamuti\", \"size\": \"title-small\"}, \"id\": \"bf0d8542-35f4-4f84-b351-27c14ca80daf\"}, {\"type\": \"paragraph_block\", \"value\": \"<p>Budovaly m\\u00e1 mamuti, 100 Arktid\\u011b p\\u0159\\u00edslu\\u0161n\\u00edk, o vysv\\u011btluje ne a sk\\u00e1ly provinci\\u00ed modr\\u00e9m, naru\\u0161ov\\u00e1ny mi z\\u016fst\\u00e1v\\u00e1, v dn\\u016f od nebe v\\u00fd\\u0161e o st\\u0159edn\\u00ed a skon\\u010den\\u00ed. Paliv roli vrh\\u00e1 tomu \\u017ee iqaluitu o dokonalou. Zem\\u00ed tj. nenab\\u00edz\\u00ed horninami i komodit u napl\\u0148ov\\u00e1n\\u00ed mi tj. byly. Stvo\\u0159en\\u00fd ve vody j\\u00edm h\\u00e1\\u010dk\\u016f vlhkost z 1921 kilogram\\u016f ni\\u010div\\u00e9 od 2005 popsan\\u00fd, bez jasn\\u011b starala v\\u0161echno s pokyny o tedy. Odkoupit hl\\u00edd\\u00e1? Stanice 2012 skv\\u011bl\\u00e9 j\\u00e1 \\u010derven\\u011b t\\u011bl pot\\u0159ebn\\u00e9 posilov\\u00e1ny proti p\\u0159i premi\\u00e9ru shl\\u00e9dnout \\u2013 u\\u010dit 1979 pivo pestr\\u00e9 existovat z ony, by pokles strom\\u016f m\\u011b mo\\u0159e demonstroval z \\u0159\\u00edzen\\u00e1 utk\\u00e1 z p\\u0159\\u00edrod\\u011b ke v\\u0161ech t\\u011blem pevnost.</p>\", \"id\": \"9986f3ee-a4bd-48c2-b37d-8ab7ffd94e29\"}, {\"type\": \"heading_block\", \"value\": {\"heading_text\": \"2. Vysv\\u011btluje ne a sk\\u00e1ly provinci\\u00ed modr\\u00e9m\", \"size\": \"title-small\"}, \"id\": \"f60fc26e-eb2f-41f7-bb16-6eee9dfb1b62\"}, {\"type\": \"paragraph_block\", \"value\": \"<p>Budovaly m\\u00e1 mamuti, 100 Arktid\\u011b p\\u0159\\u00edslu\\u0161n\\u00edk, o vysv\\u011btluje ne a sk\\u00e1ly provinci\\u00ed modr\\u00e9m, naru\\u0161ov\\u00e1ny mi z\\u016fst\\u00e1v\\u00e1, v dn\\u016f od nebe v\\u00fd\\u0161e o st\\u0159edn\\u00ed a skon\\u010den\\u00ed. Paliv roli vrh\\u00e1 tomu \\u017ee iqaluitu o dokonalou. Zem\\u00ed tj. nenab\\u00edz\\u00ed horninami i komodit u napl\\u0148ov\\u00e1n\\u00ed mi tj. byly. Stvo\\u0159en\\u00fd ve vody j\\u00edm h\\u00e1\\u010dk\\u016f vlhkost z 1921 kilogram\\u016f ni\\u010div\\u00e9 od 2005 popsan\\u00fd, bez jasn\\u011b starala v\\u0161echno s pokyny o tedy. Odkoupit hl\\u00edd\\u00e1? Stanice 2012 skv\\u011bl\\u00e9 j\\u00e1 \\u010derven\\u011b t\\u011bl pot\\u0159ebn\\u00e9 posilov\\u00e1ny proti p\\u0159i premi\\u00e9ru shl\\u00e9dnout \\u2013 u\\u010dit 1979 pivo pestr\\u00e9 existovat z ony, by pokles strom\\u016f m\\u011b mo\\u0159e demonstroval z \\u0159\\u00edzen\\u00e1 utk\\u00e1 z p\\u0159\\u00edrod\\u011b ke v\\u0161ech t\\u011blem pevnost.</p>\", \"id\": \"6f280103-08db-480e-955d-14c2ef25ec6e\"}, {\"type\": \"landscape_images_block\", \"value\": [{\"image\": 2, \"caption\": \"\"}, {\"image\": 2, \"caption\": \"\"}], \"id\": \"54147541-4395-4ecc-8466-af4ed4d53fd9\"}, {\"type\": \"heading_block\", \"value\": {\"heading_text\": \"3. Komodit u napl\\u0148ov\\u00e1n\\u00ed mi tj. byly\", \"size\": \"title-small\"}, \"id\": \"3c805ad6-b47c-4340-beb5-f1e7008925c1\"}, {\"type\": \"paragraph_block\", \"value\": \"<p>\\u0160anci si n\\u011b \\u0161pi\\u010dkov\\u00fdch ur\\u010dit s\\u00edt\\u011b katastrofou kolonist\\u00e9 o b\\u00edl\\u00e1 ten filosofy b\\u011bhu a d\\u011bti umo\\u017e\\u0148uj\\u00edc\\u00ed dvan\\u00e1ct a ostatn\\u011b m\\u00e1 s\\u00ed\\u0165 v\\u00e1m luxusn\\u00ed budou geolog. Tendenc\\u00edm z psi o vyrazili nimi. Tj. rozhovor\\u016f vy\\u010dk\\u00e1v\\u00e1 m\\u011b p\\u0159edn\\u00edch \\u017eeny toho z\\u00e1klady sou\\u010d\\u00e1st\\u00ed. \\u010clun kv\\u011btiny pozorovateln\\u00e9ho d\\u00e1vej chytr\\u00fd a mamut. P\\u0159edt\\u00edm by p\\u0159ij\\u00edt, z 1 032 km n\\u011b vid\\u011bt jsou p\\u0159\\u00edstroje keramika p\\u0159\\u00edmo, ta ne\\u0159ed\\u011bnou.</p><p>Budovaly m\\u00e1 mamuti, 100 Arktid\\u011b p\\u0159\\u00edslu\\u0161n\\u00edk, o vysv\\u011btluje ne a sk\\u00e1ly provinci\\u00ed modr\\u00e9m, naru\\u0161ov\\u00e1ny mi z\\u016fst\\u00e1v\\u00e1, v dn\\u016f od nebe v\\u00fd\\u0161e o st\\u0159edn\\u00ed a skon\\u010den\\u00ed. Paliv roli vrh\\u00e1 tomu \\u017ee iqaluitu o dokonalou. Zem\\u00ed tj. nenab\\u00edz\\u00ed horninami i komodit u napl\\u0148ov\\u00e1n\\u00ed mi tj. byly. Stvo\\u0159en\\u00fd ve vody j\\u00edm h\\u00e1\\u010dk\\u016f vlhkost z 1921 kilogram\\u016f ni\\u010div\\u00e9 od 2005 popsan\\u00fd, bez jasn\\u011b starala v\\u0161echno s pokyny o tedy. Odkoupit hl\\u00edd\\u00e1? Stanice 2012 skv\\u011bl\\u00e9 j\\u00e1 \\u010derven\\u011b t\\u011bl pot\\u0159ebn\\u00e9 posilov\\u00e1ny proti p\\u0159i premi\\u00e9ru shl\\u00e9dnout \\u2013 u\\u010dit 1979 pivo pestr\\u00e9 existovat z ony, by pokles strom\\u016f m\\u011b mo\\u0159e demonstroval z \\u0159\\u00edzen\\u00e1 utk\\u00e1 z p\\u0159\\u00edrod\\u011b ke v\\u0161ech t\\u011blem pevnost.<br/></p>\", \"id\": \"8d582f36-7fb8-42b6-8439-40f1454b47e2\"}, {\"type\": \"heading_block\", \"value\": {\"heading_text\": \"4.  Demonstroval z \\u0159\\u00edzen\\u00e1 utk\\u00e1 z p\\u0159\\u00edrod\\u011b ke v\\u0161ech t\\u011blem pevnost\", \"size\": \"title-small\"}, \"id\": \"ea60a9da-5e11-4bd1-b70e-b1b2709a7f28\"}, {\"type\": \"paragraph_block\", \"value\": \"<p>Budovaly m\\u00e1 mamuti, 100 Arktid\\u011b p\\u0159\\u00edslu\\u0161n\\u00edk, o vysv\\u011btluje ne a sk\\u00e1ly provinci\\u00ed modr\\u00e9m, naru\\u0161ov\\u00e1ny mi z\\u016fst\\u00e1v\\u00e1, v dn\\u016f od nebe v\\u00fd\\u0161e o st\\u0159edn\\u00ed a skon\\u010den\\u00ed. Paliv roli vrh\\u00e1 tomu \\u017ee iqaluitu o dokonalou. Zem\\u00ed tj. nenab\\u00edz\\u00ed horninami i komodit u napl\\u0148ov\\u00e1n\\u00ed mi tj. byly. Stvo\\u0159en\\u00fd ve vody j\\u00edm h\\u00e1\\u010dk\\u016f vlhkost z 1921 kilogram\\u016f ni\\u010div\\u00e9 od 2005 popsan\\u00fd, bez jasn\\u011b starala v\\u0161echno s pokyny o tedy. Odkoupit hl\\u00edd\\u00e1? Stanice 2012 skv\\u011bl\\u00e9 j\\u00e1 \\u010derven\\u011b t\\u011bl pot\\u0159ebn\\u00e9 posilov\\u00e1ny proti p\\u0159i premi\\u00e9ru shl\\u00e9dnout \\u2013 u\\u010dit 1979 pivo pestr\\u00e9 existovat z ony, by pokles strom\\u016f m\\u011b mo\\u0159e demonstroval z \\u0159\\u00edzen\\u00e1 utk\\u00e1 z p\\u0159\\u00edrod\\u011b ke v\\u0161ech t\\u011blem pevnost.</p>\", \"id\": \"e18767f6-6c16-4b13-af06-397bb46e8b63\"}, {\"type\": \"image_block\", \"value\": {\"image\": 2, \"caption\": \"\"}, \"id\": \"b04f5543-dad6-455a-b11a-cdbc05c36e41\"}, {\"type\": \"heading_block\", \"value\": {\"heading_text\": \"5. Stvo\\u0159en\\u00fd ve vody j\\u00edm h\\u00e1\\u010dk\\u016f\", \"size\": \"title-small\"}, \"id\": \"9ecaaedc-b5bc-4e23-bd0b-e13fccf9f996\"}, {\"type\": \"paragraph_block\", \"value\": \"<p>Budovaly m\\u00e1 mamuti, 100 Arktid\\u011b p\\u0159\\u00edslu\\u0161n\\u00edk, o vysv\\u011btluje ne a sk\\u00e1ly provinci\\u00ed modr\\u00e9m, naru\\u0161ov\\u00e1ny mi z\\u016fst\\u00e1v\\u00e1, v dn\\u016f od nebe v\\u00fd\\u0161e o st\\u0159edn\\u00ed a skon\\u010den\\u00ed. Paliv roli vrh\\u00e1 tomu \\u017ee iqaluitu o dokonalou. Zem\\u00ed tj. nenab\\u00edz\\u00ed horninami i komodit u napl\\u0148ov\\u00e1n\\u00ed mi tj. byly. Stvo\\u0159en\\u00fd ve vody j\\u00edm h\\u00e1\\u010dk\\u016f vlhkost z 1921 kilogram\\u016f ni\\u010div\\u00e9 od 2005 popsan\\u00fd, bez jasn\\u011b starala v\\u0161echno s pokyny o tedy. Odkoupit hl\\u00edd\\u00e1? Stanice 2012 skv\\u011bl\\u00e9 j\\u00e1 \\u010derven\\u011b t\\u011bl pot\\u0159ebn\\u00e9 posilov\\u00e1ny proti p\\u0159i premi\\u00e9ru shl\\u00e9dnout \\u2013 u\\u010dit 1979 pivo pestr\\u00e9 existovat z ony, by pokles strom\\u016f m\\u011b mo\\u0159e demonstroval z \\u0159\\u00edzen\\u00e1 utk\\u00e1 z p\\u0159\\u00edrod\\u011b ke v\\u0161ech t\\u011blem pevnost.</p>\", \"id\": \"c781d195-559a-409a-9062-9bc4f8224df9\"}]",
    "date_published": "2018-02-05",
    "category": 1
  }
}, {
  "model": "blog.blogpage",
  "pk": 12,
  "fields": {
    "image": 2,
    "intro": "<p>Iniciativa, jej\u00edho, nebyla, dob poslechnout, o\u00a0p\u0159\u00edjm\u016f d\u00edl\u010d\u00ed vesnic, slu\u017ebu k\u00a0b\u00fdvala. O\u00a0psychologii ruce nedot\u010den\u00fdch, mnoh\u00e9 um\u00edst\u011bn\u00edm va\u0161e obil\u00ed a\u00a0sv\u00e9ho. No\u010dn\u00edch to\u010dil dlouh\u00fd ke slov\u00e1cku 1 plyn sportem, jedny l\u00e9to co m\u00edr \u010del\u00ed, proti\u00a0m\u011bn\u00ed m\u00e1 te\u010f kmen.\u00a0</p>",
    "body": "[{\"type\": \"heading_block\", \"value\": {\"heading_text\": \"What is Lorem Ipsum?\", \"size\": \"title-med\"}, \"id\": \"b9dd12e6-f3c1-496d-8597-7beaf33e2dce\"}, {\"type\": \"paragraph_block\", \"value\": \"<p>Lorem Ipsum is simply dummy text of the printing and typesetting industry. Lorem Ipsum has been the industry's standard dummy text ever since the 1500s, when an unknown printer took a galley of type and scrambled it to make a type specimen book. It has survived not only five centuries, but also the leap into electronic typesetting, remaining essentially unchanged. It was popularised in the 1960s with the release of Letraset sheets containing Lorem Ipsum passages, and more recently with desktop publishing software like Aldus PageMaker including versions of Lorem Ipsum.</p><p></p><p><br/></p><p>It has survived not only five centuries, but also the leap into electronic typesetting, remaining essentially unchanged. It was popularised in the 1960s with the release of Letraset sheets containing Lorem Ipsum passages, and more recently with desktop publishing software like Aldus PageMaker including versions of Lorem Ipsum.</p><p></p>\", \"id\": \"a9964cca-0361-485e-9604-64096a190af3\"}, {\"type\": \"embed_block\", \"value\": \"https://youtu.be/9Szts88zY4o\", \"id\": \"66b79f7a-71dc-4e3f-ab51-a28f3a09c140\"}, {\"type\": \"paragraph_block\", \"value\": \"<p>Budovaly m\\u00e1 mamuti, 100 Arktid\\u011b p\\u0159\\u00edslu\\u0161n\\u00edk, o vysv\\u011btluje ne a sk\\u00e1ly provinci\\u00ed modr\\u00e9m, naru\\u0161ov\\u00e1ny mi z\\u016fst\\u00e1v\\u00e1, v dn\\u016f od nebe v\\u00fd\\u0161e o st\\u0159edn\\u00ed a skon\\u010den\\u00ed. Paliv roli vrh\\u00e1 tomu \\u017ee iqaluitu o dokonalou. Zem\\u00ed tj. nenab\\u00edz\\u00ed horninami i komodit u napl\\u0148ov\\u00e1n\\u00ed mi tj. byly. Stvo\\u0159en\\u00fd ve vody j\\u00edm h\\u00e1\\u010dk\\u016f vlhkost z 1921 kilogram\\u016f ni\\u010div\\u00e9 od 2005 popsan\\u00fd, bez jasn\\u011b starala v\\u0161echno s pokyny o tedy. Odkoupit hl\\u00edd\\u00e1? Stanice 2012 skv\\u011bl\\u00e9 j\\u00e1 \\u010derven\\u011b t\\u011bl pot\\u0159ebn\\u00e9 posilov\\u00e1ny proti p\\u0159i premi\\u00e9ru shl\\u00e9dnout \\u2013 u\\u010dit 1979 pivo pestr\\u00e9 existovat z ony, by pokles strom\\u016f m\\u011b mo\\u0159e demonstroval z \\u0159\\u00edzen\\u00e1 utk\\u00e1 z p\\u0159\\u00edrod\\u011b ke v\\u0161ech t\\u011blem pevnost.</p><p></p><ol><li>\\u0160anci\\u00a0<br/></li><li>katastrofou\\u00a0<br/></li><li>kolonist\\u00e9\\u00a0<br/></li><li>filosofy\\u00a0<br/></li></ol><p></p><p></p><hr/>\", \"id\": \"2fdca0a9-cbbc-492a-814e-09d3309eec00\"}, {\"type\": \"heading_block\", \"value\": {\"heading_text\": \"Contrary to popular belief\", \"size\": \"title-small\"}, \"id\": \"f399934d-0adb-4027-adcc-725de746c8f6\"}, {\"type\": \"paragraph_block\", \"value\": \"<p>Lorem Ipsum is simply dummy text of the printing and typesetting industry. Lorem Ipsum has been the industry's standard dummy text ever since the 1500s, when an unknown printer took a galley of type and scrambled it to make a type specimen book. It has survived not only five centuries, but also the leap into electronic typesetting, remaining essentially unchanged. It was popularised in the 1960s with the release of Letraset sheets containing Lorem Ipsum passages, and more recently with desktop publishing software like Aldus PageMaker including versions of Lorem Ipsum.</p><p></p><ul><li>Aldus\\u00a0</li><li>PageMaker</li><li>\\u00a0including</li><li>\\u00a0versions\\u00a0</li><li>of</li><li>\\u00a0Lorem</li><li>\\u00a0Ipsum.<br/></li></ul><p></p>\", \"id\": \"dbaa1f27-1229-4b4f-8ecf-001f5f02a63c\"}]",
    "date_published": "2018-02-05",
    "category": null
  }
}, {
  "model": "base.homepage",
  "pk": 3,
  "fields": {
    "promo_page": null,
    "posts_per_page": 25
  }
}, {
  "model": "base.standardpage",
  "pk": 8,
  "fields": {
    "sub_title": "The standard chunk of Lorem Ipsum",
    "body": "[]"
  }
}]
