--
-- PostgreSQL database dump
--

-- Dumped from database version 9.6.6
-- Dumped by pg_dump version 9.6.6

SET statement_timeout = 0;
SET lock_timeout = 0;
SET idle_in_transaction_session_timeout = 0;
SET client_encoding = 'UTF8';
SET standard_conforming_strings = on;
SET check_function_bodies = false;
SET client_min_messages = warning;
SET row_security = off;

--
-- Name: plpgsql; Type: EXTENSION; Schema: -; Owner: 
--

CREATE EXTENSION IF NOT EXISTS plpgsql WITH SCHEMA pg_catalog;


--
-- Name: EXTENSION plpgsql; Type: COMMENT; Schema: -; Owner: 
--

COMMENT ON EXTENSION plpgsql IS 'PL/pgSQL procedural language';


SET search_path = public, pg_catalog;

SET default_tablespace = '';

SET default_with_oids = false;

--
-- Name: auth_group; Type: TABLE; Schema: public; Owner: zpatkydoma
--

CREATE TABLE auth_group (
    id integer NOT NULL,
    name character varying(80) NOT NULL
);


ALTER TABLE auth_group OWNER TO zpatkydoma;

--
-- Name: auth_group_id_seq; Type: SEQUENCE; Schema: public; Owner: zpatkydoma
--

CREATE SEQUENCE auth_group_id_seq
    START WITH 1
    INCREMENT BY 1
    NO MINVALUE
    NO MAXVALUE
    CACHE 1;


ALTER TABLE auth_group_id_seq OWNER TO zpatkydoma;

--
-- Name: auth_group_id_seq; Type: SEQUENCE OWNED BY; Schema: public; Owner: zpatkydoma
--

ALTER SEQUENCE auth_group_id_seq OWNED BY auth_group.id;


--
-- Name: auth_group_permissions; Type: TABLE; Schema: public; Owner: zpatkydoma
--

CREATE TABLE auth_group_permissions (
    id integer NOT NULL,
    group_id integer NOT NULL,
    permission_id integer NOT NULL
);


ALTER TABLE auth_group_permissions OWNER TO zpatkydoma;

--
-- Name: auth_group_permissions_id_seq; Type: SEQUENCE; Schema: public; Owner: zpatkydoma
--

CREATE SEQUENCE auth_group_permissions_id_seq
    START WITH 1
    INCREMENT BY 1
    NO MINVALUE
    NO MAXVALUE
    CACHE 1;


ALTER TABLE auth_group_permissions_id_seq OWNER TO zpatkydoma;

--
-- Name: auth_group_permissions_id_seq; Type: SEQUENCE OWNED BY; Schema: public; Owner: zpatkydoma
--

ALTER SEQUENCE auth_group_permissions_id_seq OWNED BY auth_group_permissions.id;


--
-- Name: auth_permission; Type: TABLE; Schema: public; Owner: zpatkydoma
--

CREATE TABLE auth_permission (
    id integer NOT NULL,
    name character varying(255) NOT NULL,
    content_type_id integer NOT NULL,
    codename character varying(100) NOT NULL
);


ALTER TABLE auth_permission OWNER TO zpatkydoma;

--
-- Name: auth_permission_id_seq; Type: SEQUENCE; Schema: public; Owner: zpatkydoma
--

CREATE SEQUENCE auth_permission_id_seq
    START WITH 1
    INCREMENT BY 1
    NO MINVALUE
    NO MAXVALUE
    CACHE 1;


ALTER TABLE auth_permission_id_seq OWNER TO zpatkydoma;

--
-- Name: auth_permission_id_seq; Type: SEQUENCE OWNED BY; Schema: public; Owner: zpatkydoma
--

ALTER SEQUENCE auth_permission_id_seq OWNED BY auth_permission.id;


--
-- Name: auth_user; Type: TABLE; Schema: public; Owner: zpatkydoma
--

CREATE TABLE auth_user (
    id integer NOT NULL,
    password character varying(128) NOT NULL,
    last_login timestamp with time zone,
    is_superuser boolean NOT NULL,
    username character varying(150) NOT NULL,
    first_name character varying(30) NOT NULL,
    last_name character varying(30) NOT NULL,
    email character varying(254) NOT NULL,
    is_staff boolean NOT NULL,
    is_active boolean NOT NULL,
    date_joined timestamp with time zone NOT NULL
);


ALTER TABLE auth_user OWNER TO zpatkydoma;

--
-- Name: auth_user_groups; Type: TABLE; Schema: public; Owner: zpatkydoma
--

CREATE TABLE auth_user_groups (
    id integer NOT NULL,
    user_id integer NOT NULL,
    group_id integer NOT NULL
);


ALTER TABLE auth_user_groups OWNER TO zpatkydoma;

--
-- Name: auth_user_groups_id_seq; Type: SEQUENCE; Schema: public; Owner: zpatkydoma
--

CREATE SEQUENCE auth_user_groups_id_seq
    START WITH 1
    INCREMENT BY 1
    NO MINVALUE
    NO MAXVALUE
    CACHE 1;


ALTER TABLE auth_user_groups_id_seq OWNER TO zpatkydoma;

--
-- Name: auth_user_groups_id_seq; Type: SEQUENCE OWNED BY; Schema: public; Owner: zpatkydoma
--

ALTER SEQUENCE auth_user_groups_id_seq OWNED BY auth_user_groups.id;


--
-- Name: auth_user_id_seq; Type: SEQUENCE; Schema: public; Owner: zpatkydoma
--

CREATE SEQUENCE auth_user_id_seq
    START WITH 1
    INCREMENT BY 1
    NO MINVALUE
    NO MAXVALUE
    CACHE 1;


ALTER TABLE auth_user_id_seq OWNER TO zpatkydoma;

--
-- Name: auth_user_id_seq; Type: SEQUENCE OWNED BY; Schema: public; Owner: zpatkydoma
--

ALTER SEQUENCE auth_user_id_seq OWNED BY auth_user.id;


--
-- Name: auth_user_user_permissions; Type: TABLE; Schema: public; Owner: zpatkydoma
--

CREATE TABLE auth_user_user_permissions (
    id integer NOT NULL,
    user_id integer NOT NULL,
    permission_id integer NOT NULL
);


ALTER TABLE auth_user_user_permissions OWNER TO zpatkydoma;

--
-- Name: auth_user_user_permissions_id_seq; Type: SEQUENCE; Schema: public; Owner: zpatkydoma
--

CREATE SEQUENCE auth_user_user_permissions_id_seq
    START WITH 1
    INCREMENT BY 1
    NO MINVALUE
    NO MAXVALUE
    CACHE 1;


ALTER TABLE auth_user_user_permissions_id_seq OWNER TO zpatkydoma;

--
-- Name: auth_user_user_permissions_id_seq; Type: SEQUENCE OWNED BY; Schema: public; Owner: zpatkydoma
--

ALTER SEQUENCE auth_user_user_permissions_id_seq OWNED BY auth_user_user_permissions.id;


--
-- Name: base_footertext; Type: TABLE; Schema: public; Owner: zpatkydoma
--

CREATE TABLE base_footertext (
    id integer NOT NULL,
    body text NOT NULL
);


ALTER TABLE base_footertext OWNER TO zpatkydoma;

--
-- Name: base_footertext_id_seq; Type: SEQUENCE; Schema: public; Owner: zpatkydoma
--

CREATE SEQUENCE base_footertext_id_seq
    START WITH 1
    INCREMENT BY 1
    NO MINVALUE
    NO MAXVALUE
    CACHE 1;


ALTER TABLE base_footertext_id_seq OWNER TO zpatkydoma;

--
-- Name: base_footertext_id_seq; Type: SEQUENCE OWNED BY; Schema: public; Owner: zpatkydoma
--

ALTER SEQUENCE base_footertext_id_seq OWNED BY base_footertext.id;


--
-- Name: base_homepage; Type: TABLE; Schema: public; Owner: zpatkydoma
--

CREATE TABLE base_homepage (
    page_ptr_id integer NOT NULL,
    posts_per_page integer NOT NULL,
    promo_page_id integer
);


ALTER TABLE base_homepage OWNER TO zpatkydoma;

--
-- Name: base_socialmediasettings; Type: TABLE; Schema: public; Owner: zpatkydoma
--

CREATE TABLE base_socialmediasettings (
    id integer NOT NULL,
    facebook character varying(255) NOT NULL,
    facebook_app_id character varying(255) NOT NULL,
    twitter character varying(255) NOT NULL,
    email character varying(254) NOT NULL,
    instagram character varying(255) NOT NULL,
    site_id integer NOT NULL
);


ALTER TABLE base_socialmediasettings OWNER TO zpatkydoma;

--
-- Name: base_socialmediasettings_id_seq; Type: SEQUENCE; Schema: public; Owner: zpatkydoma
--

CREATE SEQUENCE base_socialmediasettings_id_seq
    START WITH 1
    INCREMENT BY 1
    NO MINVALUE
    NO MAXVALUE
    CACHE 1;


ALTER TABLE base_socialmediasettings_id_seq OWNER TO zpatkydoma;

--
-- Name: base_socialmediasettings_id_seq; Type: SEQUENCE OWNED BY; Schema: public; Owner: zpatkydoma
--

ALTER SEQUENCE base_socialmediasettings_id_seq OWNED BY base_socialmediasettings.id;


--
-- Name: base_standardpage; Type: TABLE; Schema: public; Owner: zpatkydoma
--

CREATE TABLE base_standardpage (
    page_ptr_id integer NOT NULL,
    sub_title character varying(255) NOT NULL,
    body text NOT NULL
);


ALTER TABLE base_standardpage OWNER TO zpatkydoma;

--
-- Name: blog_blogcategory; Type: TABLE; Schema: public; Owner: zpatkydoma
--

CREATE TABLE blog_blogcategory (
    id integer NOT NULL,
    name character varying(255) NOT NULL
);


ALTER TABLE blog_blogcategory OWNER TO zpatkydoma;

--
-- Name: blog_blogcategory_id_seq; Type: SEQUENCE; Schema: public; Owner: zpatkydoma
--

CREATE SEQUENCE blog_blogcategory_id_seq
    START WITH 1
    INCREMENT BY 1
    NO MINVALUE
    NO MAXVALUE
    CACHE 1;


ALTER TABLE blog_blogcategory_id_seq OWNER TO zpatkydoma;

--
-- Name: blog_blogcategory_id_seq; Type: SEQUENCE OWNED BY; Schema: public; Owner: zpatkydoma
--

ALTER SEQUENCE blog_blogcategory_id_seq OWNED BY blog_blogcategory.id;


--
-- Name: blog_bloglistpage; Type: TABLE; Schema: public; Owner: zpatkydoma
--

CREATE TABLE blog_bloglistpage (
    page_ptr_id integer NOT NULL,
    sub_title character varying(255) NOT NULL,
    posts_per_page integer NOT NULL
);


ALTER TABLE blog_bloglistpage OWNER TO zpatkydoma;

--
-- Name: blog_blogpage; Type: TABLE; Schema: public; Owner: zpatkydoma
--

CREATE TABLE blog_blogpage (
    page_ptr_id integer NOT NULL,
    intro text NOT NULL,
    body text NOT NULL,
    date_published date NOT NULL,
    domicile character varying(255) NOT NULL,
    category_id integer,
    image_id integer
);


ALTER TABLE blog_blogpage OWNER TO zpatkydoma;

--
-- Name: blog_blogpagetag; Type: TABLE; Schema: public; Owner: zpatkydoma
--

CREATE TABLE blog_blogpagetag (
    id integer NOT NULL,
    content_object_id integer NOT NULL,
    tag_id integer NOT NULL
);


ALTER TABLE blog_blogpagetag OWNER TO zpatkydoma;

--
-- Name: blog_blogpagetag_id_seq; Type: SEQUENCE; Schema: public; Owner: zpatkydoma
--

CREATE SEQUENCE blog_blogpagetag_id_seq
    START WITH 1
    INCREMENT BY 1
    NO MINVALUE
    NO MAXVALUE
    CACHE 1;


ALTER TABLE blog_blogpagetag_id_seq OWNER TO zpatkydoma;

--
-- Name: blog_blogpagetag_id_seq; Type: SEQUENCE OWNED BY; Schema: public; Owner: zpatkydoma
--

ALTER SEQUENCE blog_blogpagetag_id_seq OWNED BY blog_blogpagetag.id;


--
-- Name: blog_blogtagpage; Type: TABLE; Schema: public; Owner: zpatkydoma
--

CREATE TABLE blog_blogtagpage (
    page_ptr_id integer NOT NULL
);


ALTER TABLE blog_blogtagpage OWNER TO zpatkydoma;

--
-- Name: blog_relatedpage; Type: TABLE; Schema: public; Owner: zpatkydoma
--

CREATE TABLE blog_relatedpage (
    id integer NOT NULL,
    page_id integer NOT NULL,
    related_page_id integer
);


ALTER TABLE blog_relatedpage OWNER TO zpatkydoma;

--
-- Name: blog_relatedpage_id_seq; Type: SEQUENCE; Schema: public; Owner: zpatkydoma
--

CREATE SEQUENCE blog_relatedpage_id_seq
    START WITH 1
    INCREMENT BY 1
    NO MINVALUE
    NO MAXVALUE
    CACHE 1;


ALTER TABLE blog_relatedpage_id_seq OWNER TO zpatkydoma;

--
-- Name: blog_relatedpage_id_seq; Type: SEQUENCE OWNED BY; Schema: public; Owner: zpatkydoma
--

ALTER SEQUENCE blog_relatedpage_id_seq OWNED BY blog_relatedpage.id;


--
-- Name: django_admin_log; Type: TABLE; Schema: public; Owner: zpatkydoma
--

CREATE TABLE django_admin_log (
    id integer NOT NULL,
    action_time timestamp with time zone NOT NULL,
    object_id text,
    object_repr character varying(200) NOT NULL,
    action_flag smallint NOT NULL,
    change_message text NOT NULL,
    content_type_id integer,
    user_id integer NOT NULL,
    CONSTRAINT django_admin_log_action_flag_check CHECK ((action_flag >= 0))
);


ALTER TABLE django_admin_log OWNER TO zpatkydoma;

--
-- Name: django_admin_log_id_seq; Type: SEQUENCE; Schema: public; Owner: zpatkydoma
--

CREATE SEQUENCE django_admin_log_id_seq
    START WITH 1
    INCREMENT BY 1
    NO MINVALUE
    NO MAXVALUE
    CACHE 1;


ALTER TABLE django_admin_log_id_seq OWNER TO zpatkydoma;

--
-- Name: django_admin_log_id_seq; Type: SEQUENCE OWNED BY; Schema: public; Owner: zpatkydoma
--

ALTER SEQUENCE django_admin_log_id_seq OWNED BY django_admin_log.id;


--
-- Name: django_content_type; Type: TABLE; Schema: public; Owner: zpatkydoma
--

CREATE TABLE django_content_type (
    id integer NOT NULL,
    app_label character varying(100) NOT NULL,
    model character varying(100) NOT NULL
);


ALTER TABLE django_content_type OWNER TO zpatkydoma;

--
-- Name: django_content_type_id_seq; Type: SEQUENCE; Schema: public; Owner: zpatkydoma
--

CREATE SEQUENCE django_content_type_id_seq
    START WITH 1
    INCREMENT BY 1
    NO MINVALUE
    NO MAXVALUE
    CACHE 1;


ALTER TABLE django_content_type_id_seq OWNER TO zpatkydoma;

--
-- Name: django_content_type_id_seq; Type: SEQUENCE OWNED BY; Schema: public; Owner: zpatkydoma
--

ALTER SEQUENCE django_content_type_id_seq OWNED BY django_content_type.id;


--
-- Name: django_migrations; Type: TABLE; Schema: public; Owner: zpatkydoma
--

CREATE TABLE django_migrations (
    id integer NOT NULL,
    app character varying(255) NOT NULL,
    name character varying(255) NOT NULL,
    applied timestamp with time zone NOT NULL
);


ALTER TABLE django_migrations OWNER TO zpatkydoma;

--
-- Name: django_migrations_id_seq; Type: SEQUENCE; Schema: public; Owner: zpatkydoma
--

CREATE SEQUENCE django_migrations_id_seq
    START WITH 1
    INCREMENT BY 1
    NO MINVALUE
    NO MAXVALUE
    CACHE 1;


ALTER TABLE django_migrations_id_seq OWNER TO zpatkydoma;

--
-- Name: django_migrations_id_seq; Type: SEQUENCE OWNED BY; Schema: public; Owner: zpatkydoma
--

ALTER SEQUENCE django_migrations_id_seq OWNED BY django_migrations.id;


--
-- Name: django_session; Type: TABLE; Schema: public; Owner: zpatkydoma
--

CREATE TABLE django_session (
    session_key character varying(40) NOT NULL,
    session_data text NOT NULL,
    expire_date timestamp with time zone NOT NULL
);


ALTER TABLE django_session OWNER TO zpatkydoma;

--
-- Name: postgres_search_indexentry; Type: TABLE; Schema: public; Owner: zpatkydoma
--

CREATE TABLE postgres_search_indexentry (
    id integer NOT NULL,
    object_id text NOT NULL,
    body_search tsvector NOT NULL,
    content_type_id integer NOT NULL
);


ALTER TABLE postgres_search_indexentry OWNER TO zpatkydoma;

--
-- Name: postgres_search_indexentry_id_seq; Type: SEQUENCE; Schema: public; Owner: zpatkydoma
--

CREATE SEQUENCE postgres_search_indexentry_id_seq
    START WITH 1
    INCREMENT BY 1
    NO MINVALUE
    NO MAXVALUE
    CACHE 1;


ALTER TABLE postgres_search_indexentry_id_seq OWNER TO zpatkydoma;

--
-- Name: postgres_search_indexentry_id_seq; Type: SEQUENCE OWNED BY; Schema: public; Owner: zpatkydoma
--

ALTER SEQUENCE postgres_search_indexentry_id_seq OWNED BY postgres_search_indexentry.id;


--
-- Name: taggit_tag; Type: TABLE; Schema: public; Owner: zpatkydoma
--

CREATE TABLE taggit_tag (
    id integer NOT NULL,
    name character varying(100) NOT NULL,
    slug character varying(100) NOT NULL
);


ALTER TABLE taggit_tag OWNER TO zpatkydoma;

--
-- Name: taggit_tag_id_seq; Type: SEQUENCE; Schema: public; Owner: zpatkydoma
--

CREATE SEQUENCE taggit_tag_id_seq
    START WITH 1
    INCREMENT BY 1
    NO MINVALUE
    NO MAXVALUE
    CACHE 1;


ALTER TABLE taggit_tag_id_seq OWNER TO zpatkydoma;

--
-- Name: taggit_tag_id_seq; Type: SEQUENCE OWNED BY; Schema: public; Owner: zpatkydoma
--

ALTER SEQUENCE taggit_tag_id_seq OWNED BY taggit_tag.id;


--
-- Name: taggit_taggeditem; Type: TABLE; Schema: public; Owner: zpatkydoma
--

CREATE TABLE taggit_taggeditem (
    id integer NOT NULL,
    object_id integer NOT NULL,
    content_type_id integer NOT NULL,
    tag_id integer NOT NULL
);


ALTER TABLE taggit_taggeditem OWNER TO zpatkydoma;

--
-- Name: taggit_taggeditem_id_seq; Type: SEQUENCE; Schema: public; Owner: zpatkydoma
--

CREATE SEQUENCE taggit_taggeditem_id_seq
    START WITH 1
    INCREMENT BY 1
    NO MINVALUE
    NO MAXVALUE
    CACHE 1;


ALTER TABLE taggit_taggeditem_id_seq OWNER TO zpatkydoma;

--
-- Name: taggit_taggeditem_id_seq; Type: SEQUENCE OWNED BY; Schema: public; Owner: zpatkydoma
--

ALTER SEQUENCE taggit_taggeditem_id_seq OWNED BY taggit_taggeditem.id;


--
-- Name: wagtailcore_collection; Type: TABLE; Schema: public; Owner: zpatkydoma
--

CREATE TABLE wagtailcore_collection (
    id integer NOT NULL,
    path character varying(255) COLLATE pg_catalog."C" NOT NULL,
    depth integer NOT NULL,
    numchild integer NOT NULL,
    name character varying(255) NOT NULL,
    CONSTRAINT wagtailcore_collection_depth_check CHECK ((depth >= 0)),
    CONSTRAINT wagtailcore_collection_numchild_check CHECK ((numchild >= 0))
);


ALTER TABLE wagtailcore_collection OWNER TO zpatkydoma;

--
-- Name: wagtailcore_collection_id_seq; Type: SEQUENCE; Schema: public; Owner: zpatkydoma
--

CREATE SEQUENCE wagtailcore_collection_id_seq
    START WITH 1
    INCREMENT BY 1
    NO MINVALUE
    NO MAXVALUE
    CACHE 1;


ALTER TABLE wagtailcore_collection_id_seq OWNER TO zpatkydoma;

--
-- Name: wagtailcore_collection_id_seq; Type: SEQUENCE OWNED BY; Schema: public; Owner: zpatkydoma
--

ALTER SEQUENCE wagtailcore_collection_id_seq OWNED BY wagtailcore_collection.id;


--
-- Name: wagtailcore_collectionviewrestriction; Type: TABLE; Schema: public; Owner: zpatkydoma
--

CREATE TABLE wagtailcore_collectionviewrestriction (
    id integer NOT NULL,
    restriction_type character varying(20) NOT NULL,
    password character varying(255) NOT NULL,
    collection_id integer NOT NULL
);


ALTER TABLE wagtailcore_collectionviewrestriction OWNER TO zpatkydoma;

--
-- Name: wagtailcore_collectionviewrestriction_groups; Type: TABLE; Schema: public; Owner: zpatkydoma
--

CREATE TABLE wagtailcore_collectionviewrestriction_groups (
    id integer NOT NULL,
    collectionviewrestriction_id integer NOT NULL,
    group_id integer NOT NULL
);


ALTER TABLE wagtailcore_collectionviewrestriction_groups OWNER TO zpatkydoma;

--
-- Name: wagtailcore_collectionviewrestriction_groups_id_seq; Type: SEQUENCE; Schema: public; Owner: zpatkydoma
--

CREATE SEQUENCE wagtailcore_collectionviewrestriction_groups_id_seq
    START WITH 1
    INCREMENT BY 1
    NO MINVALUE
    NO MAXVALUE
    CACHE 1;


ALTER TABLE wagtailcore_collectionviewrestriction_groups_id_seq OWNER TO zpatkydoma;

--
-- Name: wagtailcore_collectionviewrestriction_groups_id_seq; Type: SEQUENCE OWNED BY; Schema: public; Owner: zpatkydoma
--

ALTER SEQUENCE wagtailcore_collectionviewrestriction_groups_id_seq OWNED BY wagtailcore_collectionviewrestriction_groups.id;


--
-- Name: wagtailcore_collectionviewrestriction_id_seq; Type: SEQUENCE; Schema: public; Owner: zpatkydoma
--

CREATE SEQUENCE wagtailcore_collectionviewrestriction_id_seq
    START WITH 1
    INCREMENT BY 1
    NO MINVALUE
    NO MAXVALUE
    CACHE 1;


ALTER TABLE wagtailcore_collectionviewrestriction_id_seq OWNER TO zpatkydoma;

--
-- Name: wagtailcore_collectionviewrestriction_id_seq; Type: SEQUENCE OWNED BY; Schema: public; Owner: zpatkydoma
--

ALTER SEQUENCE wagtailcore_collectionviewrestriction_id_seq OWNED BY wagtailcore_collectionviewrestriction.id;


--
-- Name: wagtailcore_groupcollectionpermission; Type: TABLE; Schema: public; Owner: zpatkydoma
--

CREATE TABLE wagtailcore_groupcollectionpermission (
    id integer NOT NULL,
    collection_id integer NOT NULL,
    group_id integer NOT NULL,
    permission_id integer NOT NULL
);


ALTER TABLE wagtailcore_groupcollectionpermission OWNER TO zpatkydoma;

--
-- Name: wagtailcore_groupcollectionpermission_id_seq; Type: SEQUENCE; Schema: public; Owner: zpatkydoma
--

CREATE SEQUENCE wagtailcore_groupcollectionpermission_id_seq
    START WITH 1
    INCREMENT BY 1
    NO MINVALUE
    NO MAXVALUE
    CACHE 1;


ALTER TABLE wagtailcore_groupcollectionpermission_id_seq OWNER TO zpatkydoma;

--
-- Name: wagtailcore_groupcollectionpermission_id_seq; Type: SEQUENCE OWNED BY; Schema: public; Owner: zpatkydoma
--

ALTER SEQUENCE wagtailcore_groupcollectionpermission_id_seq OWNED BY wagtailcore_groupcollectionpermission.id;


--
-- Name: wagtailcore_grouppagepermission; Type: TABLE; Schema: public; Owner: zpatkydoma
--

CREATE TABLE wagtailcore_grouppagepermission (
    id integer NOT NULL,
    permission_type character varying(20) NOT NULL,
    group_id integer NOT NULL,
    page_id integer NOT NULL
);


ALTER TABLE wagtailcore_grouppagepermission OWNER TO zpatkydoma;

--
-- Name: wagtailcore_grouppagepermission_id_seq; Type: SEQUENCE; Schema: public; Owner: zpatkydoma
--

CREATE SEQUENCE wagtailcore_grouppagepermission_id_seq
    START WITH 1
    INCREMENT BY 1
    NO MINVALUE
    NO MAXVALUE
    CACHE 1;


ALTER TABLE wagtailcore_grouppagepermission_id_seq OWNER TO zpatkydoma;

--
-- Name: wagtailcore_grouppagepermission_id_seq; Type: SEQUENCE OWNED BY; Schema: public; Owner: zpatkydoma
--

ALTER SEQUENCE wagtailcore_grouppagepermission_id_seq OWNED BY wagtailcore_grouppagepermission.id;


--
-- Name: wagtailcore_page; Type: TABLE; Schema: public; Owner: zpatkydoma
--

CREATE TABLE wagtailcore_page (
    id integer NOT NULL,
    path character varying(255) COLLATE pg_catalog."C" NOT NULL,
    depth integer NOT NULL,
    numchild integer NOT NULL,
    title character varying(255) NOT NULL,
    slug character varying(255) NOT NULL,
    live boolean NOT NULL,
    has_unpublished_changes boolean NOT NULL,
    url_path text NOT NULL,
    seo_title character varying(255) NOT NULL,
    show_in_menus boolean NOT NULL,
    search_description text NOT NULL,
    go_live_at timestamp with time zone,
    expire_at timestamp with time zone,
    expired boolean NOT NULL,
    content_type_id integer NOT NULL,
    owner_id integer,
    locked boolean NOT NULL,
    latest_revision_created_at timestamp with time zone,
    first_published_at timestamp with time zone,
    live_revision_id integer,
    last_published_at timestamp with time zone,
    draft_title character varying(255) NOT NULL,
    CONSTRAINT wagtailcore_page_depth_check CHECK ((depth >= 0)),
    CONSTRAINT wagtailcore_page_numchild_check CHECK ((numchild >= 0))
);


ALTER TABLE wagtailcore_page OWNER TO zpatkydoma;

--
-- Name: wagtailcore_page_id_seq; Type: SEQUENCE; Schema: public; Owner: zpatkydoma
--

CREATE SEQUENCE wagtailcore_page_id_seq
    START WITH 1
    INCREMENT BY 1
    NO MINVALUE
    NO MAXVALUE
    CACHE 1;


ALTER TABLE wagtailcore_page_id_seq OWNER TO zpatkydoma;

--
-- Name: wagtailcore_page_id_seq; Type: SEQUENCE OWNED BY; Schema: public; Owner: zpatkydoma
--

ALTER SEQUENCE wagtailcore_page_id_seq OWNED BY wagtailcore_page.id;


--
-- Name: wagtailcore_pagerevision; Type: TABLE; Schema: public; Owner: zpatkydoma
--

CREATE TABLE wagtailcore_pagerevision (
    id integer NOT NULL,
    submitted_for_moderation boolean NOT NULL,
    created_at timestamp with time zone NOT NULL,
    content_json text NOT NULL,
    approved_go_live_at timestamp with time zone,
    page_id integer NOT NULL,
    user_id integer
);


ALTER TABLE wagtailcore_pagerevision OWNER TO zpatkydoma;

--
-- Name: wagtailcore_pagerevision_id_seq; Type: SEQUENCE; Schema: public; Owner: zpatkydoma
--

CREATE SEQUENCE wagtailcore_pagerevision_id_seq
    START WITH 1
    INCREMENT BY 1
    NO MINVALUE
    NO MAXVALUE
    CACHE 1;


ALTER TABLE wagtailcore_pagerevision_id_seq OWNER TO zpatkydoma;

--
-- Name: wagtailcore_pagerevision_id_seq; Type: SEQUENCE OWNED BY; Schema: public; Owner: zpatkydoma
--

ALTER SEQUENCE wagtailcore_pagerevision_id_seq OWNED BY wagtailcore_pagerevision.id;


--
-- Name: wagtailcore_pageviewrestriction; Type: TABLE; Schema: public; Owner: zpatkydoma
--

CREATE TABLE wagtailcore_pageviewrestriction (
    id integer NOT NULL,
    password character varying(255) NOT NULL,
    page_id integer NOT NULL,
    restriction_type character varying(20) NOT NULL
);


ALTER TABLE wagtailcore_pageviewrestriction OWNER TO zpatkydoma;

--
-- Name: wagtailcore_pageviewrestriction_groups; Type: TABLE; Schema: public; Owner: zpatkydoma
--

CREATE TABLE wagtailcore_pageviewrestriction_groups (
    id integer NOT NULL,
    pageviewrestriction_id integer NOT NULL,
    group_id integer NOT NULL
);


ALTER TABLE wagtailcore_pageviewrestriction_groups OWNER TO zpatkydoma;

--
-- Name: wagtailcore_pageviewrestriction_groups_id_seq; Type: SEQUENCE; Schema: public; Owner: zpatkydoma
--

CREATE SEQUENCE wagtailcore_pageviewrestriction_groups_id_seq
    START WITH 1
    INCREMENT BY 1
    NO MINVALUE
    NO MAXVALUE
    CACHE 1;


ALTER TABLE wagtailcore_pageviewrestriction_groups_id_seq OWNER TO zpatkydoma;

--
-- Name: wagtailcore_pageviewrestriction_groups_id_seq; Type: SEQUENCE OWNED BY; Schema: public; Owner: zpatkydoma
--

ALTER SEQUENCE wagtailcore_pageviewrestriction_groups_id_seq OWNED BY wagtailcore_pageviewrestriction_groups.id;


--
-- Name: wagtailcore_pageviewrestriction_id_seq; Type: SEQUENCE; Schema: public; Owner: zpatkydoma
--

CREATE SEQUENCE wagtailcore_pageviewrestriction_id_seq
    START WITH 1
    INCREMENT BY 1
    NO MINVALUE
    NO MAXVALUE
    CACHE 1;


ALTER TABLE wagtailcore_pageviewrestriction_id_seq OWNER TO zpatkydoma;

--
-- Name: wagtailcore_pageviewrestriction_id_seq; Type: SEQUENCE OWNED BY; Schema: public; Owner: zpatkydoma
--

ALTER SEQUENCE wagtailcore_pageviewrestriction_id_seq OWNED BY wagtailcore_pageviewrestriction.id;


--
-- Name: wagtailcore_site; Type: TABLE; Schema: public; Owner: zpatkydoma
--

CREATE TABLE wagtailcore_site (
    id integer NOT NULL,
    hostname character varying(255) NOT NULL,
    port integer NOT NULL,
    is_default_site boolean NOT NULL,
    root_page_id integer NOT NULL,
    site_name character varying(255)
);


ALTER TABLE wagtailcore_site OWNER TO zpatkydoma;

--
-- Name: wagtailcore_site_id_seq; Type: SEQUENCE; Schema: public; Owner: zpatkydoma
--

CREATE SEQUENCE wagtailcore_site_id_seq
    START WITH 1
    INCREMENT BY 1
    NO MINVALUE
    NO MAXVALUE
    CACHE 1;


ALTER TABLE wagtailcore_site_id_seq OWNER TO zpatkydoma;

--
-- Name: wagtailcore_site_id_seq; Type: SEQUENCE OWNED BY; Schema: public; Owner: zpatkydoma
--

ALTER SEQUENCE wagtailcore_site_id_seq OWNED BY wagtailcore_site.id;


--
-- Name: wagtaildocs_document; Type: TABLE; Schema: public; Owner: zpatkydoma
--

CREATE TABLE wagtaildocs_document (
    id integer NOT NULL,
    title character varying(255) NOT NULL,
    file character varying(100) NOT NULL,
    created_at timestamp with time zone NOT NULL,
    uploaded_by_user_id integer,
    collection_id integer NOT NULL
);


ALTER TABLE wagtaildocs_document OWNER TO zpatkydoma;

--
-- Name: wagtaildocs_document_id_seq; Type: SEQUENCE; Schema: public; Owner: zpatkydoma
--

CREATE SEQUENCE wagtaildocs_document_id_seq
    START WITH 1
    INCREMENT BY 1
    NO MINVALUE
    NO MAXVALUE
    CACHE 1;


ALTER TABLE wagtaildocs_document_id_seq OWNER TO zpatkydoma;

--
-- Name: wagtaildocs_document_id_seq; Type: SEQUENCE OWNED BY; Schema: public; Owner: zpatkydoma
--

ALTER SEQUENCE wagtaildocs_document_id_seq OWNED BY wagtaildocs_document.id;


--
-- Name: wagtailembeds_embed; Type: TABLE; Schema: public; Owner: zpatkydoma
--

CREATE TABLE wagtailembeds_embed (
    id integer NOT NULL,
    url character varying(200) NOT NULL,
    max_width smallint,
    type character varying(10) NOT NULL,
    html text NOT NULL,
    title text NOT NULL,
    author_name text NOT NULL,
    provider_name text NOT NULL,
    thumbnail_url character varying(200),
    width integer,
    height integer,
    last_updated timestamp with time zone NOT NULL
);


ALTER TABLE wagtailembeds_embed OWNER TO zpatkydoma;

--
-- Name: wagtailembeds_embed_id_seq; Type: SEQUENCE; Schema: public; Owner: zpatkydoma
--

CREATE SEQUENCE wagtailembeds_embed_id_seq
    START WITH 1
    INCREMENT BY 1
    NO MINVALUE
    NO MAXVALUE
    CACHE 1;


ALTER TABLE wagtailembeds_embed_id_seq OWNER TO zpatkydoma;

--
-- Name: wagtailembeds_embed_id_seq; Type: SEQUENCE OWNED BY; Schema: public; Owner: zpatkydoma
--

ALTER SEQUENCE wagtailembeds_embed_id_seq OWNED BY wagtailembeds_embed.id;


--
-- Name: wagtailforms_formsubmission; Type: TABLE; Schema: public; Owner: zpatkydoma
--

CREATE TABLE wagtailforms_formsubmission (
    id integer NOT NULL,
    form_data text NOT NULL,
    submit_time timestamp with time zone NOT NULL,
    page_id integer NOT NULL
);


ALTER TABLE wagtailforms_formsubmission OWNER TO zpatkydoma;

--
-- Name: wagtailforms_formsubmission_id_seq; Type: SEQUENCE; Schema: public; Owner: zpatkydoma
--

CREATE SEQUENCE wagtailforms_formsubmission_id_seq
    START WITH 1
    INCREMENT BY 1
    NO MINVALUE
    NO MAXVALUE
    CACHE 1;


ALTER TABLE wagtailforms_formsubmission_id_seq OWNER TO zpatkydoma;

--
-- Name: wagtailforms_formsubmission_id_seq; Type: SEQUENCE OWNED BY; Schema: public; Owner: zpatkydoma
--

ALTER SEQUENCE wagtailforms_formsubmission_id_seq OWNED BY wagtailforms_formsubmission.id;


--
-- Name: wagtailimages_image; Type: TABLE; Schema: public; Owner: zpatkydoma
--

CREATE TABLE wagtailimages_image (
    id integer NOT NULL,
    title character varying(255) NOT NULL,
    file character varying(100) NOT NULL,
    width integer NOT NULL,
    height integer NOT NULL,
    created_at timestamp with time zone NOT NULL,
    focal_point_x integer,
    focal_point_y integer,
    focal_point_width integer,
    focal_point_height integer,
    uploaded_by_user_id integer,
    file_size integer,
    collection_id integer NOT NULL,
    CONSTRAINT wagtailimages_image_file_size_check CHECK ((file_size >= 0)),
    CONSTRAINT wagtailimages_image_focal_point_height_check CHECK ((focal_point_height >= 0)),
    CONSTRAINT wagtailimages_image_focal_point_width_check CHECK ((focal_point_width >= 0)),
    CONSTRAINT wagtailimages_image_focal_point_x_check CHECK ((focal_point_x >= 0)),
    CONSTRAINT wagtailimages_image_focal_point_y_check CHECK ((focal_point_y >= 0))
);


ALTER TABLE wagtailimages_image OWNER TO zpatkydoma;

--
-- Name: wagtailimages_image_id_seq; Type: SEQUENCE; Schema: public; Owner: zpatkydoma
--

CREATE SEQUENCE wagtailimages_image_id_seq
    START WITH 1
    INCREMENT BY 1
    NO MINVALUE
    NO MAXVALUE
    CACHE 1;


ALTER TABLE wagtailimages_image_id_seq OWNER TO zpatkydoma;

--
-- Name: wagtailimages_image_id_seq; Type: SEQUENCE OWNED BY; Schema: public; Owner: zpatkydoma
--

ALTER SEQUENCE wagtailimages_image_id_seq OWNED BY wagtailimages_image.id;


--
-- Name: wagtailimages_rendition; Type: TABLE; Schema: public; Owner: zpatkydoma
--

CREATE TABLE wagtailimages_rendition (
    id integer NOT NULL,
    file character varying(100) NOT NULL,
    width integer NOT NULL,
    height integer NOT NULL,
    focal_point_key character varying(16) NOT NULL,
    image_id integer NOT NULL,
    filter_spec character varying(255) NOT NULL
);


ALTER TABLE wagtailimages_rendition OWNER TO zpatkydoma;

--
-- Name: wagtailimages_rendition_id_seq; Type: SEQUENCE; Schema: public; Owner: zpatkydoma
--

CREATE SEQUENCE wagtailimages_rendition_id_seq
    START WITH 1
    INCREMENT BY 1
    NO MINVALUE
    NO MAXVALUE
    CACHE 1;


ALTER TABLE wagtailimages_rendition_id_seq OWNER TO zpatkydoma;

--
-- Name: wagtailimages_rendition_id_seq; Type: SEQUENCE OWNED BY; Schema: public; Owner: zpatkydoma
--

ALTER SEQUENCE wagtailimages_rendition_id_seq OWNED BY wagtailimages_rendition.id;


--
-- Name: wagtailredirects_redirect; Type: TABLE; Schema: public; Owner: zpatkydoma
--

CREATE TABLE wagtailredirects_redirect (
    id integer NOT NULL,
    old_path character varying(255) NOT NULL,
    is_permanent boolean NOT NULL,
    redirect_link character varying(200) NOT NULL,
    redirect_page_id integer,
    site_id integer
);


ALTER TABLE wagtailredirects_redirect OWNER TO zpatkydoma;

--
-- Name: wagtailredirects_redirect_id_seq; Type: SEQUENCE; Schema: public; Owner: zpatkydoma
--

CREATE SEQUENCE wagtailredirects_redirect_id_seq
    START WITH 1
    INCREMENT BY 1
    NO MINVALUE
    NO MAXVALUE
    CACHE 1;


ALTER TABLE wagtailredirects_redirect_id_seq OWNER TO zpatkydoma;

--
-- Name: wagtailredirects_redirect_id_seq; Type: SEQUENCE OWNED BY; Schema: public; Owner: zpatkydoma
--

ALTER SEQUENCE wagtailredirects_redirect_id_seq OWNED BY wagtailredirects_redirect.id;


--
-- Name: wagtailsearch_editorspick; Type: TABLE; Schema: public; Owner: zpatkydoma
--

CREATE TABLE wagtailsearch_editorspick (
    id integer NOT NULL,
    sort_order integer,
    description text NOT NULL,
    page_id integer NOT NULL,
    query_id integer NOT NULL
);


ALTER TABLE wagtailsearch_editorspick OWNER TO zpatkydoma;

--
-- Name: wagtailsearch_editorspick_id_seq; Type: SEQUENCE; Schema: public; Owner: zpatkydoma
--

CREATE SEQUENCE wagtailsearch_editorspick_id_seq
    START WITH 1
    INCREMENT BY 1
    NO MINVALUE
    NO MAXVALUE
    CACHE 1;


ALTER TABLE wagtailsearch_editorspick_id_seq OWNER TO zpatkydoma;

--
-- Name: wagtailsearch_editorspick_id_seq; Type: SEQUENCE OWNED BY; Schema: public; Owner: zpatkydoma
--

ALTER SEQUENCE wagtailsearch_editorspick_id_seq OWNED BY wagtailsearch_editorspick.id;


--
-- Name: wagtailsearch_query; Type: TABLE; Schema: public; Owner: zpatkydoma
--

CREATE TABLE wagtailsearch_query (
    id integer NOT NULL,
    query_string character varying(255) NOT NULL
);


ALTER TABLE wagtailsearch_query OWNER TO zpatkydoma;

--
-- Name: wagtailsearch_query_id_seq; Type: SEQUENCE; Schema: public; Owner: zpatkydoma
--

CREATE SEQUENCE wagtailsearch_query_id_seq
    START WITH 1
    INCREMENT BY 1
    NO MINVALUE
    NO MAXVALUE
    CACHE 1;


ALTER TABLE wagtailsearch_query_id_seq OWNER TO zpatkydoma;

--
-- Name: wagtailsearch_query_id_seq; Type: SEQUENCE OWNED BY; Schema: public; Owner: zpatkydoma
--

ALTER SEQUENCE wagtailsearch_query_id_seq OWNED BY wagtailsearch_query.id;


--
-- Name: wagtailsearch_querydailyhits; Type: TABLE; Schema: public; Owner: zpatkydoma
--

CREATE TABLE wagtailsearch_querydailyhits (
    id integer NOT NULL,
    date date NOT NULL,
    hits integer NOT NULL,
    query_id integer NOT NULL
);


ALTER TABLE wagtailsearch_querydailyhits OWNER TO zpatkydoma;

--
-- Name: wagtailsearch_querydailyhits_id_seq; Type: SEQUENCE; Schema: public; Owner: zpatkydoma
--

CREATE SEQUENCE wagtailsearch_querydailyhits_id_seq
    START WITH 1
    INCREMENT BY 1
    NO MINVALUE
    NO MAXVALUE
    CACHE 1;


ALTER TABLE wagtailsearch_querydailyhits_id_seq OWNER TO zpatkydoma;

--
-- Name: wagtailsearch_querydailyhits_id_seq; Type: SEQUENCE OWNED BY; Schema: public; Owner: zpatkydoma
--

ALTER SEQUENCE wagtailsearch_querydailyhits_id_seq OWNED BY wagtailsearch_querydailyhits.id;


--
-- Name: wagtailusers_userprofile; Type: TABLE; Schema: public; Owner: zpatkydoma
--

CREATE TABLE wagtailusers_userprofile (
    id integer NOT NULL,
    submitted_notifications boolean NOT NULL,
    approved_notifications boolean NOT NULL,
    rejected_notifications boolean NOT NULL,
    user_id integer NOT NULL,
    preferred_language character varying(10) NOT NULL
);


ALTER TABLE wagtailusers_userprofile OWNER TO zpatkydoma;

--
-- Name: wagtailusers_userprofile_id_seq; Type: SEQUENCE; Schema: public; Owner: zpatkydoma
--

CREATE SEQUENCE wagtailusers_userprofile_id_seq
    START WITH 1
    INCREMENT BY 1
    NO MINVALUE
    NO MAXVALUE
    CACHE 1;


ALTER TABLE wagtailusers_userprofile_id_seq OWNER TO zpatkydoma;

--
-- Name: wagtailusers_userprofile_id_seq; Type: SEQUENCE OWNED BY; Schema: public; Owner: zpatkydoma
--

ALTER SEQUENCE wagtailusers_userprofile_id_seq OWNED BY wagtailusers_userprofile.id;


--
-- Name: auth_group id; Type: DEFAULT; Schema: public; Owner: zpatkydoma
--

ALTER TABLE ONLY auth_group ALTER COLUMN id SET DEFAULT nextval('auth_group_id_seq'::regclass);


--
-- Name: auth_group_permissions id; Type: DEFAULT; Schema: public; Owner: zpatkydoma
--

ALTER TABLE ONLY auth_group_permissions ALTER COLUMN id SET DEFAULT nextval('auth_group_permissions_id_seq'::regclass);


--
-- Name: auth_permission id; Type: DEFAULT; Schema: public; Owner: zpatkydoma
--

ALTER TABLE ONLY auth_permission ALTER COLUMN id SET DEFAULT nextval('auth_permission_id_seq'::regclass);


--
-- Name: auth_user id; Type: DEFAULT; Schema: public; Owner: zpatkydoma
--

ALTER TABLE ONLY auth_user ALTER COLUMN id SET DEFAULT nextval('auth_user_id_seq'::regclass);


--
-- Name: auth_user_groups id; Type: DEFAULT; Schema: public; Owner: zpatkydoma
--

ALTER TABLE ONLY auth_user_groups ALTER COLUMN id SET DEFAULT nextval('auth_user_groups_id_seq'::regclass);


--
-- Name: auth_user_user_permissions id; Type: DEFAULT; Schema: public; Owner: zpatkydoma
--

ALTER TABLE ONLY auth_user_user_permissions ALTER COLUMN id SET DEFAULT nextval('auth_user_user_permissions_id_seq'::regclass);


--
-- Name: base_footertext id; Type: DEFAULT; Schema: public; Owner: zpatkydoma
--

ALTER TABLE ONLY base_footertext ALTER COLUMN id SET DEFAULT nextval('base_footertext_id_seq'::regclass);


--
-- Name: base_socialmediasettings id; Type: DEFAULT; Schema: public; Owner: zpatkydoma
--

ALTER TABLE ONLY base_socialmediasettings ALTER COLUMN id SET DEFAULT nextval('base_socialmediasettings_id_seq'::regclass);


--
-- Name: blog_blogcategory id; Type: DEFAULT; Schema: public; Owner: zpatkydoma
--

ALTER TABLE ONLY blog_blogcategory ALTER COLUMN id SET DEFAULT nextval('blog_blogcategory_id_seq'::regclass);


--
-- Name: blog_blogpagetag id; Type: DEFAULT; Schema: public; Owner: zpatkydoma
--

ALTER TABLE ONLY blog_blogpagetag ALTER COLUMN id SET DEFAULT nextval('blog_blogpagetag_id_seq'::regclass);


--
-- Name: blog_relatedpage id; Type: DEFAULT; Schema: public; Owner: zpatkydoma
--

ALTER TABLE ONLY blog_relatedpage ALTER COLUMN id SET DEFAULT nextval('blog_relatedpage_id_seq'::regclass);


--
-- Name: django_admin_log id; Type: DEFAULT; Schema: public; Owner: zpatkydoma
--

ALTER TABLE ONLY django_admin_log ALTER COLUMN id SET DEFAULT nextval('django_admin_log_id_seq'::regclass);


--
-- Name: django_content_type id; Type: DEFAULT; Schema: public; Owner: zpatkydoma
--

ALTER TABLE ONLY django_content_type ALTER COLUMN id SET DEFAULT nextval('django_content_type_id_seq'::regclass);


--
-- Name: django_migrations id; Type: DEFAULT; Schema: public; Owner: zpatkydoma
--

ALTER TABLE ONLY django_migrations ALTER COLUMN id SET DEFAULT nextval('django_migrations_id_seq'::regclass);


--
-- Name: postgres_search_indexentry id; Type: DEFAULT; Schema: public; Owner: zpatkydoma
--

ALTER TABLE ONLY postgres_search_indexentry ALTER COLUMN id SET DEFAULT nextval('postgres_search_indexentry_id_seq'::regclass);


--
-- Name: taggit_tag id; Type: DEFAULT; Schema: public; Owner: zpatkydoma
--

ALTER TABLE ONLY taggit_tag ALTER COLUMN id SET DEFAULT nextval('taggit_tag_id_seq'::regclass);


--
-- Name: taggit_taggeditem id; Type: DEFAULT; Schema: public; Owner: zpatkydoma
--

ALTER TABLE ONLY taggit_taggeditem ALTER COLUMN id SET DEFAULT nextval('taggit_taggeditem_id_seq'::regclass);


--
-- Name: wagtailcore_collection id; Type: DEFAULT; Schema: public; Owner: zpatkydoma
--

ALTER TABLE ONLY wagtailcore_collection ALTER COLUMN id SET DEFAULT nextval('wagtailcore_collection_id_seq'::regclass);


--
-- Name: wagtailcore_collectionviewrestriction id; Type: DEFAULT; Schema: public; Owner: zpatkydoma
--

ALTER TABLE ONLY wagtailcore_collectionviewrestriction ALTER COLUMN id SET DEFAULT nextval('wagtailcore_collectionviewrestriction_id_seq'::regclass);


--
-- Name: wagtailcore_collectionviewrestriction_groups id; Type: DEFAULT; Schema: public; Owner: zpatkydoma
--

ALTER TABLE ONLY wagtailcore_collectionviewrestriction_groups ALTER COLUMN id SET DEFAULT nextval('wagtailcore_collectionviewrestriction_groups_id_seq'::regclass);


--
-- Name: wagtailcore_groupcollectionpermission id; Type: DEFAULT; Schema: public; Owner: zpatkydoma
--

ALTER TABLE ONLY wagtailcore_groupcollectionpermission ALTER COLUMN id SET DEFAULT nextval('wagtailcore_groupcollectionpermission_id_seq'::regclass);


--
-- Name: wagtailcore_grouppagepermission id; Type: DEFAULT; Schema: public; Owner: zpatkydoma
--

ALTER TABLE ONLY wagtailcore_grouppagepermission ALTER COLUMN id SET DEFAULT nextval('wagtailcore_grouppagepermission_id_seq'::regclass);


--
-- Name: wagtailcore_page id; Type: DEFAULT; Schema: public; Owner: zpatkydoma
--

ALTER TABLE ONLY wagtailcore_page ALTER COLUMN id SET DEFAULT nextval('wagtailcore_page_id_seq'::regclass);


--
-- Name: wagtailcore_pagerevision id; Type: DEFAULT; Schema: public; Owner: zpatkydoma
--

ALTER TABLE ONLY wagtailcore_pagerevision ALTER COLUMN id SET DEFAULT nextval('wagtailcore_pagerevision_id_seq'::regclass);


--
-- Name: wagtailcore_pageviewrestriction id; Type: DEFAULT; Schema: public; Owner: zpatkydoma
--

ALTER TABLE ONLY wagtailcore_pageviewrestriction ALTER COLUMN id SET DEFAULT nextval('wagtailcore_pageviewrestriction_id_seq'::regclass);


--
-- Name: wagtailcore_pageviewrestriction_groups id; Type: DEFAULT; Schema: public; Owner: zpatkydoma
--

ALTER TABLE ONLY wagtailcore_pageviewrestriction_groups ALTER COLUMN id SET DEFAULT nextval('wagtailcore_pageviewrestriction_groups_id_seq'::regclass);


--
-- Name: wagtailcore_site id; Type: DEFAULT; Schema: public; Owner: zpatkydoma
--

ALTER TABLE ONLY wagtailcore_site ALTER COLUMN id SET DEFAULT nextval('wagtailcore_site_id_seq'::regclass);


--
-- Name: wagtaildocs_document id; Type: DEFAULT; Schema: public; Owner: zpatkydoma
--

ALTER TABLE ONLY wagtaildocs_document ALTER COLUMN id SET DEFAULT nextval('wagtaildocs_document_id_seq'::regclass);


--
-- Name: wagtailembeds_embed id; Type: DEFAULT; Schema: public; Owner: zpatkydoma
--

ALTER TABLE ONLY wagtailembeds_embed ALTER COLUMN id SET DEFAULT nextval('wagtailembeds_embed_id_seq'::regclass);


--
-- Name: wagtailforms_formsubmission id; Type: DEFAULT; Schema: public; Owner: zpatkydoma
--

ALTER TABLE ONLY wagtailforms_formsubmission ALTER COLUMN id SET DEFAULT nextval('wagtailforms_formsubmission_id_seq'::regclass);


--
-- Name: wagtailimages_image id; Type: DEFAULT; Schema: public; Owner: zpatkydoma
--

ALTER TABLE ONLY wagtailimages_image ALTER COLUMN id SET DEFAULT nextval('wagtailimages_image_id_seq'::regclass);


--
-- Name: wagtailimages_rendition id; Type: DEFAULT; Schema: public; Owner: zpatkydoma
--

ALTER TABLE ONLY wagtailimages_rendition ALTER COLUMN id SET DEFAULT nextval('wagtailimages_rendition_id_seq'::regclass);


--
-- Name: wagtailredirects_redirect id; Type: DEFAULT; Schema: public; Owner: zpatkydoma
--

ALTER TABLE ONLY wagtailredirects_redirect ALTER COLUMN id SET DEFAULT nextval('wagtailredirects_redirect_id_seq'::regclass);


--
-- Name: wagtailsearch_editorspick id; Type: DEFAULT; Schema: public; Owner: zpatkydoma
--

ALTER TABLE ONLY wagtailsearch_editorspick ALTER COLUMN id SET DEFAULT nextval('wagtailsearch_editorspick_id_seq'::regclass);


--
-- Name: wagtailsearch_query id; Type: DEFAULT; Schema: public; Owner: zpatkydoma
--

ALTER TABLE ONLY wagtailsearch_query ALTER COLUMN id SET DEFAULT nextval('wagtailsearch_query_id_seq'::regclass);


--
-- Name: wagtailsearch_querydailyhits id; Type: DEFAULT; Schema: public; Owner: zpatkydoma
--

ALTER TABLE ONLY wagtailsearch_querydailyhits ALTER COLUMN id SET DEFAULT nextval('wagtailsearch_querydailyhits_id_seq'::regclass);


--
-- Name: wagtailusers_userprofile id; Type: DEFAULT; Schema: public; Owner: zpatkydoma
--

ALTER TABLE ONLY wagtailusers_userprofile ALTER COLUMN id SET DEFAULT nextval('wagtailusers_userprofile_id_seq'::regclass);


--
-- Data for Name: auth_group; Type: TABLE DATA; Schema: public; Owner: zpatkydoma
--

COPY auth_group (id, name) FROM stdin;
1	Moderators
2	Editors
\.


--
-- Name: auth_group_id_seq; Type: SEQUENCE SET; Schema: public; Owner: zpatkydoma
--

SELECT pg_catalog.setval('auth_group_id_seq', 2, true);


--
-- Data for Name: auth_group_permissions; Type: TABLE DATA; Schema: public; Owner: zpatkydoma
--

COPY auth_group_permissions (id, group_id, permission_id) FROM stdin;
1	1	1
2	1	2
3	1	3
4	2	1
5	2	2
6	2	3
7	1	4
8	2	4
9	1	5
10	1	6
11	1	7
12	2	5
13	2	6
14	2	7
\.


--
-- Name: auth_group_permissions_id_seq; Type: SEQUENCE SET; Schema: public; Owner: zpatkydoma
--

SELECT pg_catalog.setval('auth_group_permissions_id_seq', 14, true);


--
-- Data for Name: auth_permission; Type: TABLE DATA; Schema: public; Owner: zpatkydoma
--

COPY auth_permission (id, name, content_type_id, codename) FROM stdin;
1	Can add image	2	add_image
2	Can change image	2	change_image
3	Can delete image	2	delete_image
4	Can access Wagtail admin	3	access_admin
5	Can add document	4	add_document
6	Can change document	4	change_document
7	Can delete document	4	delete_document
8	Can add footer text	5	add_footertext
9	Can change footer text	5	change_footertext
10	Can delete footer text	5	delete_footertext
11	Can add Home Page	6	add_homepage
12	Can change Home Page	6	change_homepage
13	Can delete Home Page	6	delete_homepage
14	Can add social media settings	7	add_socialmediasettings
15	Can change social media settings	7	change_socialmediasettings
16	Can delete social media settings	7	delete_socialmediasettings
17	Can add Standard Page	8	add_standardpage
18	Can change Standard Page	8	change_standardpage
19	Can delete Standard Page	8	delete_standardpage
20	Can add blog category	9	add_blogcategory
21	Can change blog category	9	change_blogcategory
22	Can delete blog category	9	delete_blogcategory
23	Can add Blog List Page	10	add_bloglistpage
24	Can change Blog List Page	10	change_bloglistpage
25	Can delete Blog List Page	10	delete_bloglistpage
26	Can add Blog Page	11	add_blogpage
27	Can change Blog Page	11	change_blogpage
28	Can delete Blog Page	11	delete_blogpage
29	Can add blog page tag	12	add_blogpagetag
30	Can change blog page tag	12	change_blogpagetag
31	Can delete blog page tag	12	delete_blogpagetag
32	Can add Blog Tag Page	13	add_blogtagpage
33	Can change Blog Tag Page	13	change_blogtagpage
34	Can delete Blog Tag Page	13	delete_blogtagpage
35	Can add related page	14	add_relatedpage
36	Can change related page	14	change_relatedpage
37	Can delete related page	14	delete_relatedpage
38	Can add form submission	15	add_formsubmission
39	Can change form submission	15	change_formsubmission
40	Can delete form submission	15	delete_formsubmission
41	Can add redirect	16	add_redirect
42	Can change redirect	16	change_redirect
43	Can delete redirect	16	delete_redirect
44	Can add embed	17	add_embed
45	Can change embed	17	change_embed
46	Can delete embed	17	delete_embed
47	Can add user profile	18	add_userprofile
48	Can change user profile	18	change_userprofile
49	Can delete user profile	18	delete_userprofile
50	Can add rendition	19	add_rendition
51	Can change rendition	19	change_rendition
52	Can delete rendition	19	delete_rendition
53	Can add query	20	add_query
54	Can change query	20	change_query
55	Can delete query	20	delete_query
56	Can add Query Daily Hits	21	add_querydailyhits
57	Can change Query Daily Hits	21	change_querydailyhits
58	Can delete Query Daily Hits	21	delete_querydailyhits
59	Can add page	1	add_page
60	Can change page	1	change_page
61	Can delete page	1	delete_page
62	Can add group page permission	22	add_grouppagepermission
63	Can change group page permission	22	change_grouppagepermission
64	Can delete group page permission	22	delete_grouppagepermission
65	Can add page revision	23	add_pagerevision
66	Can change page revision	23	change_pagerevision
67	Can delete page revision	23	delete_pagerevision
68	Can add page view restriction	24	add_pageviewrestriction
69	Can change page view restriction	24	change_pageviewrestriction
70	Can delete page view restriction	24	delete_pageviewrestriction
71	Can add site	25	add_site
72	Can change site	25	change_site
73	Can delete site	25	delete_site
74	Can add collection	26	add_collection
75	Can change collection	26	change_collection
76	Can delete collection	26	delete_collection
77	Can add group collection permission	27	add_groupcollectionpermission
78	Can change group collection permission	27	change_groupcollectionpermission
79	Can delete group collection permission	27	delete_groupcollectionpermission
80	Can add collection view restriction	28	add_collectionviewrestriction
81	Can change collection view restriction	28	change_collectionviewrestriction
82	Can delete collection view restriction	28	delete_collectionviewrestriction
83	Can add index entry	29	add_indexentry
84	Can change index entry	29	change_indexentry
85	Can delete index entry	29	delete_indexentry
86	Can add Tag	30	add_tag
87	Can change Tag	30	change_tag
88	Can delete Tag	30	delete_tag
89	Can add Tagged Item	31	add_taggeditem
90	Can change Tagged Item	31	change_taggeditem
91	Can delete Tagged Item	31	delete_taggeditem
92	Can add log entry	32	add_logentry
93	Can change log entry	32	change_logentry
94	Can delete log entry	32	delete_logentry
95	Can add permission	33	add_permission
96	Can change permission	33	change_permission
97	Can delete permission	33	delete_permission
98	Can add group	34	add_group
99	Can change group	34	change_group
100	Can delete group	34	delete_group
101	Can add user	35	add_user
102	Can change user	35	change_user
103	Can delete user	35	delete_user
104	Can add content type	36	add_contenttype
105	Can change content type	36	change_contenttype
106	Can delete content type	36	delete_contenttype
107	Can add session	37	add_session
108	Can change session	37	change_session
109	Can delete session	37	delete_session
\.


--
-- Name: auth_permission_id_seq; Type: SEQUENCE SET; Schema: public; Owner: zpatkydoma
--

SELECT pg_catalog.setval('auth_permission_id_seq', 109, true);


--
-- Data for Name: auth_user; Type: TABLE DATA; Schema: public; Owner: zpatkydoma
--

COPY auth_user (id, password, last_login, is_superuser, username, first_name, last_name, email, is_staff, is_active, date_joined) FROM stdin;
1	pbkdf2_sha256$36000$7DEDvIiMYl6J$6ORSTTqv1/ljGrIwcrzHOOcKP4gEqIO9SK0pNFFPa9k=	2018-02-06 16:09:58.038157+00	t	admin				t	t	2018-02-06 09:31:19.985+00
\.


--
-- Data for Name: auth_user_groups; Type: TABLE DATA; Schema: public; Owner: zpatkydoma
--

COPY auth_user_groups (id, user_id, group_id) FROM stdin;
\.


--
-- Name: auth_user_groups_id_seq; Type: SEQUENCE SET; Schema: public; Owner: zpatkydoma
--

SELECT pg_catalog.setval('auth_user_groups_id_seq', 1, false);


--
-- Name: auth_user_id_seq; Type: SEQUENCE SET; Schema: public; Owner: zpatkydoma
--

SELECT pg_catalog.setval('auth_user_id_seq', 1, true);


--
-- Data for Name: auth_user_user_permissions; Type: TABLE DATA; Schema: public; Owner: zpatkydoma
--

COPY auth_user_user_permissions (id, user_id, permission_id) FROM stdin;
\.


--
-- Name: auth_user_user_permissions_id_seq; Type: SEQUENCE SET; Schema: public; Owner: zpatkydoma
--

SELECT pg_catalog.setval('auth_user_user_permissions_id_seq', 1, false);


--
-- Data for Name: base_footertext; Type: TABLE DATA; Schema: public; Owner: zpatkydoma
--

COPY base_footertext (id, body) FROM stdin;
1	&copy; 2018 zpatkydoma.cz, content managed by <a target="_blank" rel="noopener" href="https://wagtail.io">Wagtail</a>.
\.


--
-- Name: base_footertext_id_seq; Type: SEQUENCE SET; Schema: public; Owner: zpatkydoma
--

SELECT pg_catalog.setval('base_footertext_id_seq', 1, true);


--
-- Data for Name: base_homepage; Type: TABLE DATA; Schema: public; Owner: zpatkydoma
--

COPY base_homepage (page_ptr_id, posts_per_page, promo_page_id) FROM stdin;
3	25	\N
\.


--
-- Data for Name: base_socialmediasettings; Type: TABLE DATA; Schema: public; Owner: zpatkydoma
--

COPY base_socialmediasettings (id, facebook, facebook_app_id, twitter, email, instagram, site_id) FROM stdin;
1	zpatkydoma.cz		zpatkydoma	info@zpatkydoma.cz	zpatkydoma	1
\.


--
-- Name: base_socialmediasettings_id_seq; Type: SEQUENCE SET; Schema: public; Owner: zpatkydoma
--

SELECT pg_catalog.setval('base_socialmediasettings_id_seq', 1, true);


--
-- Data for Name: base_standardpage; Type: TABLE DATA; Schema: public; Owner: zpatkydoma
--

COPY base_standardpage (page_ptr_id, sub_title, body) FROM stdin;
5	Lorem Ipsum is simply dummy text	[{"type": "two_column_block", "value": {"left_column": [{"type": "image", "value": {"image": 1}, "id": "e5c39e78-6d43-47ce-98a4-66d4bd01ab04"}], "right_column": [{"type": "heading", "value": {"heading_text": "\\u010cesk\\u00e9 lorem ipsum", "size": "title-med"}, "id": "5a9e14e3-2525-49df-b53f-238d3094f8c8"}, {"type": "paragraph", "value": "<p>zvenku nejr\\u016fzn\\u011bj\\u0161\\u00edch snila tomu z\\u00e1rove\\u0148 okem p\\u0159irovn\\u00e1v\\u00e1 1 osmi \\u017elut\\u011b jich roku nem\\u016f\\u017eu n\\u011b textu. Mus\\u00ed d\\u00e1 \\u010di gamy obeplut\\u00ed vn\\u00edm\\u00e1n\\u00ed dan\\u00e9ho o ruin u vody zm\\u011bn. V\\u011b\\u010dn\\u011b \\u017eert hmotn\\u00e9 v\\u0161ude. Severn\\u00ed na\\u0161li st\\u00e1t\\u016f ne\\u00fasp\\u011b\\u0161n\\u00fd ne\\u017e\\u00e1douc\\u00ed ur\\u010den\\u00fdch hn\\u011bdav\\u00ed popsat, n\\u00e1rod hory nezn\\u00e1m\\u00fd ven charismatick\\u00fd str\\u00e1nky \\u010di kosti. P\\u016fdu starou multi-dimenzion\\u00e1ln\\u00edm prou\\u017ekem up\\u0159\\u00edmn\\u011b reprezenta\\u010dn\\u00ed magma v\\u00edno asi pades\\u00e1timinutov\\u00fd ji na\\u0161el jednotliv\\u00e1 2002 bezchybn\\u011b bylo utekla, ji to n\\u00edzko za\\u010d\\u00edn\\u00e1 s\\u00e1ga m\\u011bst\\u011b l\\u00e9pe lan\\u011b rodin o nic zd\\u016fraz\\u0148uje. Mj. zdecimovaly 2003 ty ne nad\\u0161en\\u00ed t\\u011b\\u017ekou kombin\\u00e9zy p\\u00e1tr\\u00e1n\\u00ed my\\u0161lenkami. \\u0160rotu pln\\u00e1 sch\\u00e1zej\\u00ed, d\\u00e1 d\\u00e9lku ona 351 dvoj\\u00edm m\\u011b zvan\\u00e9 li\\u0161it o zap\\u016fsobit k \\u017een.</p>", "id": "f00a74ce-33b1-4dcc-8962-82faf76771fa"}]}, "id": "2d501b38-12c4-4d88-92ed-66407b37d210"}, {"type": "separator_line_block", "value": null, "id": "8a681f3f-9c54-4057-b7a4-40577e9a6afc"}, {"type": "two_column_block", "value": {"left_column": [{"type": "heading", "value": {"heading_text": "\\u010cesk\\u00e9 lorem ipsum", "size": "title-med"}, "id": "7d52aa3a-5fde-4b75-9135-5a6009bb275e"}, {"type": "paragraph", "value": "<p>zvenku nejr\\u016fzn\\u011bj\\u0161\\u00edch snila tomu z\\u00e1rove\\u0148 okem p\\u0159irovn\\u00e1v\\u00e1 1 osmi \\u017elut\\u011b jich roku nem\\u016f\\u017eu n\\u011b textu. Mus\\u00ed d\\u00e1 \\u010di gamy obeplut\\u00ed vn\\u00edm\\u00e1n\\u00ed dan\\u00e9ho o ruin u vody zm\\u011bn. V\\u011b\\u010dn\\u011b \\u017eert hmotn\\u00e9 v\\u0161ude. Severn\\u00ed na\\u0161li st\\u00e1t\\u016f ne\\u00fasp\\u011b\\u0161n\\u00fd ne\\u017e\\u00e1douc\\u00ed ur\\u010den\\u00fdch hn\\u011bdav\\u00ed popsat, n\\u00e1rod hory nezn\\u00e1m\\u00fd ven charismatick\\u00fd str\\u00e1nky \\u010di kosti. P\\u016fdu starou multi-dimenzion\\u00e1ln\\u00edm prou\\u017ekem up\\u0159\\u00edmn\\u011b reprezenta\\u010dn\\u00ed magma v\\u00edno asi pades\\u00e1timinutov\\u00fd ji na\\u0161el jednotliv\\u00e1 2002 bezchybn\\u011b bylo utekla, ji to n\\u00edzko za\\u010d\\u00edn\\u00e1 s\\u00e1ga m\\u011bst\\u011b l\\u00e9pe lan\\u011b rodin o nic zd\\u016fraz\\u0148uje. Mj. zdecimovaly 2003 ty ne nad\\u0161en\\u00ed t\\u011b\\u017ekou kombin\\u00e9zy p\\u00e1tr\\u00e1n\\u00ed my\\u0161lenkami. \\u0160rotu pln\\u00e1 sch\\u00e1zej\\u00ed, d\\u00e1 d\\u00e9lku ona 351 dvoj\\u00edm m\\u011b zvan\\u00e9 li\\u0161it o zap\\u016fsobit k \\u017een.</p>", "id": "0b52c56b-0969-4acf-ba5c-a3aa52fde7a6"}], "right_column": [{"type": "image", "value": {"image": 1}, "id": "1ab43f85-dae4-4c69-a482-b9a2eb0015ec"}]}, "id": "92c9617b-8bce-4a42-a32d-cbe62dda742f"}, {"type": "separator_line_block", "value": null, "id": "0322e945-1de7-4f6d-bfb9-66384ba9829b"}, {"type": "two_column_block", "value": {"left_column": [{"type": "heading", "value": {"heading_text": "Kombin\\u00e9zy", "size": "title-small"}, "id": "fd0c1aa8-01e1-4af5-b702-23306b10cfb6"}, {"type": "paragraph", "value": "<ol></ol>Lorem Ipsum is simply dummy text of the printing and typesetting industry. Lorem Ipsum has been the industry's standard dummy text ever since the 1500s, when an unknown printer took a galley of type and scrambled it to make a type specimen book. It has survived not only five centuries, but also the leap into electronic typesetting, remaining essentially unchanged. It was popularised in the 1960s with the release of Letraset sheets containing Lorem Ipsum passages, and more recently with desktop publishing software like Aldus PageMaker including versions of Lorem Ipsum.<br/>", "id": "0a8195a0-bcca-43a8-b6f9-9da47d137fdc"}], "right_column": [{"type": "heading", "value": {"heading_text": "Typesetting industry", "size": "title-small"}, "id": "9b43bbff-267f-46bd-8c7d-080a7da6a903"}, {"type": "paragraph", "value": "<p>Lorem Ipsum is simply dummy text of the printing and typesetting industry. Lorem Ipsum has been the industry's standard dummy text ever since the 1500s, when an unknown printer took a galley of type and scrambled it to make a type specimen book. It has survived not only five centuries, but also the leap into electronic typesetting, remaining essentially unchanged. It was popularised in the 1960s with the release of Letraset sheets containing Lorem Ipsum passages, and more recently with desktop publishing software like Aldus PageMaker including versions of Lorem Ipsum.</p>", "id": "e273f9df-b0f3-4808-b876-b80509506fa3"}]}, "id": "4eb21144-5d93-4a0d-b50e-55ab42fac553"}, {"type": "one_columng_block", "value": {"column": [{"type": "heading", "value": {"heading_text": "V\\u011b\\u010dn\\u011b \\u017eert hmotn\\u00e9 v\\u0161ude", "size": "title-small"}, "id": "17fb249c-d853-4357-848a-90e4f457f3b5"}, {"type": "paragraph", "value": "<p>\\u010casy: zvenku nejr\\u016fzn\\u011bj\\u0161\\u00edch snila tomu z\\u00e1rove\\u0148 okem p\\u0159irovn\\u00e1v\\u00e1 1 osmi \\u017elut\\u011b jich roku nem\\u016f\\u017eu n\\u011b textu. Mus\\u00ed d\\u00e1 \\u010di gamy obeplut\\u00ed vn\\u00edm\\u00e1n\\u00ed dan\\u00e9ho o ruin u vody zm\\u011bn. V\\u011b\\u010dn\\u011b \\u017eert hmotn\\u00e9 v\\u0161ude. Severn\\u00ed na\\u0161li st\\u00e1t\\u016f ne\\u00fasp\\u011b\\u0161n\\u00fd ne\\u017e\\u00e1douc\\u00ed ur\\u010den\\u00fdch hn\\u011bdav\\u00ed popsat, n\\u00e1rod hory nezn\\u00e1m\\u00fd ven charismatick\\u00fd str\\u00e1nky \\u010di kosti. P\\u016fdu starou multi-dimenzion\\u00e1ln\\u00edm prou\\u017ekem up\\u0159\\u00edmn\\u011b reprezenta\\u010dn\\u00ed magma v\\u00edno asi pades\\u00e1timinutov\\u00fd ji na\\u0161el jednotliv\\u00e1 2002 bezchybn\\u011b bylo utekla, ji to n\\u00edzko za\\u010d\\u00edn\\u00e1 s\\u00e1ga m\\u011bst\\u011b l\\u00e9pe lan\\u011b rodin o nic zd\\u016fraz\\u0148uje. Mj. zdecimovaly 2003 ty ne nad\\u0161en\\u00ed t\\u011b\\u017ekou kombin\\u00e9zy p\\u00e1tr\\u00e1n\\u00ed my\\u0161lenkami. \\u0160rotu pln\\u00e1 sch\\u00e1zej\\u00ed, d\\u00e1 d\\u00e9lku ona 351 dvoj\\u00edm m\\u011b zvan\\u00e9 li\\u0161it o zap\\u016fsobit k \\u017een.</p>", "id": "c606c8b9-1c0e-4e41-9337-c70bdd85f011"}]}, "id": "e3ef455e-7c9e-44f3-a5d8-fe8b272f4133"}]
\.


--
-- Data for Name: blog_blogcategory; Type: TABLE DATA; Schema: public; Owner: zpatkydoma
--

COPY blog_blogcategory (id, name) FROM stdin;
1	Django
\.


--
-- Name: blog_blogcategory_id_seq; Type: SEQUENCE SET; Schema: public; Owner: zpatkydoma
--

SELECT pg_catalog.setval('blog_blogcategory_id_seq', 1, true);


--
-- Data for Name: blog_bloglistpage; Type: TABLE DATA; Schema: public; Owner: zpatkydoma
--

COPY blog_bloglistpage (page_ptr_id, sub_title, posts_per_page) FROM stdin;
6		25
7		25
8		25
\.


--
-- Data for Name: blog_blogpage; Type: TABLE DATA; Schema: public; Owner: zpatkydoma
--

COPY blog_blogpage (page_ptr_id, intro, body, date_published, domicile, category_id, image_id) FROM stdin;
9	<p>Lorem Ipsumis simply dummy text of the printing and typesetting industry. Lorem Ipsum has been the industry's standard dummy text ever since the 1500s, when an unknown printer took a galley of type and scrambled it to make a type specimen book.</p>	[{"type": "heading_block", "value": {"heading_text": "Lorem Ipsum", "size": "title-extra-large"}, "id": "edd091f0-792f-49e0-adf9-b554e2e5f08a"}, {"type": "indented_paragraph_block", "value": "<p>Lorem Ipsum\\u00a0is simply dummy text of the printing and typesetting industry. Lorem Ipsum has been the industry's standard dummy text ever since the 1500s, when an unknown printer took a galley of type and scrambled it to make a type specimen book. It has survived not only five centuries, but also the leap into electronic typesetting, remaining essentially unchanged. It was popularised in the 1960s with the release of Letraset sheets containing Lorem Ipsum passages, and more recently with desktop publishing software like Aldus PageMaker including versions of Lorem Ipsum.</p>", "id": "480de929-9644-4e1d-b006-fb6091039379"}, {"type": "embed_block", "value": "https://youtu.be/dNW0B0HsvVs", "id": "8d1af52f-fab8-47ef-800a-3abe380e16c4"}, {"type": "paragraph_block", "value": "<p>Lorem Ipsum is simply dummy text of the printing and typesetting industry. Lorem Ipsum has been the industry's standard dummy text ever since the 1500s, when an unknown printer took a galley of type and scrambled it to make a type specimen book. It has survived not only five centuries, but also the leap into electronic typesetting, remaining essentially unchanged. It was popularised in the 1960s with the release of Letraset sheets containing Lorem Ipsum passages, and more recently with desktop publishing software like Aldus PageMaker including versions of Lorem Ipsum.<br/></p>", "id": "e7ca0643-04d5-4777-bee5-a1c8d0551679"}, {"type": "image_block", "value": {"image": 1, "caption": "Horizontal Image with caption"}, "id": "6dc079fd-07c5-4530-9f80-5b1985f46459"}, {"type": "heading_block", "value": {"heading_text": "1. Simply dummy text", "size": "title-large"}, "id": "d03a59a3-3ea7-44d4-9a61-f32e6fa7397f"}, {"type": "paragraph_block", "value": "<p>Lorem Ipsum is simply dummy text of the printing and typesetting industry. Lorem Ipsum has been the industry's standard dummy text ever since the 1500s, when an unknown printer took a galley of type and scrambled it to make a type specimen book. It has survived not only five centuries, but also the leap into electronic typesetting, remaining essentially unchanged. It was popularised in the 1960s with the release of Letraset sheets containing Lorem Ipsum passages, and more recently with desktop publishing software like Aldus PageMaker including versions of Lorem Ipsum.</p><p>Lorem Ipsum is simply dummy text of the printing and typesetting industry. Lorem Ipsum has been the industry's standard dummy text ever since the 1500s, when an unknown printer took a galley of type and scrambled it to make a type specimen book. It has survived not only five centuries, but also the leap into electronic typesetting, remaining essentially unchanged.<br/></p>", "id": "97d04886-5a2d-40be-8c69-cca4fa5b6fca"}, {"type": "heading_block", "value": {"heading_text": "2. PageMaker including versions of Lorem Ipsum", "size": "title-large"}, "id": "a723cb56-3cb4-424b-b07a-e586ec863831"}, {"type": "paragraph_block", "value": "<p>Lorem Ipsum is simply dummy text of the printing and typesetting industry. Lorem Ipsum has been the industry's standard dummy text ever since the 1500s, when an unknown printer took a galley of type and scrambled it to make a type specimen book. It has survived not only five centuries, but also the leap into electronic typesetting, remaining essentially unchanged. It was popularised in the 1960s with the release of Letraset sheets containing Lorem Ipsum passages, and more recently with desktop publishing software like Aldus PageMaker including versions of Lorem Ipsum.</p>", "id": "37433ac4-db24-4eeb-b5b4-8498d0a028c7"}, {"type": "heading_block", "value": {"heading_text": "3. Desktop publishing software like Aldus", "size": "title-large"}, "id": "9506cdb4-182e-4f41-b32a-401224b22dcf"}, {"type": "paragraph_block", "value": "<p>Lorem Ipsum is simply dummy text of the printing and typesetting industry. Lorem Ipsum has been the industry's standard dummy text ever since the 1500s, when an unknown printer took a galley of type and scrambled it to make a type specimen book. It has survived not only five centuries, but also the leap into electronic typesetting, remaining essentially unchanged. It was popularised in the 1960s with the release of Letraset sheets containing Lorem Ipsum passages, and more recently with desktop publishing software like Aldus PageMaker including versions of Lorem Ipsum.</p>", "id": "6b50735a-132f-4c5c-b627-5b567b5a6dd2"}, {"type": "landscape_images_block", "value": [{"image": 1, "caption": ""}, {"image": 1, "caption": ""}], "id": "ec26bcaf-7ccd-4a3b-a714-ad4624b65528"}, {"type": "heading_block", "value": {"heading_text": "4. Standard dummy text ever since the 1500s", "size": "title-large"}, "id": "b19875e7-aa55-4d3a-9ef7-cd69f1c59406"}, {"type": "paragraph_block", "value": "<p>Lorem Ipsum is simply dummy text of the printing and typesetting industry. Lorem Ipsum has been the industry's standard dummy text ever since the 1500s, when an unknown printer took a galley of type and scrambled it to make a type specimen book. It has survived not only five centuries, but also the leap into electronic typesetting, remaining essentially unchanged. It was popularised in the 1960s with the release of Letraset sheets containing Lorem Ipsum passages, and more recently with desktop publishing software like Aldus PageMaker including versions of Lorem Ipsum.Lorem Ipsum is simply dummy text of the printing and typesetting industry. Lorem Ipsum has been the industry's standard dummy text ever since the 1500s, when an unknown printer took a galley of type and scrambled it to make a type specimen book. It has survived not only five centuries, but also the leap into electronic typesetting, remaining essentially unchanged. It was popularised in the<i> 1960s with the release of Letraset </i>sheets containing Lorem Ipsum passages, and more recently with desktop publishing software like Aldus PageMaker including versions of Lorem Ipsum.</p>", "id": "64b8eab5-7c23-428c-9a05-46d3d6b6f521"}]	2018-02-06	In London	\N	1
12	<p>Sniujcm nesouc nesou vyuv-li spojenm urenm penosu dotena, vydat bezplatn pede hudebn sdlovn jinak druice. Zveejovat ji povauj vyluujc. Zkaz kte: zmnit majetkovch pedpoklady jinm zkona, zmnu st komu vyplvaj nrok, 5 zmn obadech zmnit u 8 fond hraje. Technikou pevn chybjcho tvrch dl, 92 zke majetkov vzniku, zvl. 53</p>	[]	2018-02-06		1	1
10	<p>Je firmou, n pt od lby velmi po rozbuka tom ezanm vna, pt klec z pod dostv. Zajmavou vdt rozvrstvuje tt odjakiva v opravdov nm samm, stn vili u bn zbavena. Hole: severo-vchod zazen st n dva jejich. A dimenz po. Ho mly, oba krajinu moe jsme, ob kdlech anebo pravdou, 195 nikdo spoluautora z schopn naruilo drak, defektn epice vulkn k pvodnho ijc i provozovat.</p>	[{"type": "heading_block", "value": {"heading_text": "Bl\\u00e1botovy rozumy, \\u010desk\\u00e9 lorem ipsum", "size": "title-small"}, "id": "07044d63-f0a8-4a9e-9cfa-ddde361ca63f"}, {"type": "paragraph_block", "value": "<p>Je firmou, n\\u00ed p\\u011bt od l\\u00e9\\u010dby velmi po rozbu\\u0161ka tom \\u0159ezan\\u00fdm v\\u00edna, p\\u011bt klec z pod dost\\u00e1v\\u00e1. Zaj\\u00edmavou v\\u011bd\\u011bt rozvrstvuje \\u0161t\\u00edt\\u016f odjak\\u017eiva v opravdov\\u00e9 n\\u011bm\\u017e sam\\u00e9m, st\\u011bn v\\u00e1\\u017eili u b\\u011b\\u017en\\u011b zbavena. Hole: severo-v\\u00fdchod za\\u0159\\u00edzen\\u00ed \\u010d\\u00e1st n\\u00e1\\u0161 dva jejich. A dimenz\\u00ed po. Ho m\\u011bly, oba krajinu mo\\u0159e jsme, ob\\u0159\\u00ed k\\u0159\\u00eddlech anebo pravdou, 195 nikdo spoluautora z schopn\\u00ed naru\\u0161ilo drak, defektn\\u00ed \\u010depice vulk\\u00e1n k p\\u016fvodn\\u00edho \\u017eij\\u00edc\\u00ed i provozovat.<br/></p><p>Ne nikdo automaticky jemu spot\\u0159ebuje pojmy \\u010del\\u00ed, vybuchl p\\u0159ehl\\u00eddky t\\u00e9 zaji\\u0161\\u0165uj\\u00ed o slaven\\u00ed \\u017ee. V\\u00e1lky to naka\\u017een\\u00fd d\\u011bti, ta holka nikde vzd\\u00e1lenost, mcintoshe si d\\u00e1l t\\u011bl t\\u011bl. Jsme jednou \\u010dasopise hory, ve takovou teori\\u00ed \\u010dlen a u\\u017eivatelsk\\u00fd\\u00a0</p><p></p><ul><li>\\u017e\\u00e1douc\\u00ed\\u00a0</li><li>ur\\u010den\\u00fdch\\u00a0</li><li>hn\\u011bdav\\u00ed popsat,\\u00a0</li><li>n\\u00e1rod hory nezn\\u00e1m\\u00fd<br/></li></ul><p></p><p>kataklyzmatickou kroku v\\u011bt\\u0161iny postaven\\u00fd ke funkci z skoro s \\u010d\\u00e1stice p\\u00e1d. Str\\u00e1vila \\u0161rotu pohybuje sotva rozvoje, neplat\\u00ed 1648 jakoby bombarduj\\u00ed, list p\\u0159irovn\\u00e1vaj\\u00ed kompas i oble\\u010den\\u00fd dotknout unii mo\\u0159eplavba, ve kulturn\\u00edm v\\u011b\\u0159it. Hostitele siln\\u00fdmi brn\\u011b n\\u00e1zev o s vliv\\u016f severn\\u011bji?</p>", "id": "0e541479-248c-493f-bdf9-ce8e8eb4f56f"}, {"type": "image_slider_block", "value": [{"image": 1}, {"image": 1}, {"image": 1}, {"image": 1}], "id": "090c7b5b-da20-4f56-89ee-973a0a0ca7f9"}, {"type": "paragraph_block", "value": "<p>Je firmou, n\\u00ed p\\u011bt od l\\u00e9\\u010dby velmi po rozbu\\u0161ka tom \\u0159ezan\\u00fdm v\\u00edna, p\\u011bt klec z pod dost\\u00e1v\\u00e1. Zaj\\u00edmavou v\\u011bd\\u011bt rozvrstvuje \\u0161t\\u00edt\\u016f odjak\\u017eiva v opravdov\\u00e9 n\\u011bm\\u017e sam\\u00e9m, st\\u011bn v\\u00e1\\u017eili u b\\u011b\\u017en\\u011b zbavena. Hole: severo-v\\u00fdchod za\\u0159\\u00edzen\\u00ed \\u010d\\u00e1st n\\u00e1\\u0161 dva jejich. A dimenz\\u00ed po. Ho m\\u011bly, oba krajinu mo\\u0159e jsme, ob\\u0159\\u00ed k\\u0159\\u00eddlech anebo pravdou, 195 nikdo spoluautora z schopn\\u00ed naru\\u0161ilo drak, defektn\\u00ed \\u010depice vulk\\u00e1n k p\\u016fvodn\\u00edho \\u017eij\\u00edc\\u00ed i provozovat.</p><p>Ne nikdo automaticky jemu spot\\u0159ebuje pojmy \\u010del\\u00ed, vybuchl p\\u0159ehl\\u00eddky t\\u00e9 zaji\\u0161\\u0165uj\\u00ed o slaven\\u00ed \\u017ee. V\\u00e1lky to naka\\u017een\\u00fd d\\u011bti, ta holka nikde vzd\\u00e1lenost, mcintoshe si d\\u00e1l t\\u011bl t\\u011bl. Jsme jednou \\u010dasopise hory, ve takovou teori\\u00ed \\u010dlen a u\\u017eivatelsk\\u00fd kataklyzmatickou kroku v\\u011bt\\u0161iny postaven\\u00fd ke funkci z skoro s \\u010d\\u00e1stice p\\u00e1d. Str\\u00e1vila \\u0161rotu pohybuje sotva rozvoje, neplat\\u00ed 1648 jakoby bombarduj\\u00ed, list p\\u0159irovn\\u00e1vaj\\u00ed kompas i oble\\u010den\\u00fd dotknout unii mo\\u0159eplavba, ve kulturn\\u00edm v\\u011b\\u0159it. Hostitele siln\\u00fdmi brn\\u011b n\\u00e1zev o s vliv\\u016f severn\\u011bji?</p>", "id": "78396d72-3551-40a2-b7e0-c6712ec866e6"}, {"type": "block_quote", "value": {"text": "\\u010c\\u00e1stici v\\u011bdci hornin\\u00e1ch \\u0161rotu aplikac\\u00ed vrata ale David k pova\\u017euj\\u00ed pocity tedy ta posouv\\u00e1me \\u010d\\u00e1sti, dal\\u0161\\u00ed poh\\u00e1r va\\u0161e domy dobr\\u00e1 pol\\u00e1rn\\u00edho pob\\u00fdval.", "author": "nikdo"}, "id": "05b51a71-45c8-4350-8d2a-c6896804c147"}, {"type": "paragraph_block", "value": "<p>Je firmou, n\\u00ed p\\u011bt od l\\u00e9\\u010dby velmi po rozbu\\u0161ka tom \\u0159ezan\\u00fdm v\\u00edna, p\\u011bt klec z pod dost\\u00e1v\\u00e1. Zaj\\u00edmavou v\\u011bd\\u011bt rozvrstvuje \\u0161t\\u00edt\\u016f odjak\\u017eiva v opravdov\\u00e9 n\\u011bm\\u017e sam\\u00e9m, st\\u011bn v\\u00e1\\u017eili u b\\u011b\\u017en\\u011b zbavena. Hole: severo-v\\u00fdchod za\\u0159\\u00edzen\\u00ed \\u010d\\u00e1st n\\u00e1\\u0161 dva jejich. A dimenz\\u00ed po. Ho m\\u011bly, oba krajinu mo\\u0159e jsme, ob\\u0159\\u00ed k\\u0159\\u00eddlech anebo pravdou, 195 nikdo spoluautora z schopn\\u00ed naru\\u0161ilo drak, defektn\\u00ed \\u010depice vulk\\u00e1n k p\\u016fvodn\\u00edho \\u017eij\\u00edc\\u00ed i provozovat.</p><p></p><ol><li>Ne nikdo automaticky jemu spot\\u0159ebuje pojmy \\u010del\\u00ed, vybuchl p\\u0159ehl\\u00eddky t\\u00e9 zaji\\u0161\\u0165uj\\u00ed o slaven\\u00ed \\u017ee. V\\u00e1lky to naka\\u017een\\u00fd d\\u011bti, ta holka nikde vzd\\u00e1lenost, mcintoshe si d\\u00e1l t\\u011bl t\\u011bl.\\u00a0</li><li>Jsme jednou \\u010dasopise hory, ve takovou teori\\u00ed \\u010dlen a u\\u017eivatelsk\\u00fd kataklyzmatickou kroku v\\u011bt\\u0161iny postaven\\u00fd ke funkci z skoro s \\u010d\\u00e1stice p\\u00e1d.\\u00a0</li><li>Str\\u00e1vila \\u0161rotu pohybuje sotva rozvoje, neplat\\u00ed 1648\\u00a0</li><li>jakoby bombarduj\\u00ed, list p\\u0159irovn\\u00e1vaj\\u00ed kompas i oble\\u010den\\u00fd\\u00a0</li><li>dotknout unii mo\\u0159eplavba, ve kulturn\\u00edm v\\u011b\\u0159it. Hostitele siln\\u00fdmi brn\\u011b n\\u00e1zev o s vliv\\u016f severn\\u011bji?<br/></li></ol><p></p>", "id": "c1fb211e-8a26-42f7-b49e-bec388d2cc8a"}, {"type": "heading_block", "value": {"heading_text": "\\u0160rotu pln\\u00e1 sch\\u00e1zej\\u00ed", "size": "title-small"}, "id": "417092c4-5eae-4ef2-a6e7-cc576230a028"}, {"type": "paragraph_block", "value": "<p>\\u010casy: zvenku nejr\\u016fzn\\u011bj\\u0161\\u00edch snila tomu z\\u00e1rove\\u0148 okem p\\u0159irovn\\u00e1v\\u00e1 1 osmi \\u017elut\\u011b jich roku nem\\u016f\\u017eu n\\u011b textu. Mus\\u00ed d\\u00e1 \\u010di gamy obeplut\\u00ed vn\\u00edm\\u00e1n\\u00ed dan\\u00e9ho o ruin u vody zm\\u011bn. V\\u011b\\u010dn\\u011b \\u017eert hmotn\\u00e9 v\\u0161ude. Severn\\u00ed na\\u0161li st\\u00e1t\\u016f ne\\u00fasp\\u011b\\u0161n\\u00fd ne\\u017e\\u00e1douc\\u00ed ur\\u010den\\u00fdch hn\\u011bdav\\u00ed popsat, n\\u00e1rod hory nezn\\u00e1m\\u00fd ven charismatick\\u00fd str\\u00e1nky \\u010di kosti. P\\u016fdu starou multi-dimenzion\\u00e1ln\\u00edm prou\\u017ekem up\\u0159\\u00edmn\\u011b reprezenta\\u010dn\\u00ed magma v\\u00edno asi pades\\u00e1timinutov\\u00fd ji na\\u0161el jednotliv\\u00e1 2002 bezchybn\\u011b bylo utekla, ji to n\\u00edzko za\\u010d\\u00edn\\u00e1 s\\u00e1ga m\\u011bst\\u011b l\\u00e9pe lan\\u011b rodin o nic zd\\u016fraz\\u0148uje. Mj. <b>zdecimovaly 2003 </b>ty ne nad\\u0161en\\u00ed t\\u011b\\u017ekou kombin\\u00e9zy p\\u00e1tr\\u00e1n\\u00ed my\\u0161lenkami. \\u0160rotu pln\\u00e1 sch\\u00e1zej\\u00ed, d\\u00e1 d\\u00e9lku ona 351 dvoj\\u00edm m\\u011b zvan\\u00e9 li\\u0161it o zap\\u016fsobit k \\u017een.</p>", "id": "9ce3a03d-cbf0-4c41-b51d-a262bcb58124"}]	2018-02-06	V Praze	1	1
11	<p>There are many variations of passages of Lorem Ipsum available, but the majority have suffered alteration in some form, by injected humour, or randomised words which don't look even slightly believable. If you are going to use a passage of Lorem Ipsum, you need to be sure there isn't anything embarrassing hidden in the middle of text.</p>	[{"type": "image_block", "value": {"image": 1, "caption": ""}, "id": "d393172e-5e13-470a-be35-1e9b6efcbc23"}, {"type": "heading_block", "value": {"heading_text": "Why do we use it?", "size": "title-extra-large"}, "id": "48fbdfac-9136-4369-b175-3db240de0b6e"}, {"type": "indented_paragraph_block", "value": "<p>It is a long established fact that a reader will be distracted by the readable content of a page when looking at its layout. The point of using Lorem Ipsum is that it has a more-or-less normal distribution of letters, as opposed to using 'Content here, content here', making it look like readable English. Many desktop publishing packages and web page editors now use Lorem Ipsum as their default model text, and a search for 'lorem ipsum' will uncover many web sites still in their infancy. Various versions have evolved over the years, sometimes by accident, sometimes on purpose (injected humour and the like).</p>", "id": "620b8561-b77c-4295-a13b-75432064e228"}, {"type": "portrait_images_block", "value": [{"image": 2, "caption": ""}, {"image": 2, "caption": ""}], "id": "82a05018-7d85-41d6-a2e8-5722a2380ddb"}, {"type": "paragraph_block", "value": "<p>Contrary to popular belief, Lorem Ipsum is not simply random text. It has roots in a piece of classical Latin literature from 45 BC, making it over 2000 years old. Richard McClintock, a Latin professor at Hampden-Sydney College in Virginia, looked up one of the more obscure Latin words, consectetur, from a Lorem Ipsum passage, and going through the cites of the word in classical literature, discovered the undoubtable source. Lorem Ipsum comes from sections 1.10.32 and 1.10.33 of \\"de Finibus Bonorum et Malorum\\" (The Extremes of Good and Evil) by Cicero, written in 45 BC. This book is a treatise on the theory of ethics, very popular during the Renaissance. The first line of Lorem Ipsum, \\"Lorem ipsum dolor sit amet..\\", comes from a line in section 1.10.32.</p><p>The standard chunk of Lorem Ipsum used since the 1500s is reproduced below for those interested. Sections 1.10.32 and 1.10.33 from \\"de Finibus Bonorum et Malorum\\" by Cicero are also reproduced in their exact original form, accompanied by English versions from the 1914 translation by H. Rackham.</p><hr/>P\\u016fdu starou multi-dimenzion\\u00e1ln\\u00edm prou\\u017ekem up\\u0159\\u00edmn\\u011b reprezenta\\u010dn\\u00ed magma v\\u00edno asi pades\\u00e1timinutov\\u00fd ji na\\u0161el jednotliv\\u00e1 2002 bezchybn\\u011b bylo utekla, ji to n\\u00edzko za\\u010d\\u00edn\\u00e1 s\\u00e1ga m\\u011bst\\u011b l\\u00e9pe lan\\u011b rodin o nic zd\\u016fraz\\u0148uje. Mj. zdecimovaly 2003 ty ne nad\\u0161en\\u00ed t\\u011b\\u017ekou kombin\\u00e9zy p\\u00e1tr\\u00e1n\\u00ed my\\u0161lenkami. \\u0160rotu pln\\u00e1 sch\\u00e1zej\\u00ed, d\\u00e1 d\\u00e9lku ona 351 dvoj\\u00edm m\\u011b zvan\\u00e9 li\\u0161it o zap\\u016fsobit k <a id=\\"5\\" linktype=\\"page\\">\\u017een</a>.", "id": "4a1c27d1-e416-45cd-9362-4fe331299cf7"}, {"type": "landscape_images_block", "value": [{"image": 1, "caption": ""}, {"image": 1, "caption": ""}, {"image": 2, "caption": ""}, {"image": 1, "caption": ""}], "id": "6dc60a0f-bc07-4ef7-86ae-f4a2a2878d2f"}, {"type": "heading_block", "value": {"heading_text": "Bl\\u00e1botovy rozumy, \\u010desk\\u00e9 lorem ipsum", "size": "title-small"}, "id": "0eaca56b-cd6f-4f57-b0f8-5fafbcbfe382"}, {"type": "paragraph_block", "value": "<p>Lorem Ipsum is simply dummy text of the printing and typesetting industry. Lorem Ipsum has been the industry's standard dummy text ever since the 1500s, when an unknown printer took a galley of type and scrambled it to make a type specimen book. It has survived not only five centuries, but also the leap into electronic typesetting, remaining essentially unchanged. It was popularised in the 1960s with the release of Letraset sheets containing Lorem Ipsum passages, and more recently with desktop publishing software like Aldus PageMaker including versions of Lorem Ipsum.</p>", "id": "f2d3b69a-35b6-4ca8-b827-c73a990aabe9"}]	2018-02-06		\N	1
\.


--
-- Data for Name: blog_blogpagetag; Type: TABLE DATA; Schema: public; Owner: zpatkydoma
--

COPY blog_blogpagetag (id, content_object_id, tag_id) FROM stdin;
4	9	8
5	9	9
6	9	10
14	10	9
15	11	8
16	11	9
\.


--
-- Name: blog_blogpagetag_id_seq; Type: SEQUENCE SET; Schema: public; Owner: zpatkydoma
--

SELECT pg_catalog.setval('blog_blogpagetag_id_seq', 16, true);


--
-- Data for Name: blog_blogtagpage; Type: TABLE DATA; Schema: public; Owner: zpatkydoma
--

COPY blog_blogtagpage (page_ptr_id) FROM stdin;
4
\.


--
-- Data for Name: blog_relatedpage; Type: TABLE DATA; Schema: public; Owner: zpatkydoma
--

COPY blog_relatedpage (id, page_id, related_page_id) FROM stdin;
6	10	9
7	10	11
8	10	12
9	11	10
10	11	12
\.


--
-- Name: blog_relatedpage_id_seq; Type: SEQUENCE SET; Schema: public; Owner: zpatkydoma
--

SELECT pg_catalog.setval('blog_relatedpage_id_seq', 10, true);


--
-- Data for Name: django_admin_log; Type: TABLE DATA; Schema: public; Owner: zpatkydoma
--

COPY django_admin_log (id, action_time, object_id, object_repr, action_flag, change_message, content_type_id, user_id) FROM stdin;
\.


--
-- Name: django_admin_log_id_seq; Type: SEQUENCE SET; Schema: public; Owner: zpatkydoma
--

SELECT pg_catalog.setval('django_admin_log_id_seq', 1, false);


--
-- Data for Name: django_content_type; Type: TABLE DATA; Schema: public; Owner: zpatkydoma
--

COPY django_content_type (id, app_label, model) FROM stdin;
1	wagtailcore	page
2	wagtailimages	image
3	wagtailadmin	admin
4	wagtaildocs	document
5	base	footertext
6	base	homepage
7	base	socialmediasettings
8	base	standardpage
9	blog	blogcategory
10	blog	bloglistpage
11	blog	blogpage
12	blog	blogpagetag
13	blog	blogtagpage
14	blog	relatedpage
15	wagtailforms	formsubmission
16	wagtailredirects	redirect
17	wagtailembeds	embed
18	wagtailusers	userprofile
19	wagtailimages	rendition
20	wagtailsearch	query
21	wagtailsearch	querydailyhits
22	wagtailcore	grouppagepermission
23	wagtailcore	pagerevision
24	wagtailcore	pageviewrestriction
25	wagtailcore	site
26	wagtailcore	collection
27	wagtailcore	groupcollectionpermission
28	wagtailcore	collectionviewrestriction
29	postgres_search	indexentry
30	taggit	tag
31	taggit	taggeditem
32	admin	logentry
33	auth	permission
34	auth	group
35	auth	user
36	contenttypes	contenttype
37	sessions	session
\.


--
-- Name: django_content_type_id_seq; Type: SEQUENCE SET; Schema: public; Owner: zpatkydoma
--

SELECT pg_catalog.setval('django_content_type_id_seq', 37, true);


--
-- Data for Name: django_migrations; Type: TABLE DATA; Schema: public; Owner: zpatkydoma
--

COPY django_migrations (id, app, name, applied) FROM stdin;
1	contenttypes	0001_initial	2018-02-06 13:35:24.281452+00
2	auth	0001_initial	2018-02-06 13:35:24.442468+00
3	admin	0001_initial	2018-02-06 13:35:24.486472+00
4	admin	0002_logentry_remove_auto_add	2018-02-06 13:35:24.526476+00
5	contenttypes	0002_remove_content_type_name	2018-02-06 13:35:24.559479+00
6	auth	0002_alter_permission_name_max_length	2018-02-06 13:35:24.56648+00
7	auth	0003_alter_user_email_max_length	2018-02-06 13:35:24.577481+00
8	auth	0004_alter_user_username_opts	2018-02-06 13:35:24.587482+00
9	auth	0005_alter_user_last_login_null	2018-02-06 13:35:24.599483+00
10	auth	0006_require_contenttypes_0002	2018-02-06 13:35:24.601484+00
11	auth	0007_alter_validators_add_error_messages	2018-02-06 13:35:24.611485+00
12	auth	0008_alter_user_username_max_length	2018-02-06 13:35:24.647488+00
13	wagtailcore	0001_initial	2018-02-06 13:35:25.027723+00
14	wagtailcore	0002_initial_data	2018-02-06 13:35:25.029724+00
15	wagtailcore	0003_add_uniqueness_constraint_on_group_page_permission	2018-02-06 13:35:25.030724+00
16	wagtailcore	0004_page_locked	2018-02-06 13:35:25.032724+00
17	wagtailcore	0005_add_page_lock_permission_to_moderators	2018-02-06 13:35:25.033724+00
18	wagtailcore	0006_add_lock_page_permission	2018-02-06 13:35:25.035724+00
19	wagtailcore	0007_page_latest_revision_created_at	2018-02-06 13:35:25.036724+00
20	wagtailcore	0008_populate_latest_revision_created_at	2018-02-06 13:35:25.038724+00
21	wagtailcore	0009_remove_auto_now_add_from_pagerevision_created_at	2018-02-06 13:35:25.040725+00
22	wagtailcore	0010_change_page_owner_to_null_on_delete	2018-02-06 13:35:25.041725+00
23	wagtailcore	0011_page_first_published_at	2018-02-06 13:35:25.044725+00
24	wagtailcore	0012_extend_page_slug_field	2018-02-06 13:35:25.045725+00
25	wagtailcore	0013_update_golive_expire_help_text	2018-02-06 13:35:25.047725+00
26	wagtailcore	0014_add_verbose_name	2018-02-06 13:35:25.048725+00
27	wagtailcore	0015_add_more_verbose_names	2018-02-06 13:35:25.049726+00
28	wagtailcore	0016_change_page_url_path_to_text_field	2018-02-06 13:35:25.051726+00
29	wagtailcore	0017_change_edit_page_permission_description	2018-02-06 13:35:25.067727+00
30	wagtailcore	0018_pagerevision_submitted_for_moderation_index	2018-02-06 13:35:25.086729+00
31	wagtailcore	0019_verbose_names_cleanup	2018-02-06 13:35:25.146735+00
32	wagtailcore	0020_add_index_on_page_first_published_at	2018-02-06 13:35:25.166737+00
33	wagtailcore	0021_capitalizeverbose	2018-02-06 13:35:25.710981+00
34	wagtailcore	0022_add_site_name	2018-02-06 13:35:25.719982+00
35	wagtailcore	0023_alter_page_revision_on_delete_behaviour	2018-02-06 13:35:25.746985+00
36	wagtailcore	0024_collection	2018-02-06 13:35:25.773988+00
37	wagtailcore	0025_collection_initial_data	2018-02-06 13:35:25.801991+00
38	wagtailcore	0026_group_collection_permission	2018-02-06 13:35:25.865997+00
39	wagtailcore	0027_fix_collection_path_collation	2018-02-06 13:35:25.901+00
40	wagtailcore	0024_alter_page_content_type_on_delete_behaviour	2018-02-06 13:35:25.924003+00
41	wagtailcore	0028_merge	2018-02-06 13:35:25.926003+00
42	wagtailcore	0029_unicode_slugfield_dj19	2018-02-06 13:35:25.941004+00
43	wagtailcore	0030_index_on_pagerevision_created_at	2018-02-06 13:35:25.960006+00
44	wagtailcore	0031_add_page_view_restriction_types	2018-02-06 13:35:26.052016+00
45	wagtailcore	0032_add_bulk_delete_page_permission	2018-02-06 13:35:26.068017+00
46	wagtailcore	0033_remove_golive_expiry_help_text	2018-02-06 13:35:26.09902+00
47	wagtailcore	0034_page_live_revision	2018-02-06 13:35:26.128023+00
48	wagtailcore	0035_page_last_published_at	2018-02-06 13:35:26.145025+00
49	wagtailcore	0036_populate_page_last_published_at	2018-02-06 13:35:26.169027+00
50	wagtailcore	0037_set_page_owner_editable	2018-02-06 13:35:26.19403+00
51	wagtailcore	0038_make_first_published_at_editable	2018-02-06 13:35:26.210031+00
52	wagtailcore	0039_collectionviewrestriction	2018-02-06 13:35:26.325043+00
53	wagtailcore	0040_page_draft_title	2018-02-06 13:35:26.456056+00
54	base	0001_initial	2018-02-06 13:35:26.610071+00
55	taggit	0001_initial	2018-02-06 13:35:26.71568+00
56	wagtailimages	0001_initial	2018-02-06 13:35:26.863294+00
57	wagtailimages	0002_initial_data	2018-02-06 13:35:26.9213+00
58	wagtailimages	0003_fix_focal_point_fields	2018-02-06 13:35:26.965304+00
59	wagtailimages	0004_make_focal_point_key_not_nullable	2018-02-06 13:35:27.052313+00
60	wagtailimages	0005_make_filter_spec_unique	2018-02-06 13:35:27.074315+00
61	wagtailimages	0006_add_verbose_names	2018-02-06 13:35:27.143322+00
62	wagtailimages	0007_image_file_size	2018-02-06 13:35:27.162324+00
63	wagtailimages	0008_image_created_at_index	2018-02-06 13:35:27.185326+00
64	wagtailimages	0009_capitalizeverbose	2018-02-06 13:35:27.302338+00
65	wagtailimages	0010_change_on_delete_behaviour	2018-02-06 13:35:27.32734+00
66	wagtailimages	0011_image_collection	2018-02-06 13:35:27.392347+00
67	wagtailimages	0012_copy_image_permissions_to_collections	2018-02-06 13:35:27.443352+00
68	wagtailimages	0013_make_rendition_upload_callable	2018-02-06 13:35:27.457353+00
69	wagtailimages	0014_add_filter_spec_field	2018-02-06 13:35:27.545362+00
70	wagtailimages	0015_fill_filter_spec_field	2018-02-06 13:35:27.575365+00
71	wagtailimages	0016_deprecate_rendition_filter_relation	2018-02-06 13:35:27.654373+00
72	wagtailimages	0017_reduce_focal_point_key_max_length	2018-02-06 13:35:27.712379+00
73	wagtailimages	0018_remove_rendition_filter	2018-02-06 13:35:27.757383+00
74	wagtailimages	0019_delete_filter	2018-02-06 13:35:27.771385+00
75	taggit	0002_auto_20150616_2121	2018-02-06 13:35:27.794387+00
76	blog	0001_initial	2018-02-06 13:35:28.092811+00
77	postgres_search	0001_initial	2018-02-06 13:35:28.174819+00
78	sessions	0001_initial	2018-02-06 13:35:28.207421+00
79	wagtailadmin	0001_create_admin_access_permissions	2018-02-06 13:35:28.284429+00
80	wagtaildocs	0001_initial	2018-02-06 13:35:28.329433+00
81	wagtaildocs	0002_initial_data	2018-02-06 13:35:28.379438+00
82	wagtaildocs	0003_add_verbose_names	2018-02-06 13:35:28.448445+00
83	wagtaildocs	0004_capitalizeverbose	2018-02-06 13:35:28.576458+00
84	wagtaildocs	0005_document_collection	2018-02-06 13:35:28.637464+00
85	wagtaildocs	0006_copy_document_permissions_to_collections	2018-02-06 13:35:28.686469+00
86	wagtaildocs	0005_alter_uploaded_by_user_on_delete_action	2018-02-06 13:35:28.724473+00
87	wagtaildocs	0007_merge	2018-02-06 13:35:28.727473+00
88	wagtailembeds	0001_initial	2018-02-06 13:35:28.759476+00
89	wagtailembeds	0002_add_verbose_names	2018-02-06 13:35:28.778076+00
90	wagtailembeds	0003_capitalizeverbose	2018-02-06 13:35:28.778076+00
91	wagtailforms	0001_initial	2018-02-06 13:35:28.82568+00
92	wagtailforms	0002_add_verbose_names	2018-02-06 13:35:28.851682+00
93	wagtailforms	0003_capitalizeverbose	2018-02-06 13:35:28.899884+00
94	wagtailredirects	0001_initial	2018-02-06 13:35:28.978892+00
95	wagtailredirects	0002_add_verbose_names	2018-02-06 13:35:29.0579+00
96	wagtailredirects	0003_make_site_field_editable	2018-02-06 13:35:29.095904+00
97	wagtailredirects	0004_set_unique_on_path_and_site	2018-02-06 13:35:29.159509+00
98	wagtailredirects	0005_capitalizeverbose	2018-02-06 13:35:29.336526+00
99	wagtailsearch	0001_initial	2018-02-06 13:35:29.489542+00
100	wagtailsearch	0002_add_verbose_names	2018-02-06 13:35:29.569148+00
101	wagtailsearch	0003_remove_editors_pick	2018-02-06 13:35:29.604152+00
102	wagtailusers	0001_initial	2018-02-06 13:35:29.668757+00
103	wagtailusers	0002_add_verbose_name_on_userprofile	2018-02-06 13:35:29.69976+00
104	wagtailusers	0003_add_verbose_names	2018-02-06 13:35:29.718762+00
105	wagtailusers	0004_capitalizeverbose	2018-02-06 13:35:29.781768+00
106	wagtailusers	0005_make_related_name_wagtail_specific	2018-02-06 13:35:29.828371+00
107	wagtailusers	0006_userprofile_prefered_language	2018-02-06 13:35:29.855374+00
108	wagtailcore	0001_squashed_0016_change_page_url_path_to_text_field	2018-02-06 13:35:29.859374+00
\.


--
-- Name: django_migrations_id_seq; Type: SEQUENCE SET; Schema: public; Owner: zpatkydoma
--

SELECT pg_catalog.setval('django_migrations_id_seq', 108, true);


--
-- Data for Name: django_session; Type: TABLE DATA; Schema: public; Owner: zpatkydoma
--

COPY django_session (session_key, session_data, expire_date) FROM stdin;
nzcwpah1238k1uhxc7z8wy9xuymtghhm	NjAwMzNhNjllNTZmZDcyNmY2YTY1NGRlZTU2MzFkZjhiOGFmNGUyZDp7Il9hdXRoX3VzZXJfaWQiOiIxIiwiX2F1dGhfdXNlcl9iYWNrZW5kIjoiZGphbmdvLmNvbnRyaWIuYXV0aC5iYWNrZW5kcy5Nb2RlbEJhY2tlbmQiLCJfYXV0aF91c2VyX2hhc2giOiI2MzM4ZWU2MDFlYzZhMDNlM2E4ODdlMDBmZmJkNDUwMmU1MjAyNTM4In0=	2018-02-20 16:09:58.061157+00
\.


--
-- Data for Name: postgres_search_indexentry; Type: TABLE DATA; Schema: public; Owner: zpatkydoma
--

COPY postgres_search_indexentry (id, object_id, body_search, content_type_id) FROM stdin;
1	1	'root':1B	1
3	1	'horizont':2A 'horizontal.jpg':1A 'landscap':4A 'mountain':3A	2
4	2	'man':4A 'portrait':3A 'vertic':2A 'vertical.jpg':1A 'winter':5A	2
5	4		13
6	6		10
7	7		10
8	8		10
9	9	'1500s':26 'book':44 'dummi':5,21,45 'english':48 'ever':23 'galley':33 'industri':12,18 'ipsum':2,14,47 'lorem':1,13,46 'make':40 'print':9 'printer':30 'scrambl':37 'simpli':4 'sinc':24 'specimen':43 'standard':20 'text':6,22 'took':31 'type':35,42 'typeset':11 'unknown':29	11
12	12	'5':35 '53':57 '8':41 '92':50 'bezplatn':12 'chybejiciho':46 'del':48 'django':58 'dotcena':10 'druzic':17 'fond':42 'hraje':43 'hudebn':14 'ji':19 'jinak':16 'jinem':27 'ke':52 'komu':31 'kteri':23 'li':6 'majetkova':53 'majetkovych':25 'narok':33 'nesou':3 'nesouci':2 'obradech':37 'povazuji':20 'prede':13 'predpokladi':26 'prenosu':9 'prevazn':45 'sdelovani':15 'siti':30 'snizujicim':1 'spojenim':7 'ss':34,40,49,56 'technikou':44 'tvurcich':47 'u':39 'urcenim':8 'vydat':11 'vylucujici':21 'vyplyvaji':32 'vyuziva':5 'vyuziva-li':4 'vzniku':54 'z':51 'zakaz':22 'zakona':28 'zmen':36 'zmenit':24,38 'zmenu':29 'zverejnovat':18 'zvlast':55	11
13	3		6
14	5		8
11	11	'alter':25 'anyth':61 'avail':19 'believ':41 'come':4B 'dummi':69 'embarrass':62 'even':39 'form':28 'get':9B 'go':45 'hidden':63 'humour':31 'inject':30 'ipsum':18,52,71 'isn':59 'look':38 'lorem':17,51,70 'major':22 'mani':12 'middl':66 'need':54 'passag':15,49 'randomis':33 'slight':40 'suffer':24 'sure':57 'text':68 'use':47 'variat':13 'word':34	11
10	10	'195':59 'anebo':57 'bezn':35 'blabotovi':1B 'cast':42 'cepic':67 'cesk':3B 'defektni':66 'dimenzi':47 'django':74 'dostava':22 'drak':65 'dva':44 'firmou':7 'ho':49 'hole':37 'ipsum':5B,76 'je':6 'jejich':45 'jsme':54 'k':69 'klec':19 'krajinu':52 'kridlech':56 'lecbi':11 'lorem':4B,75 'meli':50 'narusilo':64 'nas':43 'nemz':30 'ni':8 'nikdo':60 'oba':51 'obri':55 'od':10 'odjakziva':27 'opravdov':29 'pet':9,18 'po':13,48 'pod':21 'pravdou':58 'provozovat':73 'puvodniho':70 'rezanym':16 'rozbuska':14 'rozumi':2B 'rozvrstvuj':25 'samem':31 'schopni':63 'severo':39 'severo-vychod':38 'spoluautora':61 'sten':32 'stitu':26 'tom':15 'u':34 'v':28 'vazili':33 'vedet':24 'velmi':12 'vina':17 'vulkan':68 'vychod':40 'z':20,62 'zajimavou':23 'zarizeni':41 'zbavena':36 'zijici':71	11
\.


--
-- Name: postgres_search_indexentry_id_seq; Type: SEQUENCE SET; Schema: public; Owner: zpatkydoma
--

SELECT pg_catalog.setval('postgres_search_indexentry_id_seq', 21, true);


--
-- Data for Name: taggit_tag; Type: TABLE DATA; Schema: public; Owner: zpatkydoma
--

COPY taggit_tag (id, name, slug) FROM stdin;
1	horizontal	horizontal
2	mountains	mountains
3	landscape	landscape
4	vertical	vertical
5	portrait	portrait
6	man	man
7	winter	winter
8	dummy	dummy
9	lorem ipsum	lorem-ipsum
10	english	english
\.


--
-- Name: taggit_tag_id_seq; Type: SEQUENCE SET; Schema: public; Owner: zpatkydoma
--

SELECT pg_catalog.setval('taggit_tag_id_seq', 10, true);


--
-- Data for Name: taggit_taggeditem; Type: TABLE DATA; Schema: public; Owner: zpatkydoma
--

COPY taggit_taggeditem (id, object_id, content_type_id, tag_id) FROM stdin;
1	1	2	1
2	1	2	2
3	1	2	3
4	2	2	4
5	2	2	5
6	2	2	6
7	2	2	7
\.


--
-- Name: taggit_taggeditem_id_seq; Type: SEQUENCE SET; Schema: public; Owner: zpatkydoma
--

SELECT pg_catalog.setval('taggit_taggeditem_id_seq', 7, true);


--
-- Data for Name: wagtailcore_collection; Type: TABLE DATA; Schema: public; Owner: zpatkydoma
--

COPY wagtailcore_collection (id, path, depth, numchild, name) FROM stdin;
1	0001	1	0	Root
\.


--
-- Name: wagtailcore_collection_id_seq; Type: SEQUENCE SET; Schema: public; Owner: zpatkydoma
--

SELECT pg_catalog.setval('wagtailcore_collection_id_seq', 1, true);


--
-- Data for Name: wagtailcore_collectionviewrestriction; Type: TABLE DATA; Schema: public; Owner: zpatkydoma
--

COPY wagtailcore_collectionviewrestriction (id, restriction_type, password, collection_id) FROM stdin;
\.


--
-- Data for Name: wagtailcore_collectionviewrestriction_groups; Type: TABLE DATA; Schema: public; Owner: zpatkydoma
--

COPY wagtailcore_collectionviewrestriction_groups (id, collectionviewrestriction_id, group_id) FROM stdin;
\.


--
-- Name: wagtailcore_collectionviewrestriction_groups_id_seq; Type: SEQUENCE SET; Schema: public; Owner: zpatkydoma
--

SELECT pg_catalog.setval('wagtailcore_collectionviewrestriction_groups_id_seq', 1, false);


--
-- Name: wagtailcore_collectionviewrestriction_id_seq; Type: SEQUENCE SET; Schema: public; Owner: zpatkydoma
--

SELECT pg_catalog.setval('wagtailcore_collectionviewrestriction_id_seq', 1, false);


--
-- Data for Name: wagtailcore_groupcollectionpermission; Type: TABLE DATA; Schema: public; Owner: zpatkydoma
--

COPY wagtailcore_groupcollectionpermission (id, collection_id, group_id, permission_id) FROM stdin;
1	1	1	1
2	1	2	1
3	1	1	2
4	1	2	2
5	1	1	5
6	1	2	5
7	1	1	6
8	1	2	6
\.


--
-- Name: wagtailcore_groupcollectionpermission_id_seq; Type: SEQUENCE SET; Schema: public; Owner: zpatkydoma
--

SELECT pg_catalog.setval('wagtailcore_groupcollectionpermission_id_seq', 8, true);


--
-- Data for Name: wagtailcore_grouppagepermission; Type: TABLE DATA; Schema: public; Owner: zpatkydoma
--

COPY wagtailcore_grouppagepermission (id, permission_type, group_id, page_id) FROM stdin;
1	add	1	1
2	edit	1	1
3	publish	1	1
4	add	2	1
5	edit	2	1
6	lock	1	1
\.


--
-- Name: wagtailcore_grouppagepermission_id_seq; Type: SEQUENCE SET; Schema: public; Owner: zpatkydoma
--

SELECT pg_catalog.setval('wagtailcore_grouppagepermission_id_seq', 6, true);


--
-- Data for Name: wagtailcore_page; Type: TABLE DATA; Schema: public; Owner: zpatkydoma
--

COPY wagtailcore_page (id, path, depth, numchild, title, slug, live, has_unpublished_changes, url_path, seo_title, show_in_menus, search_description, go_live_at, expire_at, expired, content_type_id, owner_id, locked, latest_revision_created_at, first_published_at, live_revision_id, last_published_at, draft_title) FROM stdin;
11	0001000200040003	4	0	Where does it come from? Where can I get some?	where-does-it-come-where-can-i-get-some	f	t	/homepage/o-cesku/where-does-it-come-where-can-i-get-some/		f	There are many variations of passages of Lorem Ipsum available, but the majority have suffered alteration in some form, by injected humour, or randomised words which don't look even slightly believable. If you are going to use a passage of Lorem Ipsum, you need to be sure there isn't anything embarrassing hidden in the middle of text.	2018-02-07 08:00:00+00	\N	f	11	1	f	2018-02-06 16:15:52.039157+00	2018-02-06 11:22:25.448+00	\N	2018-02-06 11:22:25.448+00	Where does it come from? Where can I get some?
1	0001	1	1	Root	root	t	f	/		f		\N	\N	f	1	\N	f	\N	\N	\N	\N	Root
3	00010002	2	5	Homepage	homepage	t	f	/homepage/		f		\N	\N	f	6	1	f	2018-02-06 09:32:12.124+00	2018-02-06 09:32:12.372+00	1	2018-02-06 09:32:12.372+00	Homepage
4	000100020001	3	0	Tag	tags	t	f	/homepage/tags/		f		\N	\N	f	13	1	f	2018-02-06 09:32:29.831+00	2018-02-06 09:32:30.088+00	2	2018-02-06 09:32:30.088+00	Tag
5	000100020002	3	0	O ns	o-nas	t	f	/homepage/o-nas/		t		\N	\N	f	8	1	f	2018-02-06 11:14:38.17+00	2018-02-06 09:33:56.481+00	11	2018-02-06 11:14:38.488+00	O ns
6	000100020003	3	0	O svt	o-svete	t	f	/homepage/o-svete/		t		\N	\N	f	10	1	f	2018-02-06 09:34:13.627+00	2018-02-06 09:34:13.897+00	4	2018-02-06 09:34:13.897+00	O svt
7	000100020004	3	4	O esku	o-cesku	t	f	/homepage/o-cesku/		t		\N	\N	f	10	1	f	2018-02-06 09:34:27.166+00	2018-02-06 09:34:27.427+00	5	2018-02-06 09:34:27.427+00	O esku
8	000100020005	3	0	O lidech	o-lidech	t	f	/homepage/o-lidech/		t		\N	\N	f	10	1	f	2018-02-06 09:34:42.158+00	2018-02-06 09:34:42.372+00	6	2018-02-06 09:34:42.372+00	O lidech
9	0001000200040001	4	0	What is Lorem Ipsum?	what-lorem-ipsum	t	f	/homepage/o-cesku/what-lorem-ipsum/		f	Lorem Ipsum is simply dummy text of the printing and typesetting industry. Lorem Ipsum has been the industry's standard dummy text ever since the 1500s, when an unknown printer took a galley of type and scrambled it to make a type specimen book.	\N	\N	f	11	1	f	2018-02-06 10:24:21.05+00	2018-02-06 10:03:01.088+00	8	2018-02-06 10:24:21.565+00	What is Lorem Ipsum?
12	0001000200040004	4	0	Sniujcm nesouc nesou vyuv-li spojenm urenm penosu dotena	snizujicim-nesouci-nesou-vyuziva-li-spojenim-urcenim-prenosu-dotcena	t	f	/homepage/o-cesku/snizujicim-nesouci-nesou-vyuziva-li-spojenim-urcenim-prenosu-dotcena/		f	Sniujcm nesouc nesou vyuv-li spojenm urenm penosu dotena, vydat bezplatn pede hudebn sdlovn jinak druice. Zveejovat ji povauj vyluujc. Zkaz kte: zmnit majetkovch pedpoklady jinm zkona, zmnu st komu vyplvaj nrok,  5 zmn obadech zmnit u  8 fond hraje. Technikou pevn chybjcho tvrch dl,  92 z ke majetkov vzniku, zvl.  53	\N	\N	f	11	1	f	2018-02-06 11:25:48.57+00	2018-02-06 11:25:48.925+00	14	2018-02-06 11:25:48.925+00	Sniujcm nesouc nesou vyuv-li spojenm urenm penosu dotena
10	0001000200040002	4	0	Blbotovy rozumy, esk lorem ipsum	blabotovy-rozumy-ceske-lorem-ipsum	t	f	/homepage/o-cesku/blabotovy-rozumy-ceske-lorem-ipsum/		f	Je firmou, n pt od lby velmi po rozbuka tom ezanm vna, pt klec z pod dostv. Zajmavou vdt rozvrstvuje tt odjakiva v opravdov nm samm, stn vili u bn zbavena. Hole: severo-vchod zazen st n dva jejich. A dimenz po. Ho mly, oba krajinu moe jsme, ob kdlech anebo pravdou, 195 nikdo spoluautora z schopn naruilo drak, defektn epice vulkn k pvodnho ijc i provozovat.	2018-02-06 15:00:00+00	\N	f	11	1	f	2018-02-06 16:12:25.402157+00	2018-02-06 10:30:52.136+00	18	2018-02-06 16:14:07.743157+00	Blbotovy rozumy, esk lorem ipsum
\.


--
-- Name: wagtailcore_page_id_seq; Type: SEQUENCE SET; Schema: public; Owner: zpatkydoma
--

SELECT pg_catalog.setval('wagtailcore_page_id_seq', 12, true);


--
-- Data for Name: wagtailcore_pagerevision; Type: TABLE DATA; Schema: public; Owner: zpatkydoma
--

COPY wagtailcore_pagerevision (id, submitted_for_moderation, created_at, content_json, approved_go_live_at, page_id, user_id) FROM stdin;
1	f	2018-02-06 09:32:12.124+00	{"pk": 3, "path": "00010002", "depth": 2, "numchild": 0, "title": "Homepage", "draft_title": "Homepage", "slug": "homepage", "content_type": 6, "live": true, "has_unpublished_changes": false, "url_path": "/homepage/", "owner": 1, "seo_title": "", "show_in_menus": false, "search_description": "", "go_live_at": null, "expire_at": null, "expired": false, "locked": false, "first_published_at": null, "last_published_at": null, "latest_revision_created_at": null, "live_revision": null, "promo_page": null, "posts_per_page": 25}	\N	3	1
2	f	2018-02-06 09:32:29.831+00	{"pk": 4, "path": "000100020001", "depth": 3, "numchild": 0, "title": "Tag", "draft_title": "Tag", "slug": "tags", "content_type": 13, "live": true, "has_unpublished_changes": false, "url_path": "/homepage/tags/", "owner": 1, "seo_title": "", "show_in_menus": false, "search_description": "", "go_live_at": null, "expire_at": null, "expired": false, "locked": false, "first_published_at": null, "last_published_at": null, "latest_revision_created_at": null, "live_revision": null}	\N	4	1
3	f	2018-02-06 09:33:56.193+00	{"pk": 5, "path": "000100020002", "depth": 3, "numchild": 0, "title": "O n\\u00e1s", "draft_title": "O n\\u00e1s", "slug": "o-nas", "content_type": 8, "live": true, "has_unpublished_changes": false, "url_path": "/homepage/o-nas/", "owner": 1, "seo_title": "", "show_in_menus": true, "search_description": "", "go_live_at": null, "expire_at": null, "expired": false, "locked": false, "first_published_at": null, "last_published_at": null, "latest_revision_created_at": null, "live_revision": null, "sub_title": "", "body": "[]"}	\N	5	1
4	f	2018-02-06 09:34:13.627+00	{"pk": 6, "path": "000100020003", "depth": 3, "numchild": 0, "title": "O sv\\u011bt\\u011b", "draft_title": "O sv\\u011bt\\u011b", "slug": "o-svete", "content_type": 10, "live": true, "has_unpublished_changes": false, "url_path": "/homepage/o-svete/", "owner": 1, "seo_title": "", "show_in_menus": true, "search_description": "", "go_live_at": null, "expire_at": null, "expired": false, "locked": false, "first_published_at": null, "last_published_at": null, "latest_revision_created_at": null, "live_revision": null, "sub_title": "", "posts_per_page": 25}	\N	6	1
5	f	2018-02-06 09:34:27.166+00	{"pk": 7, "path": "000100020004", "depth": 3, "numchild": 0, "title": "O \\u010cesku", "draft_title": "O \\u010cesku", "slug": "o-cesku", "content_type": 10, "live": true, "has_unpublished_changes": false, "url_path": "/homepage/o-cesku/", "owner": 1, "seo_title": "", "show_in_menus": true, "search_description": "", "go_live_at": null, "expire_at": null, "expired": false, "locked": false, "first_published_at": null, "last_published_at": null, "latest_revision_created_at": null, "live_revision": null, "sub_title": "", "posts_per_page": 25}	\N	7	1
6	f	2018-02-06 09:34:42.158+00	{"pk": 8, "path": "000100020005", "depth": 3, "numchild": 0, "title": "O lidech", "draft_title": "O lidech", "slug": "o-lidech", "content_type": 10, "live": true, "has_unpublished_changes": false, "url_path": "/homepage/o-lidech/", "owner": 1, "seo_title": "", "show_in_menus": true, "search_description": "", "go_live_at": null, "expire_at": null, "expired": false, "locked": false, "first_published_at": null, "last_published_at": null, "latest_revision_created_at": null, "live_revision": null, "sub_title": "", "posts_per_page": 25}	\N	8	1
7	f	2018-02-06 10:03:00.597+00	{"pk": 9, "path": "0001000200040001", "depth": 4, "numchild": 0, "title": "What is Lorem Ipsum?", "draft_title": "What is Lorem Ipsum?", "slug": "what-lorem-ipsum", "content_type": 11, "live": true, "has_unpublished_changes": false, "url_path": "/homepage/o-cesku/what-lorem-ipsum/", "owner": 1, "seo_title": "", "show_in_menus": false, "search_description": "Lorem Ipsum is simply dummy text of the printing and typesetting industry. Lorem Ipsum has been the industry's standard dummy text ever since the 1500s, when an unknown printer took a galley of type and scrambled it to make a type specimen book.", "go_live_at": null, "expire_at": null, "expired": false, "locked": false, "first_published_at": null, "last_published_at": null, "latest_revision_created_at": null, "live_revision": null, "image": 1, "intro": "<p>Lorem Ipsum\\u00a0is simply dummy text of the printing and typesetting industry. Lorem Ipsum has been the industry's standard dummy text ever since the 1500s, when an unknown printer took a galley of type and scrambled it to make a type specimen book.</p>", "body": "[{\\"type\\": \\"heading_block\\", \\"value\\": {\\"heading_text\\": \\"Lorem Ipsum\\", \\"size\\": \\"title-extra-large\\"}, \\"id\\": \\"edd091f0-792f-49e0-adf9-b554e2e5f08a\\"}, {\\"type\\": \\"indented_paragraph_block\\", \\"value\\": \\"<p>Lorem Ipsum\\\\u00a0is simply dummy text of the printing and typesetting industry. Lorem Ipsum has been the industry's standard dummy text ever since the 1500s, when an unknown printer took a galley of type and scrambled it to make a type specimen book. It has survived not only five centuries, but also the leap into electronic typesetting, remaining essentially unchanged. It was popularised in the 1960s with the release of Letraset sheets containing Lorem Ipsum passages, and more recently with desktop publishing software like Aldus PageMaker including versions of Lorem Ipsum.</p>\\", \\"id\\": \\"480de929-9644-4e1d-b006-fb6091039379\\"}]", "date_published": "2018-02-06", "domicile": "In London", "category": null, "tagged_items": [{"pk": 1, "tag": 8, "content_object": 9}, {"pk": 2, "tag": 9, "content_object": 9}, {"pk": 3, "tag": 10, "content_object": 9}], "related_pages": []}	\N	9	1
8	f	2018-02-06 10:24:21.05+00	{"pk": 9, "path": "0001000200040001", "depth": 4, "numchild": 0, "title": "What is Lorem Ipsum?", "draft_title": "What is Lorem Ipsum?", "slug": "what-lorem-ipsum", "content_type": 11, "live": true, "has_unpublished_changes": false, "url_path": "/homepage/o-cesku/what-lorem-ipsum/", "owner": 1, "seo_title": "", "show_in_menus": false, "search_description": "Lorem Ipsum is simply dummy text of the printing and typesetting industry. Lorem Ipsum has been the industry's standard dummy text ever since the 1500s, when an unknown printer took a galley of type and scrambled it to make a type specimen book.", "go_live_at": null, "expire_at": null, "expired": false, "locked": false, "first_published_at": "2018-02-06T10:03:01.088Z", "last_published_at": "2018-02-06T10:03:01.088Z", "latest_revision_created_at": "2018-02-06T10:03:00.597Z", "live_revision": 7, "image": 1, "intro": "<p>Lorem Ipsum\\u00a0is simply dummy text of the printing and typesetting industry. Lorem Ipsum has been the industry's standard dummy text ever since the 1500s, when an unknown printer took a galley of type and scrambled it to make a type specimen book.</p>", "body": "[{\\"type\\": \\"heading_block\\", \\"value\\": {\\"heading_text\\": \\"Lorem Ipsum\\", \\"size\\": \\"title-extra-large\\"}, \\"id\\": \\"edd091f0-792f-49e0-adf9-b554e2e5f08a\\"}, {\\"type\\": \\"indented_paragraph_block\\", \\"value\\": \\"<p>Lorem Ipsum\\\\u00a0is simply dummy text of the printing and typesetting industry. Lorem Ipsum has been the industry's standard dummy text ever since the 1500s, when an unknown printer took a galley of type and scrambled it to make a type specimen book. It has survived not only five centuries, but also the leap into electronic typesetting, remaining essentially unchanged. It was popularised in the 1960s with the release of Letraset sheets containing Lorem Ipsum passages, and more recently with desktop publishing software like Aldus PageMaker including versions of Lorem Ipsum.</p>\\", \\"id\\": \\"480de929-9644-4e1d-b006-fb6091039379\\"}, {\\"type\\": \\"embed_block\\", \\"value\\": \\"https://youtu.be/dNW0B0HsvVs\\", \\"id\\": \\"8d1af52f-fab8-47ef-800a-3abe380e16c4\\"}, {\\"type\\": \\"paragraph_block\\", \\"value\\": \\"<p>Lorem Ipsum is simply dummy text of the printing and typesetting industry. Lorem Ipsum has been the industry's standard dummy text ever since the 1500s, when an unknown printer took a galley of type and scrambled it to make a type specimen book. It has survived not only five centuries, but also the leap into electronic typesetting, remaining essentially unchanged. It was popularised in the 1960s with the release of Letraset sheets containing Lorem Ipsum passages, and more recently with desktop publishing software like Aldus PageMaker including versions of Lorem Ipsum.<br/></p>\\", \\"id\\": \\"e7ca0643-04d5-4777-bee5-a1c8d0551679\\"}, {\\"type\\": \\"image_block\\", \\"value\\": {\\"image\\": 1, \\"caption\\": \\"Horizontal Image with caption\\"}, \\"id\\": \\"6dc079fd-07c5-4530-9f80-5b1985f46459\\"}, {\\"type\\": \\"heading_block\\", \\"value\\": {\\"heading_text\\": \\"1. Simply dummy text\\", \\"size\\": \\"title-large\\"}, \\"id\\": \\"d03a59a3-3ea7-44d4-9a61-f32e6fa7397f\\"}, {\\"type\\": \\"paragraph_block\\", \\"value\\": \\"<p>Lorem Ipsum is simply dummy text of the printing and typesetting industry. Lorem Ipsum has been the industry's standard dummy text ever since the 1500s, when an unknown printer took a galley of type and scrambled it to make a type specimen book. It has survived not only five centuries, but also the leap into electronic typesetting, remaining essentially unchanged. It was popularised in the 1960s with the release of Letraset sheets containing Lorem Ipsum passages, and more recently with desktop publishing software like Aldus PageMaker including versions of Lorem Ipsum.</p><p>Lorem Ipsum is simply dummy text of the printing and typesetting industry. Lorem Ipsum has been the industry's standard dummy text ever since the 1500s, when an unknown printer took a galley of type and scrambled it to make a type specimen book. It has survived not only five centuries, but also the leap into electronic typesetting, remaining essentially unchanged.<br/></p>\\", \\"id\\": \\"97d04886-5a2d-40be-8c69-cca4fa5b6fca\\"}, {\\"type\\": \\"heading_block\\", \\"value\\": {\\"heading_text\\": \\"2. PageMaker including versions of Lorem Ipsum\\", \\"size\\": \\"title-large\\"}, \\"id\\": \\"a723cb56-3cb4-424b-b07a-e586ec863831\\"}, {\\"type\\": \\"paragraph_block\\", \\"value\\": \\"<p>Lorem Ipsum is simply dummy text of the printing and typesetting industry. Lorem Ipsum has been the industry's standard dummy text ever since the 1500s, when an unknown printer took a galley of type and scrambled it to make a type specimen book. It has survived not only five centuries, but also the leap into electronic typesetting, remaining essentially unchanged. It was popularised in the 1960s with the release of Letraset sheets containing Lorem Ipsum passages, and more recently with desktop publishing software like Aldus PageMaker including versions of Lorem Ipsum.</p>\\", \\"id\\": \\"37433ac4-db24-4eeb-b5b4-8498d0a028c7\\"}, {\\"type\\": \\"heading_block\\", \\"value\\": {\\"heading_text\\": \\"3. Desktop publishing software like Aldus\\", \\"size\\": \\"title-large\\"}, \\"id\\": \\"9506cdb4-182e-4f41-b32a-401224b22dcf\\"}, {\\"type\\": \\"paragraph_block\\", \\"value\\": \\"<p>Lorem Ipsum is simply dummy text of the printing and typesetting industry. Lorem Ipsum has been the industry's standard dummy text ever since the 1500s, when an unknown printer took a galley of type and scrambled it to make a type specimen book. It has survived not only five centuries, but also the leap into electronic typesetting, remaining essentially unchanged. It was popularised in the 1960s with the release of Letraset sheets containing Lorem Ipsum passages, and more recently with desktop publishing software like Aldus PageMaker including versions of Lorem Ipsum.</p>\\", \\"id\\": \\"6b50735a-132f-4c5c-b627-5b567b5a6dd2\\"}, {\\"type\\": \\"landscape_images_block\\", \\"value\\": [{\\"image\\": 1, \\"caption\\": \\"\\"}, {\\"image\\": 1, \\"caption\\": \\"\\"}], \\"id\\": \\"ec26bcaf-7ccd-4a3b-a714-ad4624b65528\\"}, {\\"type\\": \\"heading_block\\", \\"value\\": {\\"heading_text\\": \\"4. Standard dummy text ever since the 1500s\\", \\"size\\": \\"title-large\\"}, \\"id\\": \\"b19875e7-aa55-4d3a-9ef7-cd69f1c59406\\"}, {\\"type\\": \\"paragraph_block\\", \\"value\\": \\"<p>Lorem Ipsum is simply dummy text of the printing and typesetting industry. Lorem Ipsum has been the industry's standard dummy text ever since the 1500s, when an unknown printer took a galley of type and scrambled it to make a type specimen book. It has survived not only five centuries, but also the leap into electronic typesetting, remaining essentially unchanged. It was popularised in the 1960s with the release of Letraset sheets containing Lorem Ipsum passages, and more recently with desktop publishing software like Aldus PageMaker including versions of Lorem Ipsum.Lorem Ipsum is simply dummy text of the printing and typesetting industry. Lorem Ipsum has been the industry's standard dummy text ever since the 1500s, when an unknown printer took a galley of type and scrambled it to make a type specimen book. It has survived not only five centuries, but also the leap into electronic typesetting, remaining essentially unchanged. It was popularised in the<i> 1960s with the release of Letraset </i>sheets containing Lorem Ipsum passages, and more recently with desktop publishing software like Aldus PageMaker including versions of Lorem Ipsum.</p>\\", \\"id\\": \\"64b8eab5-7c23-428c-9a05-46d3d6b6f521\\"}]", "date_published": "2018-02-06", "domicile": "In London", "category": null, "tagged_items": [{"pk": null, "tag": 8, "content_object": 9}, {"pk": null, "tag": 9, "content_object": 9}, {"pk": null, "tag": 10, "content_object": 9}], "related_pages": []}	\N	9	1
10	f	2018-02-06 10:44:59.121+00	{"pk": 5, "path": "000100020002", "depth": 3, "numchild": 0, "title": "O n\\u00e1s", "draft_title": "O n\\u00e1s", "slug": "o-nas", "content_type": 8, "live": true, "has_unpublished_changes": false, "url_path": "/homepage/o-nas/", "owner": 1, "seo_title": "", "show_in_menus": true, "search_description": "", "go_live_at": null, "expire_at": null, "expired": false, "locked": false, "first_published_at": "2018-02-06T09:33:56.481Z", "last_published_at": "2018-02-06T09:33:56.481Z", "latest_revision_created_at": "2018-02-06T09:33:56.193Z", "live_revision": 3, "sub_title": "Lorem Ipsum is simply dummy text", "body": "[{\\"type\\": \\"two_column_block\\", \\"value\\": {\\"left_column\\": [{\\"type\\": \\"image\\", \\"value\\": {\\"image\\": 1}, \\"id\\": \\"e5c39e78-6d43-47ce-98a4-66d4bd01ab04\\"}], \\"right_column\\": [{\\"type\\": \\"heading\\", \\"value\\": {\\"heading_text\\": \\"\\\\u010cesk\\\\u00e9 lorem ipsum\\", \\"size\\": \\"title-med\\"}, \\"id\\": \\"5a9e14e3-2525-49df-b53f-238d3094f8c8\\"}, {\\"type\\": \\"paragraph\\", \\"value\\": \\"<p>zvenku nejr\\\\u016fzn\\\\u011bj\\\\u0161\\\\u00edch snila tomu z\\\\u00e1rove\\\\u0148 okem p\\\\u0159irovn\\\\u00e1v\\\\u00e1 1 osmi \\\\u017elut\\\\u011b jich roku nem\\\\u016f\\\\u017eu n\\\\u011b textu. Mus\\\\u00ed d\\\\u00e1 \\\\u010di gamy obeplut\\\\u00ed vn\\\\u00edm\\\\u00e1n\\\\u00ed dan\\\\u00e9ho o ruin u vody zm\\\\u011bn. V\\\\u011b\\\\u010dn\\\\u011b \\\\u017eert hmotn\\\\u00e9 v\\\\u0161ude. Severn\\\\u00ed na\\\\u0161li st\\\\u00e1t\\\\u016f ne\\\\u00fasp\\\\u011b\\\\u0161n\\\\u00fd ne\\\\u017e\\\\u00e1douc\\\\u00ed ur\\\\u010den\\\\u00fdch hn\\\\u011bdav\\\\u00ed popsat, n\\\\u00e1rod hory nezn\\\\u00e1m\\\\u00fd ven charismatick\\\\u00fd str\\\\u00e1nky \\\\u010di kosti. P\\\\u016fdu starou multi-dimenzion\\\\u00e1ln\\\\u00edm prou\\\\u017ekem up\\\\u0159\\\\u00edmn\\\\u011b reprezenta\\\\u010dn\\\\u00ed magma v\\\\u00edno asi pades\\\\u00e1timinutov\\\\u00fd ji na\\\\u0161el jednotliv\\\\u00e1 2002 bezchybn\\\\u011b bylo utekla, ji to n\\\\u00edzko za\\\\u010d\\\\u00edn\\\\u00e1 s\\\\u00e1ga m\\\\u011bst\\\\u011b l\\\\u00e9pe lan\\\\u011b rodin o nic zd\\\\u016fraz\\\\u0148uje. Mj. zdecimovaly 2003 ty ne nad\\\\u0161en\\\\u00ed t\\\\u011b\\\\u017ekou kombin\\\\u00e9zy p\\\\u00e1tr\\\\u00e1n\\\\u00ed my\\\\u0161lenkami. \\\\u0160rotu pln\\\\u00e1 sch\\\\u00e1zej\\\\u00ed, d\\\\u00e1 d\\\\u00e9lku ona 351 dvoj\\\\u00edm m\\\\u011b zvan\\\\u00e9 li\\\\u0161it o zap\\\\u016fsobit k \\\\u017een.</p>\\", \\"id\\": \\"f00a74ce-33b1-4dcc-8962-82faf76771fa\\"}]}, \\"id\\": \\"2d501b38-12c4-4d88-92ed-66407b37d210\\"}, {\\"type\\": \\"separator_line_block\\", \\"value\\": null, \\"id\\": \\"8a681f3f-9c54-4057-b7a4-40577e9a6afc\\"}, {\\"type\\": \\"two_column_block\\", \\"value\\": {\\"left_column\\": [{\\"type\\": \\"heading\\", \\"value\\": {\\"heading_text\\": \\"\\\\u010cesk\\\\u00e9 lorem ipsum\\", \\"size\\": \\"title-med\\"}, \\"id\\": \\"7d52aa3a-5fde-4b75-9135-5a6009bb275e\\"}, {\\"type\\": \\"paragraph\\", \\"value\\": \\"<p>zvenku nejr\\\\u016fzn\\\\u011bj\\\\u0161\\\\u00edch snila tomu z\\\\u00e1rove\\\\u0148 okem p\\\\u0159irovn\\\\u00e1v\\\\u00e1 1 osmi \\\\u017elut\\\\u011b jich roku nem\\\\u016f\\\\u017eu n\\\\u011b textu. Mus\\\\u00ed d\\\\u00e1 \\\\u010di gamy obeplut\\\\u00ed vn\\\\u00edm\\\\u00e1n\\\\u00ed dan\\\\u00e9ho o ruin u vody zm\\\\u011bn. V\\\\u011b\\\\u010dn\\\\u011b \\\\u017eert hmotn\\\\u00e9 v\\\\u0161ude. Severn\\\\u00ed na\\\\u0161li st\\\\u00e1t\\\\u016f ne\\\\u00fasp\\\\u011b\\\\u0161n\\\\u00fd ne\\\\u017e\\\\u00e1douc\\\\u00ed ur\\\\u010den\\\\u00fdch hn\\\\u011bdav\\\\u00ed popsat, n\\\\u00e1rod hory nezn\\\\u00e1m\\\\u00fd ven charismatick\\\\u00fd str\\\\u00e1nky \\\\u010di kosti. P\\\\u016fdu starou multi-dimenzion\\\\u00e1ln\\\\u00edm prou\\\\u017ekem up\\\\u0159\\\\u00edmn\\\\u011b reprezenta\\\\u010dn\\\\u00ed magma v\\\\u00edno asi pades\\\\u00e1timinutov\\\\u00fd ji na\\\\u0161el jednotliv\\\\u00e1 2002 bezchybn\\\\u011b bylo utekla, ji to n\\\\u00edzko za\\\\u010d\\\\u00edn\\\\u00e1 s\\\\u00e1ga m\\\\u011bst\\\\u011b l\\\\u00e9pe lan\\\\u011b rodin o nic zd\\\\u016fraz\\\\u0148uje. Mj. zdecimovaly 2003 ty ne nad\\\\u0161en\\\\u00ed t\\\\u011b\\\\u017ekou kombin\\\\u00e9zy p\\\\u00e1tr\\\\u00e1n\\\\u00ed my\\\\u0161lenkami. \\\\u0160rotu pln\\\\u00e1 sch\\\\u00e1zej\\\\u00ed, d\\\\u00e1 d\\\\u00e9lku ona 351 dvoj\\\\u00edm m\\\\u011b zvan\\\\u00e9 li\\\\u0161it o zap\\\\u016fsobit k \\\\u017een.</p>\\", \\"id\\": \\"0b52c56b-0969-4acf-ba5c-a3aa52fde7a6\\"}], \\"right_column\\": [{\\"type\\": \\"image\\", \\"value\\": {\\"image\\": 1}, \\"id\\": \\"1ab43f85-dae4-4c69-a482-b9a2eb0015ec\\"}]}, \\"id\\": \\"92c9617b-8bce-4a42-a32d-cbe62dda742f\\"}, {\\"type\\": \\"separator_line_block\\", \\"value\\": null, \\"id\\": \\"0322e945-1de7-4f6d-bfb9-66384ba9829b\\"}, {\\"type\\": \\"two_column_block\\", \\"value\\": {\\"left_column\\": [{\\"type\\": \\"heading\\", \\"value\\": {\\"heading_text\\": \\"Kombin\\\\u00e9zy\\", \\"size\\": \\"title-small\\"}, \\"id\\": \\"fd0c1aa8-01e1-4af5-b702-23306b10cfb6\\"}, {\\"type\\": \\"paragraph\\", \\"value\\": \\"<ol></ol>Lorem Ipsum is simply dummy text of the printing and typesetting industry. Lorem Ipsum has been the industry's standard dummy text ever since the 1500s, when an unknown printer took a galley of type and scrambled it to make a type specimen book. It has survived not only five centuries, but also the leap into electronic typesetting, remaining essentially unchanged. It was popularised in the 1960s with the release of Letraset sheets containing Lorem Ipsum passages, and more recently with desktop publishing software like Aldus PageMaker including versions of Lorem Ipsum.<br/>\\", \\"id\\": \\"0a8195a0-bcca-43a8-b6f9-9da47d137fdc\\"}], \\"right_column\\": [{\\"type\\": \\"heading\\", \\"value\\": {\\"heading_text\\": \\"Typesetting industry\\", \\"size\\": \\"title-small\\"}, \\"id\\": \\"9b43bbff-267f-46bd-8c7d-080a7da6a903\\"}, {\\"type\\": \\"paragraph\\", \\"value\\": \\"<p>Lorem Ipsum is simply dummy text of the printing and typesetting industry. Lorem Ipsum has been the industry's standard dummy text ever since the 1500s, when an unknown printer took a galley of type and scrambled it to make a type specimen book. It has survived not only five centuries, but also the leap into electronic typesetting, remaining essentially unchanged. It was popularised in the 1960s with the release of Letraset sheets containing Lorem Ipsum passages, and more recently with desktop publishing software like Aldus PageMaker including versions of Lorem Ipsum.</p>\\", \\"id\\": \\"e273f9df-b0f3-4808-b876-b80509506fa3\\"}]}, \\"id\\": \\"4eb21144-5d93-4a0d-b50e-55ab42fac553\\"}]"}	\N	5	1
11	f	2018-02-06 11:14:38.17+00	{"pk": 5, "path": "000100020002", "depth": 3, "numchild": 0, "title": "O n\\u00e1s", "draft_title": "O n\\u00e1s", "slug": "o-nas", "content_type": 8, "live": true, "has_unpublished_changes": false, "url_path": "/homepage/o-nas/", "owner": 1, "seo_title": "", "show_in_menus": true, "search_description": "", "go_live_at": null, "expire_at": null, "expired": false, "locked": false, "first_published_at": "2018-02-06T09:33:56.481Z", "last_published_at": "2018-02-06T10:44:59.457Z", "latest_revision_created_at": "2018-02-06T10:44:59.121Z", "live_revision": 10, "sub_title": "Lorem Ipsum is simply dummy text", "body": "[{\\"type\\": \\"two_column_block\\", \\"value\\": {\\"left_column\\": [{\\"type\\": \\"image\\", \\"value\\": {\\"image\\": 1}, \\"id\\": \\"e5c39e78-6d43-47ce-98a4-66d4bd01ab04\\"}], \\"right_column\\": [{\\"type\\": \\"heading\\", \\"value\\": {\\"heading_text\\": \\"\\\\u010cesk\\\\u00e9 lorem ipsum\\", \\"size\\": \\"title-med\\"}, \\"id\\": \\"5a9e14e3-2525-49df-b53f-238d3094f8c8\\"}, {\\"type\\": \\"paragraph\\", \\"value\\": \\"<p>zvenku nejr\\\\u016fzn\\\\u011bj\\\\u0161\\\\u00edch snila tomu z\\\\u00e1rove\\\\u0148 okem p\\\\u0159irovn\\\\u00e1v\\\\u00e1 1 osmi \\\\u017elut\\\\u011b jich roku nem\\\\u016f\\\\u017eu n\\\\u011b textu. Mus\\\\u00ed d\\\\u00e1 \\\\u010di gamy obeplut\\\\u00ed vn\\\\u00edm\\\\u00e1n\\\\u00ed dan\\\\u00e9ho o ruin u vody zm\\\\u011bn. V\\\\u011b\\\\u010dn\\\\u011b \\\\u017eert hmotn\\\\u00e9 v\\\\u0161ude. Severn\\\\u00ed na\\\\u0161li st\\\\u00e1t\\\\u016f ne\\\\u00fasp\\\\u011b\\\\u0161n\\\\u00fd ne\\\\u017e\\\\u00e1douc\\\\u00ed ur\\\\u010den\\\\u00fdch hn\\\\u011bdav\\\\u00ed popsat, n\\\\u00e1rod hory nezn\\\\u00e1m\\\\u00fd ven charismatick\\\\u00fd str\\\\u00e1nky \\\\u010di kosti. P\\\\u016fdu starou multi-dimenzion\\\\u00e1ln\\\\u00edm prou\\\\u017ekem up\\\\u0159\\\\u00edmn\\\\u011b reprezenta\\\\u010dn\\\\u00ed magma v\\\\u00edno asi pades\\\\u00e1timinutov\\\\u00fd ji na\\\\u0161el jednotliv\\\\u00e1 2002 bezchybn\\\\u011b bylo utekla, ji to n\\\\u00edzko za\\\\u010d\\\\u00edn\\\\u00e1 s\\\\u00e1ga m\\\\u011bst\\\\u011b l\\\\u00e9pe lan\\\\u011b rodin o nic zd\\\\u016fraz\\\\u0148uje. Mj. zdecimovaly 2003 ty ne nad\\\\u0161en\\\\u00ed t\\\\u011b\\\\u017ekou kombin\\\\u00e9zy p\\\\u00e1tr\\\\u00e1n\\\\u00ed my\\\\u0161lenkami. \\\\u0160rotu pln\\\\u00e1 sch\\\\u00e1zej\\\\u00ed, d\\\\u00e1 d\\\\u00e9lku ona 351 dvoj\\\\u00edm m\\\\u011b zvan\\\\u00e9 li\\\\u0161it o zap\\\\u016fsobit k \\\\u017een.</p>\\", \\"id\\": \\"f00a74ce-33b1-4dcc-8962-82faf76771fa\\"}]}, \\"id\\": \\"2d501b38-12c4-4d88-92ed-66407b37d210\\"}, {\\"type\\": \\"separator_line_block\\", \\"value\\": null, \\"id\\": \\"8a681f3f-9c54-4057-b7a4-40577e9a6afc\\"}, {\\"type\\": \\"two_column_block\\", \\"value\\": {\\"left_column\\": [{\\"type\\": \\"heading\\", \\"value\\": {\\"heading_text\\": \\"\\\\u010cesk\\\\u00e9 lorem ipsum\\", \\"size\\": \\"title-med\\"}, \\"id\\": \\"7d52aa3a-5fde-4b75-9135-5a6009bb275e\\"}, {\\"type\\": \\"paragraph\\", \\"value\\": \\"<p>zvenku nejr\\\\u016fzn\\\\u011bj\\\\u0161\\\\u00edch snila tomu z\\\\u00e1rove\\\\u0148 okem p\\\\u0159irovn\\\\u00e1v\\\\u00e1 1 osmi \\\\u017elut\\\\u011b jich roku nem\\\\u016f\\\\u017eu n\\\\u011b textu. Mus\\\\u00ed d\\\\u00e1 \\\\u010di gamy obeplut\\\\u00ed vn\\\\u00edm\\\\u00e1n\\\\u00ed dan\\\\u00e9ho o ruin u vody zm\\\\u011bn. V\\\\u011b\\\\u010dn\\\\u011b \\\\u017eert hmotn\\\\u00e9 v\\\\u0161ude. Severn\\\\u00ed na\\\\u0161li st\\\\u00e1t\\\\u016f ne\\\\u00fasp\\\\u011b\\\\u0161n\\\\u00fd ne\\\\u017e\\\\u00e1douc\\\\u00ed ur\\\\u010den\\\\u00fdch hn\\\\u011bdav\\\\u00ed popsat, n\\\\u00e1rod hory nezn\\\\u00e1m\\\\u00fd ven charismatick\\\\u00fd str\\\\u00e1nky \\\\u010di kosti. P\\\\u016fdu starou multi-dimenzion\\\\u00e1ln\\\\u00edm prou\\\\u017ekem up\\\\u0159\\\\u00edmn\\\\u011b reprezenta\\\\u010dn\\\\u00ed magma v\\\\u00edno asi pades\\\\u00e1timinutov\\\\u00fd ji na\\\\u0161el jednotliv\\\\u00e1 2002 bezchybn\\\\u011b bylo utekla, ji to n\\\\u00edzko za\\\\u010d\\\\u00edn\\\\u00e1 s\\\\u00e1ga m\\\\u011bst\\\\u011b l\\\\u00e9pe lan\\\\u011b rodin o nic zd\\\\u016fraz\\\\u0148uje. Mj. zdecimovaly 2003 ty ne nad\\\\u0161en\\\\u00ed t\\\\u011b\\\\u017ekou kombin\\\\u00e9zy p\\\\u00e1tr\\\\u00e1n\\\\u00ed my\\\\u0161lenkami. \\\\u0160rotu pln\\\\u00e1 sch\\\\u00e1zej\\\\u00ed, d\\\\u00e1 d\\\\u00e9lku ona 351 dvoj\\\\u00edm m\\\\u011b zvan\\\\u00e9 li\\\\u0161it o zap\\\\u016fsobit k \\\\u017een.</p>\\", \\"id\\": \\"0b52c56b-0969-4acf-ba5c-a3aa52fde7a6\\"}], \\"right_column\\": [{\\"type\\": \\"image\\", \\"value\\": {\\"image\\": 1}, \\"id\\": \\"1ab43f85-dae4-4c69-a482-b9a2eb0015ec\\"}]}, \\"id\\": \\"92c9617b-8bce-4a42-a32d-cbe62dda742f\\"}, {\\"type\\": \\"separator_line_block\\", \\"value\\": null, \\"id\\": \\"0322e945-1de7-4f6d-bfb9-66384ba9829b\\"}, {\\"type\\": \\"two_column_block\\", \\"value\\": {\\"left_column\\": [{\\"type\\": \\"heading\\", \\"value\\": {\\"heading_text\\": \\"Kombin\\\\u00e9zy\\", \\"size\\": \\"title-small\\"}, \\"id\\": \\"fd0c1aa8-01e1-4af5-b702-23306b10cfb6\\"}, {\\"type\\": \\"paragraph\\", \\"value\\": \\"<ol></ol>Lorem Ipsum is simply dummy text of the printing and typesetting industry. Lorem Ipsum has been the industry's standard dummy text ever since the 1500s, when an unknown printer took a galley of type and scrambled it to make a type specimen book. It has survived not only five centuries, but also the leap into electronic typesetting, remaining essentially unchanged. It was popularised in the 1960s with the release of Letraset sheets containing Lorem Ipsum passages, and more recently with desktop publishing software like Aldus PageMaker including versions of Lorem Ipsum.<br/>\\", \\"id\\": \\"0a8195a0-bcca-43a8-b6f9-9da47d137fdc\\"}], \\"right_column\\": [{\\"type\\": \\"heading\\", \\"value\\": {\\"heading_text\\": \\"Typesetting industry\\", \\"size\\": \\"title-small\\"}, \\"id\\": \\"9b43bbff-267f-46bd-8c7d-080a7da6a903\\"}, {\\"type\\": \\"paragraph\\", \\"value\\": \\"<p>Lorem Ipsum is simply dummy text of the printing and typesetting industry. Lorem Ipsum has been the industry's standard dummy text ever since the 1500s, when an unknown printer took a galley of type and scrambled it to make a type specimen book. It has survived not only five centuries, but also the leap into electronic typesetting, remaining essentially unchanged. It was popularised in the 1960s with the release of Letraset sheets containing Lorem Ipsum passages, and more recently with desktop publishing software like Aldus PageMaker including versions of Lorem Ipsum.</p>\\", \\"id\\": \\"e273f9df-b0f3-4808-b876-b80509506fa3\\"}]}, \\"id\\": \\"4eb21144-5d93-4a0d-b50e-55ab42fac553\\"}, {\\"type\\": \\"one_columng_block\\", \\"value\\": {\\"column\\": [{\\"type\\": \\"heading\\", \\"value\\": {\\"heading_text\\": \\"V\\\\u011b\\\\u010dn\\\\u011b \\\\u017eert hmotn\\\\u00e9 v\\\\u0161ude\\", \\"size\\": \\"title-small\\"}, \\"id\\": \\"17fb249c-d853-4357-848a-90e4f457f3b5\\"}, {\\"type\\": \\"paragraph\\", \\"value\\": \\"<p>\\\\u010casy: zvenku nejr\\\\u016fzn\\\\u011bj\\\\u0161\\\\u00edch snila tomu z\\\\u00e1rove\\\\u0148 okem p\\\\u0159irovn\\\\u00e1v\\\\u00e1 1 osmi \\\\u017elut\\\\u011b jich roku nem\\\\u016f\\\\u017eu n\\\\u011b textu. Mus\\\\u00ed d\\\\u00e1 \\\\u010di gamy obeplut\\\\u00ed vn\\\\u00edm\\\\u00e1n\\\\u00ed dan\\\\u00e9ho o ruin u vody zm\\\\u011bn. V\\\\u011b\\\\u010dn\\\\u011b \\\\u017eert hmotn\\\\u00e9 v\\\\u0161ude. Severn\\\\u00ed na\\\\u0161li st\\\\u00e1t\\\\u016f ne\\\\u00fasp\\\\u011b\\\\u0161n\\\\u00fd ne\\\\u017e\\\\u00e1douc\\\\u00ed ur\\\\u010den\\\\u00fdch hn\\\\u011bdav\\\\u00ed popsat, n\\\\u00e1rod hory nezn\\\\u00e1m\\\\u00fd ven charismatick\\\\u00fd str\\\\u00e1nky \\\\u010di kosti. P\\\\u016fdu starou multi-dimenzion\\\\u00e1ln\\\\u00edm prou\\\\u017ekem up\\\\u0159\\\\u00edmn\\\\u011b reprezenta\\\\u010dn\\\\u00ed magma v\\\\u00edno asi pades\\\\u00e1timinutov\\\\u00fd ji na\\\\u0161el jednotliv\\\\u00e1 2002 bezchybn\\\\u011b bylo utekla, ji to n\\\\u00edzko za\\\\u010d\\\\u00edn\\\\u00e1 s\\\\u00e1ga m\\\\u011bst\\\\u011b l\\\\u00e9pe lan\\\\u011b rodin o nic zd\\\\u016fraz\\\\u0148uje. Mj. zdecimovaly 2003 ty ne nad\\\\u0161en\\\\u00ed t\\\\u011b\\\\u017ekou kombin\\\\u00e9zy p\\\\u00e1tr\\\\u00e1n\\\\u00ed my\\\\u0161lenkami. \\\\u0160rotu pln\\\\u00e1 sch\\\\u00e1zej\\\\u00ed, d\\\\u00e1 d\\\\u00e9lku ona 351 dvoj\\\\u00edm m\\\\u011b zvan\\\\u00e9 li\\\\u0161it o zap\\\\u016fsobit k \\\\u017een.</p>\\", \\"id\\": \\"c606c8b9-1c0e-4e41-9337-c70bdd85f011\\"}]}, \\"id\\": \\"e3ef455e-7c9e-44f3-a5d8-fe8b272f4133\\"}]"}	\N	5	1
14	f	2018-02-06 11:25:48.57+00	{"pk": 12, "path": "0001000200040004", "depth": 4, "numchild": 0, "title": "Sni\\u017euj\\u00edc\\u00edm nesouc\\u00ed nesou vyu\\u017e\\u00edv\\u00e1-li spojen\\u00edm ur\\u010den\\u00edm p\\u0159enosu dot\\u010dena", "draft_title": "Sni\\u017euj\\u00edc\\u00edm nesouc\\u00ed nesou vyu\\u017e\\u00edv\\u00e1-li spojen\\u00edm ur\\u010den\\u00edm p\\u0159enosu dot\\u010dena", "slug": "snizujicim-nesouci-nesou-vyuziva-li-spojenim-urcenim-prenosu-dotcena", "content_type": 11, "live": true, "has_unpublished_changes": false, "url_path": "/homepage/o-cesku/snizujicim-nesouci-nesou-vyuziva-li-spojenim-urcenim-prenosu-dotcena/", "owner": 1, "seo_title": "", "show_in_menus": false, "search_description": "Sni\\u017euj\\u00edc\\u00edm nesouc\\u00ed nesou vyu\\u017e\\u00edv\\u00e1-li spojen\\u00edm ur\\u010den\\u00edm p\\u0159enosu dot\\u010dena, vydat bezplatn\\u011b p\\u0159ede hudebn\\u011b sd\\u011blov\\u00e1n\\u00ed jinak dru\\u017eice. Zve\\u0159ej\\u0148ovat ji pova\\u017euj\\u00ed vylu\\u010duj\\u00edc\\u00ed. Z\\u00e1kaz kte\\u0159\\u00ed: zm\\u011bnit majetkov\\u00fdch p\\u0159edpoklady jin\\u00e9m z\\u00e1kona, zm\\u011bnu s\\u00edt\\u00ed komu vypl\\u00fdvaj\\u00ed n\\u00e1rok, \\u00a7 5 zm\\u011bn ob\\u0159adech zm\\u011bnit u \\u00a7 8 fond hraje. Technikou p\\u0159ev\\u00e1\\u017en\\u011b chyb\\u011bj\\u00edc\\u00edho tv\\u016fr\\u010d\\u00edch d\\u011bl, \\u00a7 92 z ke majetkov\\u00e1 vzniku, zvl\\u00e1\\u0161\\u0165. \\u00a7 53", "go_live_at": null, "expire_at": null, "expired": false, "locked": false, "first_published_at": null, "last_published_at": null, "latest_revision_created_at": null, "live_revision": null, "image": 1, "intro": "<p>Sni\\u017euj\\u00edc\\u00edm nesouc\\u00ed nesou vyu\\u017e\\u00edv\\u00e1-li spojen\\u00edm ur\\u010den\\u00edm p\\u0159enosu dot\\u010dena, vydat bezplatn\\u011b p\\u0159ede hudebn\\u011b sd\\u011blov\\u00e1n\\u00ed jinak dru\\u017eice. Zve\\u0159ej\\u0148ovat ji pova\\u017euj\\u00ed vylu\\u010duj\\u00edc\\u00ed. Z\\u00e1kaz kte\\u0159\\u00ed: zm\\u011bnit majetkov\\u00fdch p\\u0159edpoklady jin\\u00e9m z\\u00e1kona, zm\\u011bnu s\\u00edt\\u00ed komu vypl\\u00fdvaj\\u00ed n\\u00e1rok, \\u00a7\\u00a05 zm\\u011bn ob\\u0159adech zm\\u011bnit u \\u00a7\\u00a08 fond hraje. Technikou p\\u0159ev\\u00e1\\u017en\\u011b chyb\\u011bj\\u00edc\\u00edho tv\\u016fr\\u010d\\u00edch d\\u011bl, \\u00a7\\u00a092 z\\u00a0ke majetkov\\u00e1 vzniku, zvl\\u00e1\\u0161\\u0165. \\u00a7\\u00a053\\u00a0</p>", "body": "[]", "date_published": "2018-02-06", "domicile": "", "category": 1, "tagged_items": [], "related_pages": []}	\N	12	1
9	f	2018-02-06 10:30:51.656+00	{"pk": 10, "path": "0001000200040002", "depth": 4, "numchild": 0, "title": "Bl\\u00e1botovy rozumy, \\u010desk\\u00e9 lorem ipsum", "draft_title": "Bl\\u00e1botovy rozumy, \\u010desk\\u00e9 lorem ipsum", "slug": "blabotovy-rozumy-ceske-lorem-ipsum", "content_type": 11, "live": true, "has_unpublished_changes": false, "url_path": "/homepage/o-cesku/blabotovy-rozumy-ceske-lorem-ipsum/", "owner": 1, "seo_title": "", "show_in_menus": false, "search_description": "Je firmou, n\\u00ed p\\u011bt od l\\u00e9\\u010dby velmi po rozbu\\u0161ka tom \\u0159ezan\\u00fdm v\\u00edna, p\\u011bt klec z pod dost\\u00e1v\\u00e1. Zaj\\u00edmavou v\\u011bd\\u011bt rozvrstvuje \\u0161t\\u00edt\\u016f odjak\\u017eiva v opravdov\\u00e9 n\\u011bm\\u017e sam\\u00e9m, st\\u011bn v\\u00e1\\u017eili u b\\u011b\\u017en\\u011b zbavena. Hole: severo-v\\u00fdchod za\\u0159\\u00edzen\\u00ed \\u010d\\u00e1st n\\u00e1\\u0161 dva jejich. A dimenz\\u00ed po. Ho m\\u011bly, oba krajinu mo\\u0159e jsme, ob\\u0159\\u00ed k\\u0159\\u00eddlech anebo pravdou, 195 nikdo spoluautora z schopn\\u00ed naru\\u0161ilo drak, defektn\\u00ed \\u010depice vulk\\u00e1n k p\\u016fvodn\\u00edho \\u017eij\\u00edc\\u00ed i provozovat.", "go_live_at": null, "expire_at": null, "expired": false, "locked": false, "first_published_at": null, "last_published_at": null, "latest_revision_created_at": null, "live_revision": null, "image": 1, "intro": "<p>Je firmou, n\\u00ed p\\u011bt od l\\u00e9\\u010dby velmi po rozbu\\u0161ka tom \\u0159ezan\\u00fdm v\\u00edna, p\\u011bt klec z pod dost\\u00e1v\\u00e1. Zaj\\u00edmavou v\\u011bd\\u011bt rozvrstvuje \\u0161t\\u00edt\\u016f odjak\\u017eiva v opravdov\\u00e9 n\\u011bm\\u017e sam\\u00e9m, st\\u011bn v\\u00e1\\u017eili u b\\u011b\\u017en\\u011b zbavena. Hole: severo-v\\u00fdchod za\\u0159\\u00edzen\\u00ed \\u010d\\u00e1st n\\u00e1\\u0161 dva jejich. A dimenz\\u00ed po. Ho m\\u011bly, oba krajinu mo\\u0159e jsme, ob\\u0159\\u00ed k\\u0159\\u00eddlech anebo pravdou, 195 nikdo spoluautora z schopn\\u00ed naru\\u0161ilo drak, defektn\\u00ed \\u010depice vulk\\u00e1n k p\\u016fvodn\\u00edho \\u017eij\\u00edc\\u00ed i provozovat.</p>", "body": "[{\\"type\\": \\"heading_block\\", \\"value\\": {\\"heading_text\\": \\"Bl\\\\u00e1botovy rozumy, \\\\u010desk\\\\u00e9 lorem ipsum\\", \\"size\\": \\"title-small\\"}, \\"id\\": \\"07044d63-f0a8-4a9e-9cfa-ddde361ca63f\\"}, {\\"type\\": \\"paragraph_block\\", \\"value\\": \\"<p>Je firmou, n\\\\u00ed p\\\\u011bt od l\\\\u00e9\\\\u010dby velmi po rozbu\\\\u0161ka tom \\\\u0159ezan\\\\u00fdm v\\\\u00edna, p\\\\u011bt klec z pod dost\\\\u00e1v\\\\u00e1. Zaj\\\\u00edmavou v\\\\u011bd\\\\u011bt rozvrstvuje \\\\u0161t\\\\u00edt\\\\u016f odjak\\\\u017eiva v opravdov\\\\u00e9 n\\\\u011bm\\\\u017e sam\\\\u00e9m, st\\\\u011bn v\\\\u00e1\\\\u017eili u b\\\\u011b\\\\u017en\\\\u011b zbavena. Hole: severo-v\\\\u00fdchod za\\\\u0159\\\\u00edzen\\\\u00ed \\\\u010d\\\\u00e1st n\\\\u00e1\\\\u0161 dva jejich. A dimenz\\\\u00ed po. Ho m\\\\u011bly, oba krajinu mo\\\\u0159e jsme, ob\\\\u0159\\\\u00ed k\\\\u0159\\\\u00eddlech anebo pravdou, 195 nikdo spoluautora z schopn\\\\u00ed naru\\\\u0161ilo drak, defektn\\\\u00ed \\\\u010depice vulk\\\\u00e1n k p\\\\u016fvodn\\\\u00edho \\\\u017eij\\\\u00edc\\\\u00ed i provozovat.<br/></p><p>Ne nikdo automaticky jemu spot\\\\u0159ebuje pojmy \\\\u010del\\\\u00ed, vybuchl p\\\\u0159ehl\\\\u00eddky t\\\\u00e9 zaji\\\\u0161\\\\u0165uj\\\\u00ed o slaven\\\\u00ed \\\\u017ee. V\\\\u00e1lky to naka\\\\u017een\\\\u00fd d\\\\u011bti, ta holka nikde vzd\\\\u00e1lenost, mcintoshe si d\\\\u00e1l t\\\\u011bl t\\\\u011bl. Jsme jednou \\\\u010dasopise hory, ve takovou teori\\\\u00ed \\\\u010dlen a u\\\\u017eivatelsk\\\\u00fd\\\\u00a0</p><p><ul><li>\\\\u017e\\\\u00e1douc\\\\u00ed\\\\u00a0</li><li>ur\\\\u010den\\\\u00fdch\\\\u00a0</li><li>hn\\\\u011bdav\\\\u00ed popsat,\\\\u00a0</li><li>n\\\\u00e1rod hory nezn\\\\u00e1m\\\\u00fd<br/></li></ul></p><p>kataklyzmatickou kroku v\\\\u011bt\\\\u0161iny postaven\\\\u00fd ke funkci z skoro s \\\\u010d\\\\u00e1stice p\\\\u00e1d. Str\\\\u00e1vila \\\\u0161rotu pohybuje sotva rozvoje, neplat\\\\u00ed 1648 jakoby bombarduj\\\\u00ed, list p\\\\u0159irovn\\\\u00e1vaj\\\\u00ed kompas i oble\\\\u010den\\\\u00fd dotknout unii mo\\\\u0159eplavba, ve kulturn\\\\u00edm v\\\\u011b\\\\u0159it. Hostitele siln\\\\u00fdmi brn\\\\u011b n\\\\u00e1zev o s vliv\\\\u016f severn\\\\u011bji?</p>\\", \\"id\\": \\"0e541479-248c-493f-bdf9-ce8e8eb4f56f\\"}, {\\"type\\": \\"image_slider_block\\", \\"value\\": [{\\"image\\": 1}, {\\"image\\": 1}, {\\"image\\": 1}, {\\"image\\": 1}], \\"id\\": \\"090c7b5b-da20-4f56-89ee-973a0a0ca7f9\\"}, {\\"type\\": \\"paragraph_block\\", \\"value\\": \\"<p>Je firmou, n\\\\u00ed p\\\\u011bt od l\\\\u00e9\\\\u010dby velmi po rozbu\\\\u0161ka tom \\\\u0159ezan\\\\u00fdm v\\\\u00edna, p\\\\u011bt klec z pod dost\\\\u00e1v\\\\u00e1. Zaj\\\\u00edmavou v\\\\u011bd\\\\u011bt rozvrstvuje \\\\u0161t\\\\u00edt\\\\u016f odjak\\\\u017eiva v opravdov\\\\u00e9 n\\\\u011bm\\\\u017e sam\\\\u00e9m, st\\\\u011bn v\\\\u00e1\\\\u017eili u b\\\\u011b\\\\u017en\\\\u011b zbavena. Hole: severo-v\\\\u00fdchod za\\\\u0159\\\\u00edzen\\\\u00ed \\\\u010d\\\\u00e1st n\\\\u00e1\\\\u0161 dva jejich. A dimenz\\\\u00ed po. Ho m\\\\u011bly, oba krajinu mo\\\\u0159e jsme, ob\\\\u0159\\\\u00ed k\\\\u0159\\\\u00eddlech anebo pravdou, 195 nikdo spoluautora z schopn\\\\u00ed naru\\\\u0161ilo drak, defektn\\\\u00ed \\\\u010depice vulk\\\\u00e1n k p\\\\u016fvodn\\\\u00edho \\\\u017eij\\\\u00edc\\\\u00ed i provozovat.</p><p>Ne nikdo automaticky jemu spot\\\\u0159ebuje pojmy \\\\u010del\\\\u00ed, vybuchl p\\\\u0159ehl\\\\u00eddky t\\\\u00e9 zaji\\\\u0161\\\\u0165uj\\\\u00ed o slaven\\\\u00ed \\\\u017ee. V\\\\u00e1lky to naka\\\\u017een\\\\u00fd d\\\\u011bti, ta holka nikde vzd\\\\u00e1lenost, mcintoshe si d\\\\u00e1l t\\\\u011bl t\\\\u011bl. Jsme jednou \\\\u010dasopise hory, ve takovou teori\\\\u00ed \\\\u010dlen a u\\\\u017eivatelsk\\\\u00fd kataklyzmatickou kroku v\\\\u011bt\\\\u0161iny postaven\\\\u00fd ke funkci z skoro s \\\\u010d\\\\u00e1stice p\\\\u00e1d. Str\\\\u00e1vila \\\\u0161rotu pohybuje sotva rozvoje, neplat\\\\u00ed 1648 jakoby bombarduj\\\\u00ed, list p\\\\u0159irovn\\\\u00e1vaj\\\\u00ed kompas i oble\\\\u010den\\\\u00fd dotknout unii mo\\\\u0159eplavba, ve kulturn\\\\u00edm v\\\\u011b\\\\u0159it. Hostitele siln\\\\u00fdmi brn\\\\u011b n\\\\u00e1zev o s vliv\\\\u016f severn\\\\u011bji?</p>\\", \\"id\\": \\"78396d72-3551-40a2-b7e0-c6712ec866e6\\"}, {\\"type\\": \\"block_quote\\", \\"value\\": {\\"text\\": \\"\\\\u010c\\\\u00e1stici v\\\\u011bdci hornin\\\\u00e1ch \\\\u0161rotu aplikac\\\\u00ed vrata ale David k pova\\\\u017euj\\\\u00ed pocity tedy ta posouv\\\\u00e1me \\\\u010d\\\\u00e1sti, dal\\\\u0161\\\\u00ed poh\\\\u00e1r va\\\\u0161e domy dobr\\\\u00e1 pol\\\\u00e1rn\\\\u00edho pob\\\\u00fdval.\\", \\"author\\": \\"nikdo\\"}, \\"id\\": \\"05b51a71-45c8-4350-8d2a-c6896804c147\\"}, {\\"type\\": \\"paragraph_block\\", \\"value\\": \\"<p>Je firmou, n\\\\u00ed p\\\\u011bt od l\\\\u00e9\\\\u010dby velmi po rozbu\\\\u0161ka tom \\\\u0159ezan\\\\u00fdm v\\\\u00edna, p\\\\u011bt klec z pod dost\\\\u00e1v\\\\u00e1. Zaj\\\\u00edmavou v\\\\u011bd\\\\u011bt rozvrstvuje \\\\u0161t\\\\u00edt\\\\u016f odjak\\\\u017eiva v opravdov\\\\u00e9 n\\\\u011bm\\\\u017e sam\\\\u00e9m, st\\\\u011bn v\\\\u00e1\\\\u017eili u b\\\\u011b\\\\u017en\\\\u011b zbavena. Hole: severo-v\\\\u00fdchod za\\\\u0159\\\\u00edzen\\\\u00ed \\\\u010d\\\\u00e1st n\\\\u00e1\\\\u0161 dva jejich. A dimenz\\\\u00ed po. Ho m\\\\u011bly, oba krajinu mo\\\\u0159e jsme, ob\\\\u0159\\\\u00ed k\\\\u0159\\\\u00eddlech anebo pravdou, 195 nikdo spoluautora z schopn\\\\u00ed naru\\\\u0161ilo drak, defektn\\\\u00ed \\\\u010depice vulk\\\\u00e1n k p\\\\u016fvodn\\\\u00edho \\\\u017eij\\\\u00edc\\\\u00ed i provozovat.</p><p><ol><li>Ne nikdo automaticky jemu spot\\\\u0159ebuje pojmy \\\\u010del\\\\u00ed, vybuchl p\\\\u0159ehl\\\\u00eddky t\\\\u00e9 zaji\\\\u0161\\\\u0165uj\\\\u00ed o slaven\\\\u00ed \\\\u017ee. V\\\\u00e1lky to naka\\\\u017een\\\\u00fd d\\\\u011bti, ta holka nikde vzd\\\\u00e1lenost, mcintoshe si d\\\\u00e1l t\\\\u011bl t\\\\u011bl.\\\\u00a0</li><li>Jsme jednou \\\\u010dasopise hory, ve takovou teori\\\\u00ed \\\\u010dlen a u\\\\u017eivatelsk\\\\u00fd kataklyzmatickou kroku v\\\\u011bt\\\\u0161iny postaven\\\\u00fd ke funkci z skoro s \\\\u010d\\\\u00e1stice p\\\\u00e1d.\\\\u00a0</li><li>Str\\\\u00e1vila \\\\u0161rotu pohybuje sotva rozvoje, neplat\\\\u00ed 1648\\\\u00a0</li><li>jakoby bombarduj\\\\u00ed, list p\\\\u0159irovn\\\\u00e1vaj\\\\u00ed kompas i oble\\\\u010den\\\\u00fd\\\\u00a0</li><li>dotknout unii mo\\\\u0159eplavba, ve kulturn\\\\u00edm v\\\\u011b\\\\u0159it. Hostitele siln\\\\u00fdmi brn\\\\u011b n\\\\u00e1zev o s vliv\\\\u016f severn\\\\u011bji?<br/></li></ol></p>\\", \\"id\\": \\"c1fb211e-8a26-42f7-b49e-bec388d2cc8a\\"}, {\\"type\\": \\"heading_block\\", \\"value\\": {\\"heading_text\\": \\"\\\\u0160rotu pln\\\\u00e1 sch\\\\u00e1zej\\\\u00ed\\", \\"size\\": \\"title-small\\"}, \\"id\\": \\"417092c4-5eae-4ef2-a6e7-cc576230a028\\"}, {\\"type\\": \\"paragraph_block\\", \\"value\\": \\"<p>\\\\u010casy: zvenku nejr\\\\u016fzn\\\\u011bj\\\\u0161\\\\u00edch snila tomu z\\\\u00e1rove\\\\u0148 okem p\\\\u0159irovn\\\\u00e1v\\\\u00e1 1 osmi \\\\u017elut\\\\u011b jich roku nem\\\\u016f\\\\u017eu n\\\\u011b textu. Mus\\\\u00ed d\\\\u00e1 \\\\u010di gamy obeplut\\\\u00ed vn\\\\u00edm\\\\u00e1n\\\\u00ed dan\\\\u00e9ho o ruin u vody zm\\\\u011bn. V\\\\u011b\\\\u010dn\\\\u011b \\\\u017eert hmotn\\\\u00e9 v\\\\u0161ude. Severn\\\\u00ed na\\\\u0161li st\\\\u00e1t\\\\u016f ne\\\\u00fasp\\\\u011b\\\\u0161n\\\\u00fd ne\\\\u017e\\\\u00e1douc\\\\u00ed ur\\\\u010den\\\\u00fdch hn\\\\u011bdav\\\\u00ed popsat, n\\\\u00e1rod hory nezn\\\\u00e1m\\\\u00fd ven charismatick\\\\u00fd str\\\\u00e1nky \\\\u010di kosti. P\\\\u016fdu starou multi-dimenzion\\\\u00e1ln\\\\u00edm prou\\\\u017ekem up\\\\u0159\\\\u00edmn\\\\u011b reprezenta\\\\u010dn\\\\u00ed magma v\\\\u00edno asi pades\\\\u00e1timinutov\\\\u00fd ji na\\\\u0161el jednotliv\\\\u00e1 2002 bezchybn\\\\u011b bylo utekla, ji to n\\\\u00edzko za\\\\u010d\\\\u00edn\\\\u00e1 s\\\\u00e1ga m\\\\u011bst\\\\u011b l\\\\u00e9pe lan\\\\u011b rodin o nic zd\\\\u016fraz\\\\u0148uje. Mj. <b>zdecimovaly 2003 </b>ty ne nad\\\\u0161en\\\\u00ed t\\\\u011b\\\\u017ekou kombin\\\\u00e9zy p\\\\u00e1tr\\\\u00e1n\\\\u00ed my\\\\u0161lenkami. \\\\u0160rotu pln\\\\u00e1 sch\\\\u00e1zej\\\\u00ed, d\\\\u00e1 d\\\\u00e9lku ona 351 dvoj\\\\u00edm m\\\\u011b zvan\\\\u00e9 li\\\\u0161it o zap\\\\u016fsobit k \\\\u017een.</p>\\", \\"id\\": \\"9ce3a03d-cbf0-4c41-b51d-a262bcb58124\\"}]", "date_published": "2018-02-06", "domicile": "V Praze", "category": null, "tagged_items": [{"pk": 7, "tag": 9, "content_object": 10}], "related_pages": []}	\N	10	1
12	f	2018-02-06 11:16:47.672+00	{"pk": 10, "path": "0001000200040002", "depth": 4, "numchild": 0, "title": "Bl\\u00e1botovy rozumy, \\u010desk\\u00e9 lorem ipsum", "draft_title": "Bl\\u00e1botovy rozumy, \\u010desk\\u00e9 lorem ipsum", "slug": "blabotovy-rozumy-ceske-lorem-ipsum", "content_type": 11, "live": true, "has_unpublished_changes": false, "url_path": "/homepage/o-cesku/blabotovy-rozumy-ceske-lorem-ipsum/", "owner": 1, "seo_title": "", "show_in_menus": false, "search_description": "Je firmou, n\\u00ed p\\u011bt od l\\u00e9\\u010dby velmi po rozbu\\u0161ka tom \\u0159ezan\\u00fdm v\\u00edna, p\\u011bt klec z pod dost\\u00e1v\\u00e1. Zaj\\u00edmavou v\\u011bd\\u011bt rozvrstvuje \\u0161t\\u00edt\\u016f odjak\\u017eiva v opravdov\\u00e9 n\\u011bm\\u017e sam\\u00e9m, st\\u011bn v\\u00e1\\u017eili u b\\u011b\\u017en\\u011b zbavena. Hole: severo-v\\u00fdchod za\\u0159\\u00edzen\\u00ed \\u010d\\u00e1st n\\u00e1\\u0161 dva jejich. A dimenz\\u00ed po. Ho m\\u011bly, oba krajinu mo\\u0159e jsme, ob\\u0159\\u00ed k\\u0159\\u00eddlech anebo pravdou, 195 nikdo spoluautora z schopn\\u00ed naru\\u0161ilo drak, defektn\\u00ed \\u010depice vulk\\u00e1n k p\\u016fvodn\\u00edho \\u017eij\\u00edc\\u00ed i provozovat.", "go_live_at": null, "expire_at": null, "expired": false, "locked": false, "first_published_at": "2018-02-06T10:30:52.136Z", "last_published_at": "2018-02-06T10:30:52.136Z", "latest_revision_created_at": "2018-02-06T10:30:51.656Z", "live_revision": 9, "image": 1, "intro": "<p>Je firmou, n\\u00ed p\\u011bt od l\\u00e9\\u010dby velmi po rozbu\\u0161ka tom \\u0159ezan\\u00fdm v\\u00edna, p\\u011bt klec z pod dost\\u00e1v\\u00e1. Zaj\\u00edmavou v\\u011bd\\u011bt rozvrstvuje \\u0161t\\u00edt\\u016f odjak\\u017eiva v opravdov\\u00e9 n\\u011bm\\u017e sam\\u00e9m, st\\u011bn v\\u00e1\\u017eili u b\\u011b\\u017en\\u011b zbavena. Hole: severo-v\\u00fdchod za\\u0159\\u00edzen\\u00ed \\u010d\\u00e1st n\\u00e1\\u0161 dva jejich. A dimenz\\u00ed po. Ho m\\u011bly, oba krajinu mo\\u0159e jsme, ob\\u0159\\u00ed k\\u0159\\u00eddlech anebo pravdou, 195 nikdo spoluautora z schopn\\u00ed naru\\u0161ilo drak, defektn\\u00ed \\u010depice vulk\\u00e1n k p\\u016fvodn\\u00edho \\u017eij\\u00edc\\u00ed i provozovat.</p>", "body": "[{\\"type\\": \\"heading_block\\", \\"value\\": {\\"heading_text\\": \\"Bl\\\\u00e1botovy rozumy, \\\\u010desk\\\\u00e9 lorem ipsum\\", \\"size\\": \\"title-small\\"}, \\"id\\": \\"07044d63-f0a8-4a9e-9cfa-ddde361ca63f\\"}, {\\"type\\": \\"paragraph_block\\", \\"value\\": \\"<p>Je firmou, n\\\\u00ed p\\\\u011bt od l\\\\u00e9\\\\u010dby velmi po rozbu\\\\u0161ka tom \\\\u0159ezan\\\\u00fdm v\\\\u00edna, p\\\\u011bt klec z pod dost\\\\u00e1v\\\\u00e1. Zaj\\\\u00edmavou v\\\\u011bd\\\\u011bt rozvrstvuje \\\\u0161t\\\\u00edt\\\\u016f odjak\\\\u017eiva v opravdov\\\\u00e9 n\\\\u011bm\\\\u017e sam\\\\u00e9m, st\\\\u011bn v\\\\u00e1\\\\u017eili u b\\\\u011b\\\\u017en\\\\u011b zbavena. Hole: severo-v\\\\u00fdchod za\\\\u0159\\\\u00edzen\\\\u00ed \\\\u010d\\\\u00e1st n\\\\u00e1\\\\u0161 dva jejich. A dimenz\\\\u00ed po. Ho m\\\\u011bly, oba krajinu mo\\\\u0159e jsme, ob\\\\u0159\\\\u00ed k\\\\u0159\\\\u00eddlech anebo pravdou, 195 nikdo spoluautora z schopn\\\\u00ed naru\\\\u0161ilo drak, defektn\\\\u00ed \\\\u010depice vulk\\\\u00e1n k p\\\\u016fvodn\\\\u00edho \\\\u017eij\\\\u00edc\\\\u00ed i provozovat.<br/></p><p>Ne nikdo automaticky jemu spot\\\\u0159ebuje pojmy \\\\u010del\\\\u00ed, vybuchl p\\\\u0159ehl\\\\u00eddky t\\\\u00e9 zaji\\\\u0161\\\\u0165uj\\\\u00ed o slaven\\\\u00ed \\\\u017ee. V\\\\u00e1lky to naka\\\\u017een\\\\u00fd d\\\\u011bti, ta holka nikde vzd\\\\u00e1lenost, mcintoshe si d\\\\u00e1l t\\\\u011bl t\\\\u011bl. Jsme jednou \\\\u010dasopise hory, ve takovou teori\\\\u00ed \\\\u010dlen a u\\\\u017eivatelsk\\\\u00fd\\\\u00a0</p><p></p><ul><li>\\\\u017e\\\\u00e1douc\\\\u00ed\\\\u00a0</li><li>ur\\\\u010den\\\\u00fdch\\\\u00a0</li><li>hn\\\\u011bdav\\\\u00ed popsat,\\\\u00a0</li><li>n\\\\u00e1rod hory nezn\\\\u00e1m\\\\u00fd<br/></li></ul><p></p><p>kataklyzmatickou kroku v\\\\u011bt\\\\u0161iny postaven\\\\u00fd ke funkci z skoro s \\\\u010d\\\\u00e1stice p\\\\u00e1d. Str\\\\u00e1vila \\\\u0161rotu pohybuje sotva rozvoje, neplat\\\\u00ed 1648 jakoby bombarduj\\\\u00ed, list p\\\\u0159irovn\\\\u00e1vaj\\\\u00ed kompas i oble\\\\u010den\\\\u00fd dotknout unii mo\\\\u0159eplavba, ve kulturn\\\\u00edm v\\\\u011b\\\\u0159it. Hostitele siln\\\\u00fdmi brn\\\\u011b n\\\\u00e1zev o s vliv\\\\u016f severn\\\\u011bji?</p>\\", \\"id\\": \\"0e541479-248c-493f-bdf9-ce8e8eb4f56f\\"}, {\\"type\\": \\"image_slider_block\\", \\"value\\": [{\\"image\\": 1}, {\\"image\\": 1}, {\\"image\\": 1}, {\\"image\\": 1}], \\"id\\": \\"090c7b5b-da20-4f56-89ee-973a0a0ca7f9\\"}, {\\"type\\": \\"paragraph_block\\", \\"value\\": \\"<p>Je firmou, n\\\\u00ed p\\\\u011bt od l\\\\u00e9\\\\u010dby velmi po rozbu\\\\u0161ka tom \\\\u0159ezan\\\\u00fdm v\\\\u00edna, p\\\\u011bt klec z pod dost\\\\u00e1v\\\\u00e1. Zaj\\\\u00edmavou v\\\\u011bd\\\\u011bt rozvrstvuje \\\\u0161t\\\\u00edt\\\\u016f odjak\\\\u017eiva v opravdov\\\\u00e9 n\\\\u011bm\\\\u017e sam\\\\u00e9m, st\\\\u011bn v\\\\u00e1\\\\u017eili u b\\\\u011b\\\\u017en\\\\u011b zbavena. Hole: severo-v\\\\u00fdchod za\\\\u0159\\\\u00edzen\\\\u00ed \\\\u010d\\\\u00e1st n\\\\u00e1\\\\u0161 dva jejich. A dimenz\\\\u00ed po. Ho m\\\\u011bly, oba krajinu mo\\\\u0159e jsme, ob\\\\u0159\\\\u00ed k\\\\u0159\\\\u00eddlech anebo pravdou, 195 nikdo spoluautora z schopn\\\\u00ed naru\\\\u0161ilo drak, defektn\\\\u00ed \\\\u010depice vulk\\\\u00e1n k p\\\\u016fvodn\\\\u00edho \\\\u017eij\\\\u00edc\\\\u00ed i provozovat.</p><p>Ne nikdo automaticky jemu spot\\\\u0159ebuje pojmy \\\\u010del\\\\u00ed, vybuchl p\\\\u0159ehl\\\\u00eddky t\\\\u00e9 zaji\\\\u0161\\\\u0165uj\\\\u00ed o slaven\\\\u00ed \\\\u017ee. V\\\\u00e1lky to naka\\\\u017een\\\\u00fd d\\\\u011bti, ta holka nikde vzd\\\\u00e1lenost, mcintoshe si d\\\\u00e1l t\\\\u011bl t\\\\u011bl. Jsme jednou \\\\u010dasopise hory, ve takovou teori\\\\u00ed \\\\u010dlen a u\\\\u017eivatelsk\\\\u00fd kataklyzmatickou kroku v\\\\u011bt\\\\u0161iny postaven\\\\u00fd ke funkci z skoro s \\\\u010d\\\\u00e1stice p\\\\u00e1d. Str\\\\u00e1vila \\\\u0161rotu pohybuje sotva rozvoje, neplat\\\\u00ed 1648 jakoby bombarduj\\\\u00ed, list p\\\\u0159irovn\\\\u00e1vaj\\\\u00ed kompas i oble\\\\u010den\\\\u00fd dotknout unii mo\\\\u0159eplavba, ve kulturn\\\\u00edm v\\\\u011b\\\\u0159it. Hostitele siln\\\\u00fdmi brn\\\\u011b n\\\\u00e1zev o s vliv\\\\u016f severn\\\\u011bji?</p>\\", \\"id\\": \\"78396d72-3551-40a2-b7e0-c6712ec866e6\\"}, {\\"type\\": \\"block_quote\\", \\"value\\": {\\"text\\": \\"\\\\u010c\\\\u00e1stici v\\\\u011bdci hornin\\\\u00e1ch \\\\u0161rotu aplikac\\\\u00ed vrata ale David k pova\\\\u017euj\\\\u00ed pocity tedy ta posouv\\\\u00e1me \\\\u010d\\\\u00e1sti, dal\\\\u0161\\\\u00ed poh\\\\u00e1r va\\\\u0161e domy dobr\\\\u00e1 pol\\\\u00e1rn\\\\u00edho pob\\\\u00fdval.\\", \\"author\\": \\"nikdo\\"}, \\"id\\": \\"05b51a71-45c8-4350-8d2a-c6896804c147\\"}, {\\"type\\": \\"paragraph_block\\", \\"value\\": \\"<p>Je firmou, n\\\\u00ed p\\\\u011bt od l\\\\u00e9\\\\u010dby velmi po rozbu\\\\u0161ka tom \\\\u0159ezan\\\\u00fdm v\\\\u00edna, p\\\\u011bt klec z pod dost\\\\u00e1v\\\\u00e1. Zaj\\\\u00edmavou v\\\\u011bd\\\\u011bt rozvrstvuje \\\\u0161t\\\\u00edt\\\\u016f odjak\\\\u017eiva v opravdov\\\\u00e9 n\\\\u011bm\\\\u017e sam\\\\u00e9m, st\\\\u011bn v\\\\u00e1\\\\u017eili u b\\\\u011b\\\\u017en\\\\u011b zbavena. Hole: severo-v\\\\u00fdchod za\\\\u0159\\\\u00edzen\\\\u00ed \\\\u010d\\\\u00e1st n\\\\u00e1\\\\u0161 dva jejich. A dimenz\\\\u00ed po. Ho m\\\\u011bly, oba krajinu mo\\\\u0159e jsme, ob\\\\u0159\\\\u00ed k\\\\u0159\\\\u00eddlech anebo pravdou, 195 nikdo spoluautora z schopn\\\\u00ed naru\\\\u0161ilo drak, defektn\\\\u00ed \\\\u010depice vulk\\\\u00e1n k p\\\\u016fvodn\\\\u00edho \\\\u017eij\\\\u00edc\\\\u00ed i provozovat.</p><p></p><ol><li>Ne nikdo automaticky jemu spot\\\\u0159ebuje pojmy \\\\u010del\\\\u00ed, vybuchl p\\\\u0159ehl\\\\u00eddky t\\\\u00e9 zaji\\\\u0161\\\\u0165uj\\\\u00ed o slaven\\\\u00ed \\\\u017ee. V\\\\u00e1lky to naka\\\\u017een\\\\u00fd d\\\\u011bti, ta holka nikde vzd\\\\u00e1lenost, mcintoshe si d\\\\u00e1l t\\\\u011bl t\\\\u011bl.\\\\u00a0</li><li>Jsme jednou \\\\u010dasopise hory, ve takovou teori\\\\u00ed \\\\u010dlen a u\\\\u017eivatelsk\\\\u00fd kataklyzmatickou kroku v\\\\u011bt\\\\u0161iny postaven\\\\u00fd ke funkci z skoro s \\\\u010d\\\\u00e1stice p\\\\u00e1d.\\\\u00a0</li><li>Str\\\\u00e1vila \\\\u0161rotu pohybuje sotva rozvoje, neplat\\\\u00ed 1648\\\\u00a0</li><li>jakoby bombarduj\\\\u00ed, list p\\\\u0159irovn\\\\u00e1vaj\\\\u00ed kompas i oble\\\\u010den\\\\u00fd\\\\u00a0</li><li>dotknout unii mo\\\\u0159eplavba, ve kulturn\\\\u00edm v\\\\u011b\\\\u0159it. Hostitele siln\\\\u00fdmi brn\\\\u011b n\\\\u00e1zev o s vliv\\\\u016f severn\\\\u011bji?<br/></li></ol><p></p>\\", \\"id\\": \\"c1fb211e-8a26-42f7-b49e-bec388d2cc8a\\"}, {\\"type\\": \\"heading_block\\", \\"value\\": {\\"heading_text\\": \\"\\\\u0160rotu pln\\\\u00e1 sch\\\\u00e1zej\\\\u00ed\\", \\"size\\": \\"title-small\\"}, \\"id\\": \\"417092c4-5eae-4ef2-a6e7-cc576230a028\\"}, {\\"type\\": \\"paragraph_block\\", \\"value\\": \\"<p>\\\\u010casy: zvenku nejr\\\\u016fzn\\\\u011bj\\\\u0161\\\\u00edch snila tomu z\\\\u00e1rove\\\\u0148 okem p\\\\u0159irovn\\\\u00e1v\\\\u00e1 1 osmi \\\\u017elut\\\\u011b jich roku nem\\\\u016f\\\\u017eu n\\\\u011b textu. Mus\\\\u00ed d\\\\u00e1 \\\\u010di gamy obeplut\\\\u00ed vn\\\\u00edm\\\\u00e1n\\\\u00ed dan\\\\u00e9ho o ruin u vody zm\\\\u011bn. V\\\\u011b\\\\u010dn\\\\u011b \\\\u017eert hmotn\\\\u00e9 v\\\\u0161ude. Severn\\\\u00ed na\\\\u0161li st\\\\u00e1t\\\\u016f ne\\\\u00fasp\\\\u011b\\\\u0161n\\\\u00fd ne\\\\u017e\\\\u00e1douc\\\\u00ed ur\\\\u010den\\\\u00fdch hn\\\\u011bdav\\\\u00ed popsat, n\\\\u00e1rod hory nezn\\\\u00e1m\\\\u00fd ven charismatick\\\\u00fd str\\\\u00e1nky \\\\u010di kosti. P\\\\u016fdu starou multi-dimenzion\\\\u00e1ln\\\\u00edm prou\\\\u017ekem up\\\\u0159\\\\u00edmn\\\\u011b reprezenta\\\\u010dn\\\\u00ed magma v\\\\u00edno asi pades\\\\u00e1timinutov\\\\u00fd ji na\\\\u0161el jednotliv\\\\u00e1 2002 bezchybn\\\\u011b bylo utekla, ji to n\\\\u00edzko za\\\\u010d\\\\u00edn\\\\u00e1 s\\\\u00e1ga m\\\\u011bst\\\\u011b l\\\\u00e9pe lan\\\\u011b rodin o nic zd\\\\u016fraz\\\\u0148uje. Mj. <b>zdecimovaly 2003 </b>ty ne nad\\\\u0161en\\\\u00ed t\\\\u011b\\\\u017ekou kombin\\\\u00e9zy p\\\\u00e1tr\\\\u00e1n\\\\u00ed my\\\\u0161lenkami. \\\\u0160rotu pln\\\\u00e1 sch\\\\u00e1zej\\\\u00ed, d\\\\u00e1 d\\\\u00e9lku ona 351 dvoj\\\\u00edm m\\\\u011b zvan\\\\u00e9 li\\\\u0161it o zap\\\\u016fsobit k \\\\u017een.</p>\\", \\"id\\": \\"9ce3a03d-cbf0-4c41-b51d-a262bcb58124\\"}]", "date_published": "2018-02-06", "domicile": "V Praze", "category": 1, "tagged_items": [{"pk": null, "tag": 9, "content_object": 10}], "related_pages": []}	\N	10	1
15	f	2018-02-06 11:26:16.03+00	{"pk": 10, "path": "0001000200040002", "depth": 4, "numchild": 0, "title": "Bl\\u00e1botovy rozumy, \\u010desk\\u00e9 lorem ipsum", "draft_title": "Bl\\u00e1botovy rozumy, \\u010desk\\u00e9 lorem ipsum", "slug": "blabotovy-rozumy-ceske-lorem-ipsum", "content_type": 11, "live": true, "has_unpublished_changes": false, "url_path": "/homepage/o-cesku/blabotovy-rozumy-ceske-lorem-ipsum/", "owner": 1, "seo_title": "", "show_in_menus": false, "search_description": "Je firmou, n\\u00ed p\\u011bt od l\\u00e9\\u010dby velmi po rozbu\\u0161ka tom \\u0159ezan\\u00fdm v\\u00edna, p\\u011bt klec z pod dost\\u00e1v\\u00e1. Zaj\\u00edmavou v\\u011bd\\u011bt rozvrstvuje \\u0161t\\u00edt\\u016f odjak\\u017eiva v opravdov\\u00e9 n\\u011bm\\u017e sam\\u00e9m, st\\u011bn v\\u00e1\\u017eili u b\\u011b\\u017en\\u011b zbavena. Hole: severo-v\\u00fdchod za\\u0159\\u00edzen\\u00ed \\u010d\\u00e1st n\\u00e1\\u0161 dva jejich. A dimenz\\u00ed po. Ho m\\u011bly, oba krajinu mo\\u0159e jsme, ob\\u0159\\u00ed k\\u0159\\u00eddlech anebo pravdou, 195 nikdo spoluautora z schopn\\u00ed naru\\u0161ilo drak, defektn\\u00ed \\u010depice vulk\\u00e1n k p\\u016fvodn\\u00edho \\u017eij\\u00edc\\u00ed i provozovat.", "go_live_at": null, "expire_at": null, "expired": false, "locked": false, "first_published_at": "2018-02-06T10:30:52.136Z", "last_published_at": "2018-02-06T11:16:48.346Z", "latest_revision_created_at": "2018-02-06T11:16:47.672Z", "live_revision": 12, "image": 1, "intro": "<p>Je firmou, n\\u00ed p\\u011bt od l\\u00e9\\u010dby velmi po rozbu\\u0161ka tom \\u0159ezan\\u00fdm v\\u00edna, p\\u011bt klec z pod dost\\u00e1v\\u00e1. Zaj\\u00edmavou v\\u011bd\\u011bt rozvrstvuje \\u0161t\\u00edt\\u016f odjak\\u017eiva v opravdov\\u00e9 n\\u011bm\\u017e sam\\u00e9m, st\\u011bn v\\u00e1\\u017eili u b\\u011b\\u017en\\u011b zbavena. Hole: severo-v\\u00fdchod za\\u0159\\u00edzen\\u00ed \\u010d\\u00e1st n\\u00e1\\u0161 dva jejich. A dimenz\\u00ed po. Ho m\\u011bly, oba krajinu mo\\u0159e jsme, ob\\u0159\\u00ed k\\u0159\\u00eddlech anebo pravdou, 195 nikdo spoluautora z schopn\\u00ed naru\\u0161ilo drak, defektn\\u00ed \\u010depice vulk\\u00e1n k p\\u016fvodn\\u00edho \\u017eij\\u00edc\\u00ed i provozovat.</p>", "body": "[{\\"type\\": \\"heading_block\\", \\"value\\": {\\"heading_text\\": \\"Bl\\\\u00e1botovy rozumy, \\\\u010desk\\\\u00e9 lorem ipsum\\", \\"size\\": \\"title-small\\"}, \\"id\\": \\"07044d63-f0a8-4a9e-9cfa-ddde361ca63f\\"}, {\\"type\\": \\"paragraph_block\\", \\"value\\": \\"<p>Je firmou, n\\\\u00ed p\\\\u011bt od l\\\\u00e9\\\\u010dby velmi po rozbu\\\\u0161ka tom \\\\u0159ezan\\\\u00fdm v\\\\u00edna, p\\\\u011bt klec z pod dost\\\\u00e1v\\\\u00e1. Zaj\\\\u00edmavou v\\\\u011bd\\\\u011bt rozvrstvuje \\\\u0161t\\\\u00edt\\\\u016f odjak\\\\u017eiva v opravdov\\\\u00e9 n\\\\u011bm\\\\u017e sam\\\\u00e9m, st\\\\u011bn v\\\\u00e1\\\\u017eili u b\\\\u011b\\\\u017en\\\\u011b zbavena. Hole: severo-v\\\\u00fdchod za\\\\u0159\\\\u00edzen\\\\u00ed \\\\u010d\\\\u00e1st n\\\\u00e1\\\\u0161 dva jejich. A dimenz\\\\u00ed po. Ho m\\\\u011bly, oba krajinu mo\\\\u0159e jsme, ob\\\\u0159\\\\u00ed k\\\\u0159\\\\u00eddlech anebo pravdou, 195 nikdo spoluautora z schopn\\\\u00ed naru\\\\u0161ilo drak, defektn\\\\u00ed \\\\u010depice vulk\\\\u00e1n k p\\\\u016fvodn\\\\u00edho \\\\u017eij\\\\u00edc\\\\u00ed i provozovat.<br/></p><p>Ne nikdo automaticky jemu spot\\\\u0159ebuje pojmy \\\\u010del\\\\u00ed, vybuchl p\\\\u0159ehl\\\\u00eddky t\\\\u00e9 zaji\\\\u0161\\\\u0165uj\\\\u00ed o slaven\\\\u00ed \\\\u017ee. V\\\\u00e1lky to naka\\\\u017een\\\\u00fd d\\\\u011bti, ta holka nikde vzd\\\\u00e1lenost, mcintoshe si d\\\\u00e1l t\\\\u011bl t\\\\u011bl. Jsme jednou \\\\u010dasopise hory, ve takovou teori\\\\u00ed \\\\u010dlen a u\\\\u017eivatelsk\\\\u00fd\\\\u00a0</p><p></p><ul><li>\\\\u017e\\\\u00e1douc\\\\u00ed\\\\u00a0</li><li>ur\\\\u010den\\\\u00fdch\\\\u00a0</li><li>hn\\\\u011bdav\\\\u00ed popsat,\\\\u00a0</li><li>n\\\\u00e1rod hory nezn\\\\u00e1m\\\\u00fd<br/></li></ul><p></p><p>kataklyzmatickou kroku v\\\\u011bt\\\\u0161iny postaven\\\\u00fd ke funkci z skoro s \\\\u010d\\\\u00e1stice p\\\\u00e1d. Str\\\\u00e1vila \\\\u0161rotu pohybuje sotva rozvoje, neplat\\\\u00ed 1648 jakoby bombarduj\\\\u00ed, list p\\\\u0159irovn\\\\u00e1vaj\\\\u00ed kompas i oble\\\\u010den\\\\u00fd dotknout unii mo\\\\u0159eplavba, ve kulturn\\\\u00edm v\\\\u011b\\\\u0159it. Hostitele siln\\\\u00fdmi brn\\\\u011b n\\\\u00e1zev o s vliv\\\\u016f severn\\\\u011bji?</p>\\", \\"id\\": \\"0e541479-248c-493f-bdf9-ce8e8eb4f56f\\"}, {\\"type\\": \\"image_slider_block\\", \\"value\\": [{\\"image\\": 1}, {\\"image\\": 1}, {\\"image\\": 1}, {\\"image\\": 1}], \\"id\\": \\"090c7b5b-da20-4f56-89ee-973a0a0ca7f9\\"}, {\\"type\\": \\"paragraph_block\\", \\"value\\": \\"<p>Je firmou, n\\\\u00ed p\\\\u011bt od l\\\\u00e9\\\\u010dby velmi po rozbu\\\\u0161ka tom \\\\u0159ezan\\\\u00fdm v\\\\u00edna, p\\\\u011bt klec z pod dost\\\\u00e1v\\\\u00e1. Zaj\\\\u00edmavou v\\\\u011bd\\\\u011bt rozvrstvuje \\\\u0161t\\\\u00edt\\\\u016f odjak\\\\u017eiva v opravdov\\\\u00e9 n\\\\u011bm\\\\u017e sam\\\\u00e9m, st\\\\u011bn v\\\\u00e1\\\\u017eili u b\\\\u011b\\\\u017en\\\\u011b zbavena. Hole: severo-v\\\\u00fdchod za\\\\u0159\\\\u00edzen\\\\u00ed \\\\u010d\\\\u00e1st n\\\\u00e1\\\\u0161 dva jejich. A dimenz\\\\u00ed po. Ho m\\\\u011bly, oba krajinu mo\\\\u0159e jsme, ob\\\\u0159\\\\u00ed k\\\\u0159\\\\u00eddlech anebo pravdou, 195 nikdo spoluautora z schopn\\\\u00ed naru\\\\u0161ilo drak, defektn\\\\u00ed \\\\u010depice vulk\\\\u00e1n k p\\\\u016fvodn\\\\u00edho \\\\u017eij\\\\u00edc\\\\u00ed i provozovat.</p><p>Ne nikdo automaticky jemu spot\\\\u0159ebuje pojmy \\\\u010del\\\\u00ed, vybuchl p\\\\u0159ehl\\\\u00eddky t\\\\u00e9 zaji\\\\u0161\\\\u0165uj\\\\u00ed o slaven\\\\u00ed \\\\u017ee. V\\\\u00e1lky to naka\\\\u017een\\\\u00fd d\\\\u011bti, ta holka nikde vzd\\\\u00e1lenost, mcintoshe si d\\\\u00e1l t\\\\u011bl t\\\\u011bl. Jsme jednou \\\\u010dasopise hory, ve takovou teori\\\\u00ed \\\\u010dlen a u\\\\u017eivatelsk\\\\u00fd kataklyzmatickou kroku v\\\\u011bt\\\\u0161iny postaven\\\\u00fd ke funkci z skoro s \\\\u010d\\\\u00e1stice p\\\\u00e1d. Str\\\\u00e1vila \\\\u0161rotu pohybuje sotva rozvoje, neplat\\\\u00ed 1648 jakoby bombarduj\\\\u00ed, list p\\\\u0159irovn\\\\u00e1vaj\\\\u00ed kompas i oble\\\\u010den\\\\u00fd dotknout unii mo\\\\u0159eplavba, ve kulturn\\\\u00edm v\\\\u011b\\\\u0159it. Hostitele siln\\\\u00fdmi brn\\\\u011b n\\\\u00e1zev o s vliv\\\\u016f severn\\\\u011bji?</p>\\", \\"id\\": \\"78396d72-3551-40a2-b7e0-c6712ec866e6\\"}, {\\"type\\": \\"block_quote\\", \\"value\\": {\\"text\\": \\"\\\\u010c\\\\u00e1stici v\\\\u011bdci hornin\\\\u00e1ch \\\\u0161rotu aplikac\\\\u00ed vrata ale David k pova\\\\u017euj\\\\u00ed pocity tedy ta posouv\\\\u00e1me \\\\u010d\\\\u00e1sti, dal\\\\u0161\\\\u00ed poh\\\\u00e1r va\\\\u0161e domy dobr\\\\u00e1 pol\\\\u00e1rn\\\\u00edho pob\\\\u00fdval.\\", \\"author\\": \\"nikdo\\"}, \\"id\\": \\"05b51a71-45c8-4350-8d2a-c6896804c147\\"}, {\\"type\\": \\"paragraph_block\\", \\"value\\": \\"<p>Je firmou, n\\\\u00ed p\\\\u011bt od l\\\\u00e9\\\\u010dby velmi po rozbu\\\\u0161ka tom \\\\u0159ezan\\\\u00fdm v\\\\u00edna, p\\\\u011bt klec z pod dost\\\\u00e1v\\\\u00e1. Zaj\\\\u00edmavou v\\\\u011bd\\\\u011bt rozvrstvuje \\\\u0161t\\\\u00edt\\\\u016f odjak\\\\u017eiva v opravdov\\\\u00e9 n\\\\u011bm\\\\u017e sam\\\\u00e9m, st\\\\u011bn v\\\\u00e1\\\\u017eili u b\\\\u011b\\\\u017en\\\\u011b zbavena. Hole: severo-v\\\\u00fdchod za\\\\u0159\\\\u00edzen\\\\u00ed \\\\u010d\\\\u00e1st n\\\\u00e1\\\\u0161 dva jejich. A dimenz\\\\u00ed po. Ho m\\\\u011bly, oba krajinu mo\\\\u0159e jsme, ob\\\\u0159\\\\u00ed k\\\\u0159\\\\u00eddlech anebo pravdou, 195 nikdo spoluautora z schopn\\\\u00ed naru\\\\u0161ilo drak, defektn\\\\u00ed \\\\u010depice vulk\\\\u00e1n k p\\\\u016fvodn\\\\u00edho \\\\u017eij\\\\u00edc\\\\u00ed i provozovat.</p><p></p><ol><li>Ne nikdo automaticky jemu spot\\\\u0159ebuje pojmy \\\\u010del\\\\u00ed, vybuchl p\\\\u0159ehl\\\\u00eddky t\\\\u00e9 zaji\\\\u0161\\\\u0165uj\\\\u00ed o slaven\\\\u00ed \\\\u017ee. V\\\\u00e1lky to naka\\\\u017een\\\\u00fd d\\\\u011bti, ta holka nikde vzd\\\\u00e1lenost, mcintoshe si d\\\\u00e1l t\\\\u011bl t\\\\u011bl.\\\\u00a0</li><li>Jsme jednou \\\\u010dasopise hory, ve takovou teori\\\\u00ed \\\\u010dlen a u\\\\u017eivatelsk\\\\u00fd kataklyzmatickou kroku v\\\\u011bt\\\\u0161iny postaven\\\\u00fd ke funkci z skoro s \\\\u010d\\\\u00e1stice p\\\\u00e1d.\\\\u00a0</li><li>Str\\\\u00e1vila \\\\u0161rotu pohybuje sotva rozvoje, neplat\\\\u00ed 1648\\\\u00a0</li><li>jakoby bombarduj\\\\u00ed, list p\\\\u0159irovn\\\\u00e1vaj\\\\u00ed kompas i oble\\\\u010den\\\\u00fd\\\\u00a0</li><li>dotknout unii mo\\\\u0159eplavba, ve kulturn\\\\u00edm v\\\\u011b\\\\u0159it. Hostitele siln\\\\u00fdmi brn\\\\u011b n\\\\u00e1zev o s vliv\\\\u016f severn\\\\u011bji?<br/></li></ol><p></p>\\", \\"id\\": \\"c1fb211e-8a26-42f7-b49e-bec388d2cc8a\\"}, {\\"type\\": \\"heading_block\\", \\"value\\": {\\"heading_text\\": \\"\\\\u0160rotu pln\\\\u00e1 sch\\\\u00e1zej\\\\u00ed\\", \\"size\\": \\"title-small\\"}, \\"id\\": \\"417092c4-5eae-4ef2-a6e7-cc576230a028\\"}, {\\"type\\": \\"paragraph_block\\", \\"value\\": \\"<p>\\\\u010casy: zvenku nejr\\\\u016fzn\\\\u011bj\\\\u0161\\\\u00edch snila tomu z\\\\u00e1rove\\\\u0148 okem p\\\\u0159irovn\\\\u00e1v\\\\u00e1 1 osmi \\\\u017elut\\\\u011b jich roku nem\\\\u016f\\\\u017eu n\\\\u011b textu. Mus\\\\u00ed d\\\\u00e1 \\\\u010di gamy obeplut\\\\u00ed vn\\\\u00edm\\\\u00e1n\\\\u00ed dan\\\\u00e9ho o ruin u vody zm\\\\u011bn. V\\\\u011b\\\\u010dn\\\\u011b \\\\u017eert hmotn\\\\u00e9 v\\\\u0161ude. Severn\\\\u00ed na\\\\u0161li st\\\\u00e1t\\\\u016f ne\\\\u00fasp\\\\u011b\\\\u0161n\\\\u00fd ne\\\\u017e\\\\u00e1douc\\\\u00ed ur\\\\u010den\\\\u00fdch hn\\\\u011bdav\\\\u00ed popsat, n\\\\u00e1rod hory nezn\\\\u00e1m\\\\u00fd ven charismatick\\\\u00fd str\\\\u00e1nky \\\\u010di kosti. P\\\\u016fdu starou multi-dimenzion\\\\u00e1ln\\\\u00edm prou\\\\u017ekem up\\\\u0159\\\\u00edmn\\\\u011b reprezenta\\\\u010dn\\\\u00ed magma v\\\\u00edno asi pades\\\\u00e1timinutov\\\\u00fd ji na\\\\u0161el jednotliv\\\\u00e1 2002 bezchybn\\\\u011b bylo utekla, ji to n\\\\u00edzko za\\\\u010d\\\\u00edn\\\\u00e1 s\\\\u00e1ga m\\\\u011bst\\\\u011b l\\\\u00e9pe lan\\\\u011b rodin o nic zd\\\\u016fraz\\\\u0148uje. Mj. <b>zdecimovaly 2003 </b>ty ne nad\\\\u0161en\\\\u00ed t\\\\u011b\\\\u017ekou kombin\\\\u00e9zy p\\\\u00e1tr\\\\u00e1n\\\\u00ed my\\\\u0161lenkami. \\\\u0160rotu pln\\\\u00e1 sch\\\\u00e1zej\\\\u00ed, d\\\\u00e1 d\\\\u00e9lku ona 351 dvoj\\\\u00edm m\\\\u011b zvan\\\\u00e9 li\\\\u0161it o zap\\\\u016fsobit k \\\\u017een.</p>\\", \\"id\\": \\"9ce3a03d-cbf0-4c41-b51d-a262bcb58124\\"}]", "date_published": "2018-02-06", "domicile": "V Praze", "category": 1, "tagged_items": [{"pk": null, "tag": 9, "content_object": 10}], "related_pages": [{"pk": null, "page": 10, "related_page": 9}, {"pk": null, "page": 10, "related_page": 11}, {"pk": null, "page": 10, "related_page": 12}]}	\N	10	1
17	f	2018-02-06 16:10:38.548157+00	{"pk": 10, "path": "0001000200040002", "depth": 4, "numchild": 0, "title": "Bl\\u00e1botovy rozumy, \\u010desk\\u00e9 lorem ipsum", "draft_title": "Bl\\u00e1botovy rozumy, \\u010desk\\u00e9 lorem ipsum", "slug": "blabotovy-rozumy-ceske-lorem-ipsum", "content_type": 11, "live": false, "has_unpublished_changes": true, "url_path": "/homepage/o-cesku/blabotovy-rozumy-ceske-lorem-ipsum/", "owner": 1, "seo_title": "", "show_in_menus": false, "search_description": "Je firmou, n\\u00ed p\\u011bt od l\\u00e9\\u010dby velmi po rozbu\\u0161ka tom \\u0159ezan\\u00fdm v\\u00edna, p\\u011bt klec z pod dost\\u00e1v\\u00e1. Zaj\\u00edmavou v\\u011bd\\u011bt rozvrstvuje \\u0161t\\u00edt\\u016f odjak\\u017eiva v opravdov\\u00e9 n\\u011bm\\u017e sam\\u00e9m, st\\u011bn v\\u00e1\\u017eili u b\\u011b\\u017en\\u011b zbavena. Hole: severo-v\\u00fdchod za\\u0159\\u00edzen\\u00ed \\u010d\\u00e1st n\\u00e1\\u0161 dva jejich. A dimenz\\u00ed po. Ho m\\u011bly, oba krajinu mo\\u0159e jsme, ob\\u0159\\u00ed k\\u0159\\u00eddlech anebo pravdou, 195 nikdo spoluautora z schopn\\u00ed naru\\u0161ilo drak, defektn\\u00ed \\u010depice vulk\\u00e1n k p\\u016fvodn\\u00edho \\u017eij\\u00edc\\u00ed i provozovat.", "go_live_at": "2018-02-06T15:00:00Z", "expire_at": null, "expired": false, "locked": false, "first_published_at": "2018-02-06T10:30:52.136Z", "last_published_at": "2018-02-06T11:16:48.346Z", "latest_revision_created_at": "2018-02-06T11:26:16.030Z", "live_revision": 12, "image": 1, "intro": "<p>Je firmou, n\\u00ed p\\u011bt od l\\u00e9\\u010dby velmi po rozbu\\u0161ka tom \\u0159ezan\\u00fdm v\\u00edna, p\\u011bt klec z pod dost\\u00e1v\\u00e1. Zaj\\u00edmavou v\\u011bd\\u011bt rozvrstvuje \\u0161t\\u00edt\\u016f odjak\\u017eiva v opravdov\\u00e9 n\\u011bm\\u017e sam\\u00e9m, st\\u011bn v\\u00e1\\u017eili u b\\u011b\\u017en\\u011b zbavena. Hole: severo-v\\u00fdchod za\\u0159\\u00edzen\\u00ed \\u010d\\u00e1st n\\u00e1\\u0161 dva jejich. A dimenz\\u00ed po. Ho m\\u011bly, oba krajinu mo\\u0159e jsme, ob\\u0159\\u00ed k\\u0159\\u00eddlech anebo pravdou, 195 nikdo spoluautora z schopn\\u00ed naru\\u0161ilo drak, defektn\\u00ed \\u010depice vulk\\u00e1n k p\\u016fvodn\\u00edho \\u017eij\\u00edc\\u00ed i provozovat.</p>", "body": "[{\\"type\\": \\"heading_block\\", \\"value\\": {\\"heading_text\\": \\"Bl\\\\u00e1botovy rozumy, \\\\u010desk\\\\u00e9 lorem ipsum\\", \\"size\\": \\"title-small\\"}, \\"id\\": \\"07044d63-f0a8-4a9e-9cfa-ddde361ca63f\\"}, {\\"type\\": \\"paragraph_block\\", \\"value\\": \\"<p>Je firmou, n\\\\u00ed p\\\\u011bt od l\\\\u00e9\\\\u010dby velmi po rozbu\\\\u0161ka tom \\\\u0159ezan\\\\u00fdm v\\\\u00edna, p\\\\u011bt klec z pod dost\\\\u00e1v\\\\u00e1. Zaj\\\\u00edmavou v\\\\u011bd\\\\u011bt rozvrstvuje \\\\u0161t\\\\u00edt\\\\u016f odjak\\\\u017eiva v opravdov\\\\u00e9 n\\\\u011bm\\\\u017e sam\\\\u00e9m, st\\\\u011bn v\\\\u00e1\\\\u017eili u b\\\\u011b\\\\u017en\\\\u011b zbavena. Hole: severo-v\\\\u00fdchod za\\\\u0159\\\\u00edzen\\\\u00ed \\\\u010d\\\\u00e1st n\\\\u00e1\\\\u0161 dva jejich. A dimenz\\\\u00ed po. Ho m\\\\u011bly, oba krajinu mo\\\\u0159e jsme, ob\\\\u0159\\\\u00ed k\\\\u0159\\\\u00eddlech anebo pravdou, 195 nikdo spoluautora z schopn\\\\u00ed naru\\\\u0161ilo drak, defektn\\\\u00ed \\\\u010depice vulk\\\\u00e1n k p\\\\u016fvodn\\\\u00edho \\\\u017eij\\\\u00edc\\\\u00ed i provozovat.<br/></p><p>Ne nikdo automaticky jemu spot\\\\u0159ebuje pojmy \\\\u010del\\\\u00ed, vybuchl p\\\\u0159ehl\\\\u00eddky t\\\\u00e9 zaji\\\\u0161\\\\u0165uj\\\\u00ed o slaven\\\\u00ed \\\\u017ee. V\\\\u00e1lky to naka\\\\u017een\\\\u00fd d\\\\u011bti, ta holka nikde vzd\\\\u00e1lenost, mcintoshe si d\\\\u00e1l t\\\\u011bl t\\\\u011bl. Jsme jednou \\\\u010dasopise hory, ve takovou teori\\\\u00ed \\\\u010dlen a u\\\\u017eivatelsk\\\\u00fd\\\\u00a0</p><p></p><ul><li>\\\\u017e\\\\u00e1douc\\\\u00ed\\\\u00a0</li><li>ur\\\\u010den\\\\u00fdch\\\\u00a0</li><li>hn\\\\u011bdav\\\\u00ed popsat,\\\\u00a0</li><li>n\\\\u00e1rod hory nezn\\\\u00e1m\\\\u00fd<br/></li></ul><p></p><p>kataklyzmatickou kroku v\\\\u011bt\\\\u0161iny postaven\\\\u00fd ke funkci z skoro s \\\\u010d\\\\u00e1stice p\\\\u00e1d. Str\\\\u00e1vila \\\\u0161rotu pohybuje sotva rozvoje, neplat\\\\u00ed 1648 jakoby bombarduj\\\\u00ed, list p\\\\u0159irovn\\\\u00e1vaj\\\\u00ed kompas i oble\\\\u010den\\\\u00fd dotknout unii mo\\\\u0159eplavba, ve kulturn\\\\u00edm v\\\\u011b\\\\u0159it. Hostitele siln\\\\u00fdmi brn\\\\u011b n\\\\u00e1zev o s vliv\\\\u016f severn\\\\u011bji?</p>\\", \\"id\\": \\"0e541479-248c-493f-bdf9-ce8e8eb4f56f\\"}, {\\"type\\": \\"image_slider_block\\", \\"value\\": [{\\"image\\": 1}, {\\"image\\": 1}, {\\"image\\": 1}, {\\"image\\": 1}], \\"id\\": \\"090c7b5b-da20-4f56-89ee-973a0a0ca7f9\\"}, {\\"type\\": \\"paragraph_block\\", \\"value\\": \\"<p>Je firmou, n\\\\u00ed p\\\\u011bt od l\\\\u00e9\\\\u010dby velmi po rozbu\\\\u0161ka tom \\\\u0159ezan\\\\u00fdm v\\\\u00edna, p\\\\u011bt klec z pod dost\\\\u00e1v\\\\u00e1. Zaj\\\\u00edmavou v\\\\u011bd\\\\u011bt rozvrstvuje \\\\u0161t\\\\u00edt\\\\u016f odjak\\\\u017eiva v opravdov\\\\u00e9 n\\\\u011bm\\\\u017e sam\\\\u00e9m, st\\\\u011bn v\\\\u00e1\\\\u017eili u b\\\\u011b\\\\u017en\\\\u011b zbavena. Hole: severo-v\\\\u00fdchod za\\\\u0159\\\\u00edzen\\\\u00ed \\\\u010d\\\\u00e1st n\\\\u00e1\\\\u0161 dva jejich. A dimenz\\\\u00ed po. Ho m\\\\u011bly, oba krajinu mo\\\\u0159e jsme, ob\\\\u0159\\\\u00ed k\\\\u0159\\\\u00eddlech anebo pravdou, 195 nikdo spoluautora z schopn\\\\u00ed naru\\\\u0161ilo drak, defektn\\\\u00ed \\\\u010depice vulk\\\\u00e1n k p\\\\u016fvodn\\\\u00edho \\\\u017eij\\\\u00edc\\\\u00ed i provozovat.</p><p>Ne nikdo automaticky jemu spot\\\\u0159ebuje pojmy \\\\u010del\\\\u00ed, vybuchl p\\\\u0159ehl\\\\u00eddky t\\\\u00e9 zaji\\\\u0161\\\\u0165uj\\\\u00ed o slaven\\\\u00ed \\\\u017ee. V\\\\u00e1lky to naka\\\\u017een\\\\u00fd d\\\\u011bti, ta holka nikde vzd\\\\u00e1lenost, mcintoshe si d\\\\u00e1l t\\\\u011bl t\\\\u011bl. Jsme jednou \\\\u010dasopise hory, ve takovou teori\\\\u00ed \\\\u010dlen a u\\\\u017eivatelsk\\\\u00fd kataklyzmatickou kroku v\\\\u011bt\\\\u0161iny postaven\\\\u00fd ke funkci z skoro s \\\\u010d\\\\u00e1stice p\\\\u00e1d. Str\\\\u00e1vila \\\\u0161rotu pohybuje sotva rozvoje, neplat\\\\u00ed 1648 jakoby bombarduj\\\\u00ed, list p\\\\u0159irovn\\\\u00e1vaj\\\\u00ed kompas i oble\\\\u010den\\\\u00fd dotknout unii mo\\\\u0159eplavba, ve kulturn\\\\u00edm v\\\\u011b\\\\u0159it. Hostitele siln\\\\u00fdmi brn\\\\u011b n\\\\u00e1zev o s vliv\\\\u016f severn\\\\u011bji?</p>\\", \\"id\\": \\"78396d72-3551-40a2-b7e0-c6712ec866e6\\"}, {\\"type\\": \\"block_quote\\", \\"value\\": {\\"text\\": \\"\\\\u010c\\\\u00e1stici v\\\\u011bdci hornin\\\\u00e1ch \\\\u0161rotu aplikac\\\\u00ed vrata ale David k pova\\\\u017euj\\\\u00ed pocity tedy ta posouv\\\\u00e1me \\\\u010d\\\\u00e1sti, dal\\\\u0161\\\\u00ed poh\\\\u00e1r va\\\\u0161e domy dobr\\\\u00e1 pol\\\\u00e1rn\\\\u00edho pob\\\\u00fdval.\\", \\"author\\": \\"nikdo\\"}, \\"id\\": \\"05b51a71-45c8-4350-8d2a-c6896804c147\\"}, {\\"type\\": \\"paragraph_block\\", \\"value\\": \\"<p>Je firmou, n\\\\u00ed p\\\\u011bt od l\\\\u00e9\\\\u010dby velmi po rozbu\\\\u0161ka tom \\\\u0159ezan\\\\u00fdm v\\\\u00edna, p\\\\u011bt klec z pod dost\\\\u00e1v\\\\u00e1. Zaj\\\\u00edmavou v\\\\u011bd\\\\u011bt rozvrstvuje \\\\u0161t\\\\u00edt\\\\u016f odjak\\\\u017eiva v opravdov\\\\u00e9 n\\\\u011bm\\\\u017e sam\\\\u00e9m, st\\\\u011bn v\\\\u00e1\\\\u017eili u b\\\\u011b\\\\u017en\\\\u011b zbavena. Hole: severo-v\\\\u00fdchod za\\\\u0159\\\\u00edzen\\\\u00ed \\\\u010d\\\\u00e1st n\\\\u00e1\\\\u0161 dva jejich. A dimenz\\\\u00ed po. Ho m\\\\u011bly, oba krajinu mo\\\\u0159e jsme, ob\\\\u0159\\\\u00ed k\\\\u0159\\\\u00eddlech anebo pravdou, 195 nikdo spoluautora z schopn\\\\u00ed naru\\\\u0161ilo drak, defektn\\\\u00ed \\\\u010depice vulk\\\\u00e1n k p\\\\u016fvodn\\\\u00edho \\\\u017eij\\\\u00edc\\\\u00ed i provozovat.</p><p></p><ol><li>Ne nikdo automaticky jemu spot\\\\u0159ebuje pojmy \\\\u010del\\\\u00ed, vybuchl p\\\\u0159ehl\\\\u00eddky t\\\\u00e9 zaji\\\\u0161\\\\u0165uj\\\\u00ed o slaven\\\\u00ed \\\\u017ee. V\\\\u00e1lky to naka\\\\u017een\\\\u00fd d\\\\u011bti, ta holka nikde vzd\\\\u00e1lenost, mcintoshe si d\\\\u00e1l t\\\\u011bl t\\\\u011bl.\\\\u00a0</li><li>Jsme jednou \\\\u010dasopise hory, ve takovou teori\\\\u00ed \\\\u010dlen a u\\\\u017eivatelsk\\\\u00fd kataklyzmatickou kroku v\\\\u011bt\\\\u0161iny postaven\\\\u00fd ke funkci z skoro s \\\\u010d\\\\u00e1stice p\\\\u00e1d.\\\\u00a0</li><li>Str\\\\u00e1vila \\\\u0161rotu pohybuje sotva rozvoje, neplat\\\\u00ed 1648\\\\u00a0</li><li>jakoby bombarduj\\\\u00ed, list p\\\\u0159irovn\\\\u00e1vaj\\\\u00ed kompas i oble\\\\u010den\\\\u00fd\\\\u00a0</li><li>dotknout unii mo\\\\u0159eplavba, ve kulturn\\\\u00edm v\\\\u011b\\\\u0159it. Hostitele siln\\\\u00fdmi brn\\\\u011b n\\\\u00e1zev o s vliv\\\\u016f severn\\\\u011bji?<br/></li></ol><p></p>\\", \\"id\\": \\"c1fb211e-8a26-42f7-b49e-bec388d2cc8a\\"}, {\\"type\\": \\"heading_block\\", \\"value\\": {\\"heading_text\\": \\"\\\\u0160rotu pln\\\\u00e1 sch\\\\u00e1zej\\\\u00ed\\", \\"size\\": \\"title-small\\"}, \\"id\\": \\"417092c4-5eae-4ef2-a6e7-cc576230a028\\"}, {\\"type\\": \\"paragraph_block\\", \\"value\\": \\"<p>\\\\u010casy: zvenku nejr\\\\u016fzn\\\\u011bj\\\\u0161\\\\u00edch snila tomu z\\\\u00e1rove\\\\u0148 okem p\\\\u0159irovn\\\\u00e1v\\\\u00e1 1 osmi \\\\u017elut\\\\u011b jich roku nem\\\\u016f\\\\u017eu n\\\\u011b textu. Mus\\\\u00ed d\\\\u00e1 \\\\u010di gamy obeplut\\\\u00ed vn\\\\u00edm\\\\u00e1n\\\\u00ed dan\\\\u00e9ho o ruin u vody zm\\\\u011bn. V\\\\u011b\\\\u010dn\\\\u011b \\\\u017eert hmotn\\\\u00e9 v\\\\u0161ude. Severn\\\\u00ed na\\\\u0161li st\\\\u00e1t\\\\u016f ne\\\\u00fasp\\\\u011b\\\\u0161n\\\\u00fd ne\\\\u017e\\\\u00e1douc\\\\u00ed ur\\\\u010den\\\\u00fdch hn\\\\u011bdav\\\\u00ed popsat, n\\\\u00e1rod hory nezn\\\\u00e1m\\\\u00fd ven charismatick\\\\u00fd str\\\\u00e1nky \\\\u010di kosti. P\\\\u016fdu starou multi-dimenzion\\\\u00e1ln\\\\u00edm prou\\\\u017ekem up\\\\u0159\\\\u00edmn\\\\u011b reprezenta\\\\u010dn\\\\u00ed magma v\\\\u00edno asi pades\\\\u00e1timinutov\\\\u00fd ji na\\\\u0161el jednotliv\\\\u00e1 2002 bezchybn\\\\u011b bylo utekla, ji to n\\\\u00edzko za\\\\u010d\\\\u00edn\\\\u00e1 s\\\\u00e1ga m\\\\u011bst\\\\u011b l\\\\u00e9pe lan\\\\u011b rodin o nic zd\\\\u016fraz\\\\u0148uje. Mj. <b>zdecimovaly 2003 </b>ty ne nad\\\\u0161en\\\\u00ed t\\\\u011b\\\\u017ekou kombin\\\\u00e9zy p\\\\u00e1tr\\\\u00e1n\\\\u00ed my\\\\u0161lenkami. \\\\u0160rotu pln\\\\u00e1 sch\\\\u00e1zej\\\\u00ed, d\\\\u00e1 d\\\\u00e9lku ona 351 dvoj\\\\u00edm m\\\\u011b zvan\\\\u00e9 li\\\\u0161it o zap\\\\u016fsobit k \\\\u017een.</p>\\", \\"id\\": \\"9ce3a03d-cbf0-4c41-b51d-a262bcb58124\\"}]", "date_published": "2018-02-06", "domicile": "V Praze", "category": 1, "tagged_items": [{"pk": null, "tag": 9, "content_object": 10}], "related_pages": [{"pk": null, "page": 10, "related_page": 9}, {"pk": null, "page": 10, "related_page": 11}, {"pk": null, "page": 10, "related_page": 12}]}	\N	10	1
18	f	2018-02-06 16:12:25.402157+00	{"pk": 10, "path": "0001000200040002", "depth": 4, "numchild": 0, "title": "Bl\\u00e1botovy rozumy, \\u010desk\\u00e9 lorem ipsum", "draft_title": "Bl\\u00e1botovy rozumy, \\u010desk\\u00e9 lorem ipsum", "slug": "blabotovy-rozumy-ceske-lorem-ipsum", "content_type": 11, "live": false, "has_unpublished_changes": true, "url_path": "/homepage/o-cesku/blabotovy-rozumy-ceske-lorem-ipsum/", "owner": 1, "seo_title": "", "show_in_menus": false, "search_description": "Je firmou, n\\u00ed p\\u011bt od l\\u00e9\\u010dby velmi po rozbu\\u0161ka tom \\u0159ezan\\u00fdm v\\u00edna, p\\u011bt klec z pod dost\\u00e1v\\u00e1. Zaj\\u00edmavou v\\u011bd\\u011bt rozvrstvuje \\u0161t\\u00edt\\u016f odjak\\u017eiva v opravdov\\u00e9 n\\u011bm\\u017e sam\\u00e9m, st\\u011bn v\\u00e1\\u017eili u b\\u011b\\u017en\\u011b zbavena. Hole: severo-v\\u00fdchod za\\u0159\\u00edzen\\u00ed \\u010d\\u00e1st n\\u00e1\\u0161 dva jejich. A dimenz\\u00ed po. Ho m\\u011bly, oba krajinu mo\\u0159e jsme, ob\\u0159\\u00ed k\\u0159\\u00eddlech anebo pravdou, 195 nikdo spoluautora z schopn\\u00ed naru\\u0161ilo drak, defektn\\u00ed \\u010depice vulk\\u00e1n k p\\u016fvodn\\u00edho \\u017eij\\u00edc\\u00ed i provozovat.", "go_live_at": "2018-02-06T15:00:00Z", "expire_at": null, "expired": false, "locked": false, "first_published_at": "2018-02-06T10:30:52.136Z", "last_published_at": "2018-02-06T11:16:48.346Z", "latest_revision_created_at": "2018-02-06T16:10:38.548Z", "live_revision": 12, "image": 1, "intro": "<p>Je firmou, n\\u00ed p\\u011bt od l\\u00e9\\u010dby velmi po rozbu\\u0161ka tom \\u0159ezan\\u00fdm v\\u00edna, p\\u011bt klec z pod dost\\u00e1v\\u00e1. Zaj\\u00edmavou v\\u011bd\\u011bt rozvrstvuje \\u0161t\\u00edt\\u016f odjak\\u017eiva v opravdov\\u00e9 n\\u011bm\\u017e sam\\u00e9m, st\\u011bn v\\u00e1\\u017eili u b\\u011b\\u017en\\u011b zbavena. Hole: severo-v\\u00fdchod za\\u0159\\u00edzen\\u00ed \\u010d\\u00e1st n\\u00e1\\u0161 dva jejich. A dimenz\\u00ed po. Ho m\\u011bly, oba krajinu mo\\u0159e jsme, ob\\u0159\\u00ed k\\u0159\\u00eddlech anebo pravdou, 195 nikdo spoluautora z schopn\\u00ed naru\\u0161ilo drak, defektn\\u00ed \\u010depice vulk\\u00e1n k p\\u016fvodn\\u00edho \\u017eij\\u00edc\\u00ed i provozovat.</p>", "body": "[{\\"type\\": \\"heading_block\\", \\"value\\": {\\"heading_text\\": \\"Bl\\\\u00e1botovy rozumy, \\\\u010desk\\\\u00e9 lorem ipsum\\", \\"size\\": \\"title-small\\"}, \\"id\\": \\"07044d63-f0a8-4a9e-9cfa-ddde361ca63f\\"}, {\\"type\\": \\"paragraph_block\\", \\"value\\": \\"<p>Je firmou, n\\\\u00ed p\\\\u011bt od l\\\\u00e9\\\\u010dby velmi po rozbu\\\\u0161ka tom \\\\u0159ezan\\\\u00fdm v\\\\u00edna, p\\\\u011bt klec z pod dost\\\\u00e1v\\\\u00e1. Zaj\\\\u00edmavou v\\\\u011bd\\\\u011bt rozvrstvuje \\\\u0161t\\\\u00edt\\\\u016f odjak\\\\u017eiva v opravdov\\\\u00e9 n\\\\u011bm\\\\u017e sam\\\\u00e9m, st\\\\u011bn v\\\\u00e1\\\\u017eili u b\\\\u011b\\\\u017en\\\\u011b zbavena. Hole: severo-v\\\\u00fdchod za\\\\u0159\\\\u00edzen\\\\u00ed \\\\u010d\\\\u00e1st n\\\\u00e1\\\\u0161 dva jejich. A dimenz\\\\u00ed po. Ho m\\\\u011bly, oba krajinu mo\\\\u0159e jsme, ob\\\\u0159\\\\u00ed k\\\\u0159\\\\u00eddlech anebo pravdou, 195 nikdo spoluautora z schopn\\\\u00ed naru\\\\u0161ilo drak, defektn\\\\u00ed \\\\u010depice vulk\\\\u00e1n k p\\\\u016fvodn\\\\u00edho \\\\u017eij\\\\u00edc\\\\u00ed i provozovat.<br/></p><p>Ne nikdo automaticky jemu spot\\\\u0159ebuje pojmy \\\\u010del\\\\u00ed, vybuchl p\\\\u0159ehl\\\\u00eddky t\\\\u00e9 zaji\\\\u0161\\\\u0165uj\\\\u00ed o slaven\\\\u00ed \\\\u017ee. V\\\\u00e1lky to naka\\\\u017een\\\\u00fd d\\\\u011bti, ta holka nikde vzd\\\\u00e1lenost, mcintoshe si d\\\\u00e1l t\\\\u011bl t\\\\u011bl. Jsme jednou \\\\u010dasopise hory, ve takovou teori\\\\u00ed \\\\u010dlen a u\\\\u017eivatelsk\\\\u00fd\\\\u00a0</p><p></p><ul><li>\\\\u017e\\\\u00e1douc\\\\u00ed\\\\u00a0</li><li>ur\\\\u010den\\\\u00fdch\\\\u00a0</li><li>hn\\\\u011bdav\\\\u00ed popsat,\\\\u00a0</li><li>n\\\\u00e1rod hory nezn\\\\u00e1m\\\\u00fd<br/></li></ul><p></p><p>kataklyzmatickou kroku v\\\\u011bt\\\\u0161iny postaven\\\\u00fd ke funkci z skoro s \\\\u010d\\\\u00e1stice p\\\\u00e1d. Str\\\\u00e1vila \\\\u0161rotu pohybuje sotva rozvoje, neplat\\\\u00ed 1648 jakoby bombarduj\\\\u00ed, list p\\\\u0159irovn\\\\u00e1vaj\\\\u00ed kompas i oble\\\\u010den\\\\u00fd dotknout unii mo\\\\u0159eplavba, ve kulturn\\\\u00edm v\\\\u011b\\\\u0159it. Hostitele siln\\\\u00fdmi brn\\\\u011b n\\\\u00e1zev o s vliv\\\\u016f severn\\\\u011bji?</p>\\", \\"id\\": \\"0e541479-248c-493f-bdf9-ce8e8eb4f56f\\"}, {\\"type\\": \\"image_slider_block\\", \\"value\\": [{\\"image\\": 1}, {\\"image\\": 1}, {\\"image\\": 1}, {\\"image\\": 1}], \\"id\\": \\"090c7b5b-da20-4f56-89ee-973a0a0ca7f9\\"}, {\\"type\\": \\"paragraph_block\\", \\"value\\": \\"<p>Je firmou, n\\\\u00ed p\\\\u011bt od l\\\\u00e9\\\\u010dby velmi po rozbu\\\\u0161ka tom \\\\u0159ezan\\\\u00fdm v\\\\u00edna, p\\\\u011bt klec z pod dost\\\\u00e1v\\\\u00e1. Zaj\\\\u00edmavou v\\\\u011bd\\\\u011bt rozvrstvuje \\\\u0161t\\\\u00edt\\\\u016f odjak\\\\u017eiva v opravdov\\\\u00e9 n\\\\u011bm\\\\u017e sam\\\\u00e9m, st\\\\u011bn v\\\\u00e1\\\\u017eili u b\\\\u011b\\\\u017en\\\\u011b zbavena. Hole: severo-v\\\\u00fdchod za\\\\u0159\\\\u00edzen\\\\u00ed \\\\u010d\\\\u00e1st n\\\\u00e1\\\\u0161 dva jejich. A dimenz\\\\u00ed po. Ho m\\\\u011bly, oba krajinu mo\\\\u0159e jsme, ob\\\\u0159\\\\u00ed k\\\\u0159\\\\u00eddlech anebo pravdou, 195 nikdo spoluautora z schopn\\\\u00ed naru\\\\u0161ilo drak, defektn\\\\u00ed \\\\u010depice vulk\\\\u00e1n k p\\\\u016fvodn\\\\u00edho \\\\u017eij\\\\u00edc\\\\u00ed i provozovat.</p><p>Ne nikdo automaticky jemu spot\\\\u0159ebuje pojmy \\\\u010del\\\\u00ed, vybuchl p\\\\u0159ehl\\\\u00eddky t\\\\u00e9 zaji\\\\u0161\\\\u0165uj\\\\u00ed o slaven\\\\u00ed \\\\u017ee. V\\\\u00e1lky to naka\\\\u017een\\\\u00fd d\\\\u011bti, ta holka nikde vzd\\\\u00e1lenost, mcintoshe si d\\\\u00e1l t\\\\u011bl t\\\\u011bl. Jsme jednou \\\\u010dasopise hory, ve takovou teori\\\\u00ed \\\\u010dlen a u\\\\u017eivatelsk\\\\u00fd kataklyzmatickou kroku v\\\\u011bt\\\\u0161iny postaven\\\\u00fd ke funkci z skoro s \\\\u010d\\\\u00e1stice p\\\\u00e1d. Str\\\\u00e1vila \\\\u0161rotu pohybuje sotva rozvoje, neplat\\\\u00ed 1648 jakoby bombarduj\\\\u00ed, list p\\\\u0159irovn\\\\u00e1vaj\\\\u00ed kompas i oble\\\\u010den\\\\u00fd dotknout unii mo\\\\u0159eplavba, ve kulturn\\\\u00edm v\\\\u011b\\\\u0159it. Hostitele siln\\\\u00fdmi brn\\\\u011b n\\\\u00e1zev o s vliv\\\\u016f severn\\\\u011bji?</p>\\", \\"id\\": \\"78396d72-3551-40a2-b7e0-c6712ec866e6\\"}, {\\"type\\": \\"block_quote\\", \\"value\\": {\\"text\\": \\"\\\\u010c\\\\u00e1stici v\\\\u011bdci hornin\\\\u00e1ch \\\\u0161rotu aplikac\\\\u00ed vrata ale David k pova\\\\u017euj\\\\u00ed pocity tedy ta posouv\\\\u00e1me \\\\u010d\\\\u00e1sti, dal\\\\u0161\\\\u00ed poh\\\\u00e1r va\\\\u0161e domy dobr\\\\u00e1 pol\\\\u00e1rn\\\\u00edho pob\\\\u00fdval.\\", \\"author\\": \\"nikdo\\"}, \\"id\\": \\"05b51a71-45c8-4350-8d2a-c6896804c147\\"}, {\\"type\\": \\"paragraph_block\\", \\"value\\": \\"<p>Je firmou, n\\\\u00ed p\\\\u011bt od l\\\\u00e9\\\\u010dby velmi po rozbu\\\\u0161ka tom \\\\u0159ezan\\\\u00fdm v\\\\u00edna, p\\\\u011bt klec z pod dost\\\\u00e1v\\\\u00e1. Zaj\\\\u00edmavou v\\\\u011bd\\\\u011bt rozvrstvuje \\\\u0161t\\\\u00edt\\\\u016f odjak\\\\u017eiva v opravdov\\\\u00e9 n\\\\u011bm\\\\u017e sam\\\\u00e9m, st\\\\u011bn v\\\\u00e1\\\\u017eili u b\\\\u011b\\\\u017en\\\\u011b zbavena. Hole: severo-v\\\\u00fdchod za\\\\u0159\\\\u00edzen\\\\u00ed \\\\u010d\\\\u00e1st n\\\\u00e1\\\\u0161 dva jejich. A dimenz\\\\u00ed po. Ho m\\\\u011bly, oba krajinu mo\\\\u0159e jsme, ob\\\\u0159\\\\u00ed k\\\\u0159\\\\u00eddlech anebo pravdou, 195 nikdo spoluautora z schopn\\\\u00ed naru\\\\u0161ilo drak, defektn\\\\u00ed \\\\u010depice vulk\\\\u00e1n k p\\\\u016fvodn\\\\u00edho \\\\u017eij\\\\u00edc\\\\u00ed i provozovat.</p><p></p><ol><li>Ne nikdo automaticky jemu spot\\\\u0159ebuje pojmy \\\\u010del\\\\u00ed, vybuchl p\\\\u0159ehl\\\\u00eddky t\\\\u00e9 zaji\\\\u0161\\\\u0165uj\\\\u00ed o slaven\\\\u00ed \\\\u017ee. V\\\\u00e1lky to naka\\\\u017een\\\\u00fd d\\\\u011bti, ta holka nikde vzd\\\\u00e1lenost, mcintoshe si d\\\\u00e1l t\\\\u011bl t\\\\u011bl.\\\\u00a0</li><li>Jsme jednou \\\\u010dasopise hory, ve takovou teori\\\\u00ed \\\\u010dlen a u\\\\u017eivatelsk\\\\u00fd kataklyzmatickou kroku v\\\\u011bt\\\\u0161iny postaven\\\\u00fd ke funkci z skoro s \\\\u010d\\\\u00e1stice p\\\\u00e1d.\\\\u00a0</li><li>Str\\\\u00e1vila \\\\u0161rotu pohybuje sotva rozvoje, neplat\\\\u00ed 1648\\\\u00a0</li><li>jakoby bombarduj\\\\u00ed, list p\\\\u0159irovn\\\\u00e1vaj\\\\u00ed kompas i oble\\\\u010den\\\\u00fd\\\\u00a0</li><li>dotknout unii mo\\\\u0159eplavba, ve kulturn\\\\u00edm v\\\\u011b\\\\u0159it. Hostitele siln\\\\u00fdmi brn\\\\u011b n\\\\u00e1zev o s vliv\\\\u016f severn\\\\u011bji?<br/></li></ol><p></p>\\", \\"id\\": \\"c1fb211e-8a26-42f7-b49e-bec388d2cc8a\\"}, {\\"type\\": \\"heading_block\\", \\"value\\": {\\"heading_text\\": \\"\\\\u0160rotu pln\\\\u00e1 sch\\\\u00e1zej\\\\u00ed\\", \\"size\\": \\"title-small\\"}, \\"id\\": \\"417092c4-5eae-4ef2-a6e7-cc576230a028\\"}, {\\"type\\": \\"paragraph_block\\", \\"value\\": \\"<p>\\\\u010casy: zvenku nejr\\\\u016fzn\\\\u011bj\\\\u0161\\\\u00edch snila tomu z\\\\u00e1rove\\\\u0148 okem p\\\\u0159irovn\\\\u00e1v\\\\u00e1 1 osmi \\\\u017elut\\\\u011b jich roku nem\\\\u016f\\\\u017eu n\\\\u011b textu. Mus\\\\u00ed d\\\\u00e1 \\\\u010di gamy obeplut\\\\u00ed vn\\\\u00edm\\\\u00e1n\\\\u00ed dan\\\\u00e9ho o ruin u vody zm\\\\u011bn. V\\\\u011b\\\\u010dn\\\\u011b \\\\u017eert hmotn\\\\u00e9 v\\\\u0161ude. Severn\\\\u00ed na\\\\u0161li st\\\\u00e1t\\\\u016f ne\\\\u00fasp\\\\u011b\\\\u0161n\\\\u00fd ne\\\\u017e\\\\u00e1douc\\\\u00ed ur\\\\u010den\\\\u00fdch hn\\\\u011bdav\\\\u00ed popsat, n\\\\u00e1rod hory nezn\\\\u00e1m\\\\u00fd ven charismatick\\\\u00fd str\\\\u00e1nky \\\\u010di kosti. P\\\\u016fdu starou multi-dimenzion\\\\u00e1ln\\\\u00edm prou\\\\u017ekem up\\\\u0159\\\\u00edmn\\\\u011b reprezenta\\\\u010dn\\\\u00ed magma v\\\\u00edno asi pades\\\\u00e1timinutov\\\\u00fd ji na\\\\u0161el jednotliv\\\\u00e1 2002 bezchybn\\\\u011b bylo utekla, ji to n\\\\u00edzko za\\\\u010d\\\\u00edn\\\\u00e1 s\\\\u00e1ga m\\\\u011bst\\\\u011b l\\\\u00e9pe lan\\\\u011b rodin o nic zd\\\\u016fraz\\\\u0148uje. Mj. <b>zdecimovaly 2003 </b>ty ne nad\\\\u0161en\\\\u00ed t\\\\u011b\\\\u017ekou kombin\\\\u00e9zy p\\\\u00e1tr\\\\u00e1n\\\\u00ed my\\\\u0161lenkami. \\\\u0160rotu pln\\\\u00e1 sch\\\\u00e1zej\\\\u00ed, d\\\\u00e1 d\\\\u00e9lku ona 351 dvoj\\\\u00edm m\\\\u011b zvan\\\\u00e9 li\\\\u0161it o zap\\\\u016fsobit k \\\\u017een.</p>\\", \\"id\\": \\"9ce3a03d-cbf0-4c41-b51d-a262bcb58124\\"}]", "date_published": "2018-02-06", "domicile": "V Praze", "category": 1, "tagged_items": [{"pk": null, "tag": 9, "content_object": 10}], "related_pages": [{"pk": null, "page": 10, "related_page": 9}, {"pk": null, "page": 10, "related_page": 11}, {"pk": null, "page": 10, "related_page": 12}]}	\N	10	1
13	f	2018-02-06 11:22:25.02+00	{"pk": 11, "path": "0001000200040003", "depth": 4, "numchild": 0, "title": "Where does it come from? Where can I get some?", "draft_title": "Where does it come from? Where can I get some?", "slug": "where-does-it-come-where-can-i-get-some", "content_type": 11, "live": true, "has_unpublished_changes": false, "url_path": "/homepage/o-cesku/where-does-it-come-where-can-i-get-some/", "owner": 1, "seo_title": "", "show_in_menus": false, "search_description": "There are many variations of passages of Lorem Ipsum available, but the majority have suffered alteration in some form, by injected humour, or randomised words which don't look even slightly believable. If you are going to use a passage of Lorem Ipsum, you need to be sure there isn't anything embarrassing hidden in the middle of text.", "go_live_at": null, "expire_at": null, "expired": false, "locked": false, "first_published_at": null, "last_published_at": null, "latest_revision_created_at": null, "live_revision": null, "image": 1, "intro": "<p>There are many variations of passages of Lorem Ipsum available, but the majority have suffered alteration in some form, by injected humour, or randomised words which don't look even slightly believable. If you are going to use a passage of Lorem Ipsum, you need to be sure there isn't anything embarrassing hidden in the middle of text.</p>", "body": "[{\\"type\\": \\"image_block\\", \\"value\\": {\\"image\\": 1, \\"caption\\": \\"\\"}, \\"id\\": \\"d393172e-5e13-470a-be35-1e9b6efcbc23\\"}, {\\"type\\": \\"heading_block\\", \\"value\\": {\\"heading_text\\": \\"Why do we use it?\\", \\"size\\": \\"title-extra-large\\"}, \\"id\\": \\"48fbdfac-9136-4369-b175-3db240de0b6e\\"}, {\\"type\\": \\"indented_paragraph_block\\", \\"value\\": \\"<p>It is a long established fact that a reader will be distracted by the readable content of a page when looking at its layout. The point of using Lorem Ipsum is that it has a more-or-less normal distribution of letters, as opposed to using 'Content here, content here', making it look like readable English. Many desktop publishing packages and web page editors now use Lorem Ipsum as their default model text, and a search for 'lorem ipsum' will uncover many web sites still in their infancy. Various versions have evolved over the years, sometimes by accident, sometimes on purpose (injected humour and the like).</p>\\", \\"id\\": \\"620b8561-b77c-4295-a13b-75432064e228\\"}, {\\"type\\": \\"portrait_images_block\\", \\"value\\": [{\\"image\\": 2, \\"caption\\": \\"\\"}, {\\"image\\": 2, \\"caption\\": \\"\\"}], \\"id\\": \\"82a05018-7d85-41d6-a2e8-5722a2380ddb\\"}, {\\"type\\": \\"paragraph_block\\", \\"value\\": \\"<p>Contrary to popular belief, Lorem Ipsum is not simply random text. It has roots in a piece of classical Latin literature from 45 BC, making it over 2000 years old. Richard McClintock, a Latin professor at Hampden-Sydney College in Virginia, looked up one of the more obscure Latin words, consectetur, from a Lorem Ipsum passage, and going through the cites of the word in classical literature, discovered the undoubtable source. Lorem Ipsum comes from sections 1.10.32 and 1.10.33 of \\\\\\"de Finibus Bonorum et Malorum\\\\\\" (The Extremes of Good and Evil) by Cicero, written in 45 BC. This book is a treatise on the theory of ethics, very popular during the Renaissance. The first line of Lorem Ipsum, \\\\\\"Lorem ipsum dolor sit amet..\\\\\\", comes from a line in section 1.10.32.</p><p>The standard chunk of Lorem Ipsum used since the 1500s is reproduced below for those interested. Sections 1.10.32 and 1.10.33 from \\\\\\"de Finibus Bonorum et Malorum\\\\\\" by Cicero are also reproduced in their exact original form, accompanied by English versions from the 1914 translation by H. Rackham.</p><hr/>P\\\\u016fdu starou multi-dimenzion\\\\u00e1ln\\\\u00edm prou\\\\u017ekem up\\\\u0159\\\\u00edmn\\\\u011b reprezenta\\\\u010dn\\\\u00ed magma v\\\\u00edno asi pades\\\\u00e1timinutov\\\\u00fd ji na\\\\u0161el jednotliv\\\\u00e1 2002 bezchybn\\\\u011b bylo utekla, ji to n\\\\u00edzko za\\\\u010d\\\\u00edn\\\\u00e1 s\\\\u00e1ga m\\\\u011bst\\\\u011b l\\\\u00e9pe lan\\\\u011b rodin o nic zd\\\\u016fraz\\\\u0148uje. Mj. zdecimovaly 2003 ty ne nad\\\\u0161en\\\\u00ed t\\\\u011b\\\\u017ekou kombin\\\\u00e9zy p\\\\u00e1tr\\\\u00e1n\\\\u00ed my\\\\u0161lenkami. \\\\u0160rotu pln\\\\u00e1 sch\\\\u00e1zej\\\\u00ed, d\\\\u00e1 d\\\\u00e9lku ona 351 dvoj\\\\u00edm m\\\\u011b zvan\\\\u00e9 li\\\\u0161it o zap\\\\u016fsobit k <a id=\\\\\\"5\\\\\\" linktype=\\\\\\"page\\\\\\">\\\\u017een</a>.\\", \\"id\\": \\"4a1c27d1-e416-45cd-9362-4fe331299cf7\\"}, {\\"type\\": \\"landscape_images_block\\", \\"value\\": [{\\"image\\": 1, \\"caption\\": \\"\\"}, {\\"image\\": 1, \\"caption\\": \\"\\"}, {\\"image\\": 2, \\"caption\\": \\"\\"}, {\\"image\\": 1, \\"caption\\": \\"\\"}], \\"id\\": \\"6dc60a0f-bc07-4ef7-86ae-f4a2a2878d2f\\"}, {\\"type\\": \\"heading_block\\", \\"value\\": {\\"heading_text\\": \\"Bl\\\\u00e1botovy rozumy, \\\\u010desk\\\\u00e9 lorem ipsum\\", \\"size\\": \\"title-small\\"}, \\"id\\": \\"0eaca56b-cd6f-4f57-b0f8-5fafbcbfe382\\"}, {\\"type\\": \\"paragraph_block\\", \\"value\\": \\"<p>Lorem Ipsum is simply dummy text of the printing and typesetting industry. Lorem Ipsum has been the industry's standard dummy text ever since the 1500s, when an unknown printer took a galley of type and scrambled it to make a type specimen book. It has survived not only five centuries, but also the leap into electronic typesetting, remaining essentially unchanged. It was popularised in the 1960s with the release of Letraset sheets containing Lorem Ipsum passages, and more recently with desktop publishing software like Aldus PageMaker including versions of Lorem Ipsum.</p>\\", \\"id\\": \\"f2d3b69a-35b6-4ca8-b827-c73a990aabe9\\"}]", "date_published": "2018-02-06", "domicile": "", "category": null, "tagged_items": [{"pk": 9, "tag": 8, "content_object": 11}, {"pk": 10, "tag": 9, "content_object": 11}], "related_pages": []}	\N	11	1
16	f	2018-02-06 11:26:55.677+00	{"pk": 11, "path": "0001000200040003", "depth": 4, "numchild": 0, "title": "Where does it come from? Where can I get some?", "draft_title": "Where does it come from? Where can I get some?", "slug": "where-does-it-come-where-can-i-get-some", "content_type": 11, "live": true, "has_unpublished_changes": false, "url_path": "/homepage/o-cesku/where-does-it-come-where-can-i-get-some/", "owner": 1, "seo_title": "", "show_in_menus": false, "search_description": "There are many variations of passages of Lorem Ipsum available, but the majority have suffered alteration in some form, by injected humour, or randomised words which don't look even slightly believable. If you are going to use a passage of Lorem Ipsum, you need to be sure there isn't anything embarrassing hidden in the middle of text.", "go_live_at": null, "expire_at": null, "expired": false, "locked": false, "first_published_at": "2018-02-06T11:22:25.448Z", "last_published_at": "2018-02-06T11:22:25.448Z", "latest_revision_created_at": "2018-02-06T11:22:25.020Z", "live_revision": 13, "image": 1, "intro": "<p>There are many variations of passages of Lorem Ipsum available, but the majority have suffered alteration in some form, by injected humour, or randomised words which don't look even slightly believable. If you are going to use a passage of Lorem Ipsum, you need to be sure there isn't anything embarrassing hidden in the middle of text.</p>", "body": "[{\\"type\\": \\"image_block\\", \\"value\\": {\\"image\\": 1, \\"caption\\": \\"\\"}, \\"id\\": \\"d393172e-5e13-470a-be35-1e9b6efcbc23\\"}, {\\"type\\": \\"heading_block\\", \\"value\\": {\\"heading_text\\": \\"Why do we use it?\\", \\"size\\": \\"title-extra-large\\"}, \\"id\\": \\"48fbdfac-9136-4369-b175-3db240de0b6e\\"}, {\\"type\\": \\"indented_paragraph_block\\", \\"value\\": \\"<p>It is a long established fact that a reader will be distracted by the readable content of a page when looking at its layout. The point of using Lorem Ipsum is that it has a more-or-less normal distribution of letters, as opposed to using 'Content here, content here', making it look like readable English. Many desktop publishing packages and web page editors now use Lorem Ipsum as their default model text, and a search for 'lorem ipsum' will uncover many web sites still in their infancy. Various versions have evolved over the years, sometimes by accident, sometimes on purpose (injected humour and the like).</p>\\", \\"id\\": \\"620b8561-b77c-4295-a13b-75432064e228\\"}, {\\"type\\": \\"portrait_images_block\\", \\"value\\": [{\\"image\\": 2, \\"caption\\": \\"\\"}, {\\"image\\": 2, \\"caption\\": \\"\\"}], \\"id\\": \\"82a05018-7d85-41d6-a2e8-5722a2380ddb\\"}, {\\"type\\": \\"paragraph_block\\", \\"value\\": \\"<p>Contrary to popular belief, Lorem Ipsum is not simply random text. It has roots in a piece of classical Latin literature from 45 BC, making it over 2000 years old. Richard McClintock, a Latin professor at Hampden-Sydney College in Virginia, looked up one of the more obscure Latin words, consectetur, from a Lorem Ipsum passage, and going through the cites of the word in classical literature, discovered the undoubtable source. Lorem Ipsum comes from sections 1.10.32 and 1.10.33 of \\\\\\"de Finibus Bonorum et Malorum\\\\\\" (The Extremes of Good and Evil) by Cicero, written in 45 BC. This book is a treatise on the theory of ethics, very popular during the Renaissance. The first line of Lorem Ipsum, \\\\\\"Lorem ipsum dolor sit amet..\\\\\\", comes from a line in section 1.10.32.</p><p>The standard chunk of Lorem Ipsum used since the 1500s is reproduced below for those interested. Sections 1.10.32 and 1.10.33 from \\\\\\"de Finibus Bonorum et Malorum\\\\\\" by Cicero are also reproduced in their exact original form, accompanied by English versions from the 1914 translation by H. Rackham.</p><hr/>P\\\\u016fdu starou multi-dimenzion\\\\u00e1ln\\\\u00edm prou\\\\u017ekem up\\\\u0159\\\\u00edmn\\\\u011b reprezenta\\\\u010dn\\\\u00ed magma v\\\\u00edno asi pades\\\\u00e1timinutov\\\\u00fd ji na\\\\u0161el jednotliv\\\\u00e1 2002 bezchybn\\\\u011b bylo utekla, ji to n\\\\u00edzko za\\\\u010d\\\\u00edn\\\\u00e1 s\\\\u00e1ga m\\\\u011bst\\\\u011b l\\\\u00e9pe lan\\\\u011b rodin o nic zd\\\\u016fraz\\\\u0148uje. Mj. zdecimovaly 2003 ty ne nad\\\\u0161en\\\\u00ed t\\\\u011b\\\\u017ekou kombin\\\\u00e9zy p\\\\u00e1tr\\\\u00e1n\\\\u00ed my\\\\u0161lenkami. \\\\u0160rotu pln\\\\u00e1 sch\\\\u00e1zej\\\\u00ed, d\\\\u00e1 d\\\\u00e9lku ona 351 dvoj\\\\u00edm m\\\\u011b zvan\\\\u00e9 li\\\\u0161it o zap\\\\u016fsobit k <a id=\\\\\\"5\\\\\\" linktype=\\\\\\"page\\\\\\">\\\\u017een</a>.\\", \\"id\\": \\"4a1c27d1-e416-45cd-9362-4fe331299cf7\\"}, {\\"type\\": \\"landscape_images_block\\", \\"value\\": [{\\"image\\": 1, \\"caption\\": \\"\\"}, {\\"image\\": 1, \\"caption\\": \\"\\"}, {\\"image\\": 2, \\"caption\\": \\"\\"}, {\\"image\\": 1, \\"caption\\": \\"\\"}], \\"id\\": \\"6dc60a0f-bc07-4ef7-86ae-f4a2a2878d2f\\"}, {\\"type\\": \\"heading_block\\", \\"value\\": {\\"heading_text\\": \\"Bl\\\\u00e1botovy rozumy, \\\\u010desk\\\\u00e9 lorem ipsum\\", \\"size\\": \\"title-small\\"}, \\"id\\": \\"0eaca56b-cd6f-4f57-b0f8-5fafbcbfe382\\"}, {\\"type\\": \\"paragraph_block\\", \\"value\\": \\"<p>Lorem Ipsum is simply dummy text of the printing and typesetting industry. Lorem Ipsum has been the industry's standard dummy text ever since the 1500s, when an unknown printer took a galley of type and scrambled it to make a type specimen book. It has survived not only five centuries, but also the leap into electronic typesetting, remaining essentially unchanged. It was popularised in the 1960s with the release of Letraset sheets containing Lorem Ipsum passages, and more recently with desktop publishing software like Aldus PageMaker including versions of Lorem Ipsum.</p>\\", \\"id\\": \\"f2d3b69a-35b6-4ca8-b827-c73a990aabe9\\"}]", "date_published": "2018-02-06", "domicile": "", "category": null, "tagged_items": [{"pk": null, "tag": 8, "content_object": 11}, {"pk": null, "tag": 9, "content_object": 11}], "related_pages": [{"pk": null, "page": 11, "related_page": 10}, {"pk": null, "page": 11, "related_page": 12}]}	\N	11	1
19	f	2018-02-06 16:15:52.039157+00	{"pk": 11, "path": "0001000200040003", "depth": 4, "numchild": 0, "title": "Where does it come from? Where can I get some?", "draft_title": "Where does it come from? Where can I get some?", "slug": "where-does-it-come-where-can-i-get-some", "content_type": 11, "live": false, "has_unpublished_changes": true, "url_path": "/homepage/o-cesku/where-does-it-come-where-can-i-get-some/", "owner": 1, "seo_title": "", "show_in_menus": false, "search_description": "There are many variations of passages of Lorem Ipsum available, but the majority have suffered alteration in some form, by injected humour, or randomised words which don't look even slightly believable. If you are going to use a passage of Lorem Ipsum, you need to be sure there isn't anything embarrassing hidden in the middle of text.", "go_live_at": "2018-02-07T08:00:00Z", "expire_at": null, "expired": false, "locked": false, "first_published_at": "2018-02-06T11:22:25.448Z", "last_published_at": "2018-02-06T11:22:25.448Z", "latest_revision_created_at": "2018-02-06T11:26:55.677Z", "live_revision": 13, "image": 1, "intro": "<p>There are many variations of passages of Lorem Ipsum available, but the majority have suffered alteration in some form, by injected humour, or randomised words which don't look even slightly believable. If you are going to use a passage of Lorem Ipsum, you need to be sure there isn't anything embarrassing hidden in the middle of text.</p>", "body": "[{\\"type\\": \\"image_block\\", \\"value\\": {\\"image\\": 1, \\"caption\\": \\"\\"}, \\"id\\": \\"d393172e-5e13-470a-be35-1e9b6efcbc23\\"}, {\\"type\\": \\"heading_block\\", \\"value\\": {\\"heading_text\\": \\"Why do we use it?\\", \\"size\\": \\"title-extra-large\\"}, \\"id\\": \\"48fbdfac-9136-4369-b175-3db240de0b6e\\"}, {\\"type\\": \\"indented_paragraph_block\\", \\"value\\": \\"<p>It is a long established fact that a reader will be distracted by the readable content of a page when looking at its layout. The point of using Lorem Ipsum is that it has a more-or-less normal distribution of letters, as opposed to using 'Content here, content here', making it look like readable English. Many desktop publishing packages and web page editors now use Lorem Ipsum as their default model text, and a search for 'lorem ipsum' will uncover many web sites still in their infancy. Various versions have evolved over the years, sometimes by accident, sometimes on purpose (injected humour and the like).</p>\\", \\"id\\": \\"620b8561-b77c-4295-a13b-75432064e228\\"}, {\\"type\\": \\"portrait_images_block\\", \\"value\\": [{\\"image\\": 2, \\"caption\\": \\"\\"}, {\\"image\\": 2, \\"caption\\": \\"\\"}], \\"id\\": \\"82a05018-7d85-41d6-a2e8-5722a2380ddb\\"}, {\\"type\\": \\"paragraph_block\\", \\"value\\": \\"<p>Contrary to popular belief, Lorem Ipsum is not simply random text. It has roots in a piece of classical Latin literature from 45 BC, making it over 2000 years old. Richard McClintock, a Latin professor at Hampden-Sydney College in Virginia, looked up one of the more obscure Latin words, consectetur, from a Lorem Ipsum passage, and going through the cites of the word in classical literature, discovered the undoubtable source. Lorem Ipsum comes from sections 1.10.32 and 1.10.33 of \\\\\\"de Finibus Bonorum et Malorum\\\\\\" (The Extremes of Good and Evil) by Cicero, written in 45 BC. This book is a treatise on the theory of ethics, very popular during the Renaissance. The first line of Lorem Ipsum, \\\\\\"Lorem ipsum dolor sit amet..\\\\\\", comes from a line in section 1.10.32.</p><p>The standard chunk of Lorem Ipsum used since the 1500s is reproduced below for those interested. Sections 1.10.32 and 1.10.33 from \\\\\\"de Finibus Bonorum et Malorum\\\\\\" by Cicero are also reproduced in their exact original form, accompanied by English versions from the 1914 translation by H. Rackham.</p><hr/>P\\\\u016fdu starou multi-dimenzion\\\\u00e1ln\\\\u00edm prou\\\\u017ekem up\\\\u0159\\\\u00edmn\\\\u011b reprezenta\\\\u010dn\\\\u00ed magma v\\\\u00edno asi pades\\\\u00e1timinutov\\\\u00fd ji na\\\\u0161el jednotliv\\\\u00e1 2002 bezchybn\\\\u011b bylo utekla, ji to n\\\\u00edzko za\\\\u010d\\\\u00edn\\\\u00e1 s\\\\u00e1ga m\\\\u011bst\\\\u011b l\\\\u00e9pe lan\\\\u011b rodin o nic zd\\\\u016fraz\\\\u0148uje. Mj. zdecimovaly 2003 ty ne nad\\\\u0161en\\\\u00ed t\\\\u011b\\\\u017ekou kombin\\\\u00e9zy p\\\\u00e1tr\\\\u00e1n\\\\u00ed my\\\\u0161lenkami. \\\\u0160rotu pln\\\\u00e1 sch\\\\u00e1zej\\\\u00ed, d\\\\u00e1 d\\\\u00e9lku ona 351 dvoj\\\\u00edm m\\\\u011b zvan\\\\u00e9 li\\\\u0161it o zap\\\\u016fsobit k <a id=\\\\\\"5\\\\\\" linktype=\\\\\\"page\\\\\\">\\\\u017een</a>.\\", \\"id\\": \\"4a1c27d1-e416-45cd-9362-4fe331299cf7\\"}, {\\"type\\": \\"landscape_images_block\\", \\"value\\": [{\\"image\\": 1, \\"caption\\": \\"\\"}, {\\"image\\": 1, \\"caption\\": \\"\\"}, {\\"image\\": 2, \\"caption\\": \\"\\"}, {\\"image\\": 1, \\"caption\\": \\"\\"}], \\"id\\": \\"6dc60a0f-bc07-4ef7-86ae-f4a2a2878d2f\\"}, {\\"type\\": \\"heading_block\\", \\"value\\": {\\"heading_text\\": \\"Bl\\\\u00e1botovy rozumy, \\\\u010desk\\\\u00e9 lorem ipsum\\", \\"size\\": \\"title-small\\"}, \\"id\\": \\"0eaca56b-cd6f-4f57-b0f8-5fafbcbfe382\\"}, {\\"type\\": \\"paragraph_block\\", \\"value\\": \\"<p>Lorem Ipsum is simply dummy text of the printing and typesetting industry. Lorem Ipsum has been the industry's standard dummy text ever since the 1500s, when an unknown printer took a galley of type and scrambled it to make a type specimen book. It has survived not only five centuries, but also the leap into electronic typesetting, remaining essentially unchanged. It was popularised in the 1960s with the release of Letraset sheets containing Lorem Ipsum passages, and more recently with desktop publishing software like Aldus PageMaker including versions of Lorem Ipsum.</p>\\", \\"id\\": \\"f2d3b69a-35b6-4ca8-b827-c73a990aabe9\\"}]", "date_published": "2018-02-06", "domicile": "", "category": null, "tagged_items": [{"pk": null, "tag": 8, "content_object": 11}, {"pk": null, "tag": 9, "content_object": 11}], "related_pages": [{"pk": null, "page": 11, "related_page": 10}, {"pk": null, "page": 11, "related_page": 12}]}	2018-02-07 08:00:00+00	11	1
\.


--
-- Name: wagtailcore_pagerevision_id_seq; Type: SEQUENCE SET; Schema: public; Owner: zpatkydoma
--

SELECT pg_catalog.setval('wagtailcore_pagerevision_id_seq', 19, true);


--
-- Data for Name: wagtailcore_pageviewrestriction; Type: TABLE DATA; Schema: public; Owner: zpatkydoma
--

COPY wagtailcore_pageviewrestriction (id, password, page_id, restriction_type) FROM stdin;
\.


--
-- Data for Name: wagtailcore_pageviewrestriction_groups; Type: TABLE DATA; Schema: public; Owner: zpatkydoma
--

COPY wagtailcore_pageviewrestriction_groups (id, pageviewrestriction_id, group_id) FROM stdin;
\.


--
-- Name: wagtailcore_pageviewrestriction_groups_id_seq; Type: SEQUENCE SET; Schema: public; Owner: zpatkydoma
--

SELECT pg_catalog.setval('wagtailcore_pageviewrestriction_groups_id_seq', 1, false);


--
-- Name: wagtailcore_pageviewrestriction_id_seq; Type: SEQUENCE SET; Schema: public; Owner: zpatkydoma
--

SELECT pg_catalog.setval('wagtailcore_pageviewrestriction_id_seq', 1, false);


--
-- Data for Name: wagtailcore_site; Type: TABLE DATA; Schema: public; Owner: zpatkydoma
--

COPY wagtailcore_site (id, hostname, port, is_default_site, root_page_id, site_name) FROM stdin;
1	127.0.0.1	8000	t	3	zpatkydoma.cz
\.


--
-- Name: wagtailcore_site_id_seq; Type: SEQUENCE SET; Schema: public; Owner: zpatkydoma
--

SELECT pg_catalog.setval('wagtailcore_site_id_seq', 1, true);


--
-- Data for Name: wagtaildocs_document; Type: TABLE DATA; Schema: public; Owner: zpatkydoma
--

COPY wagtaildocs_document (id, title, file, created_at, uploaded_by_user_id, collection_id) FROM stdin;
\.


--
-- Name: wagtaildocs_document_id_seq; Type: SEQUENCE SET; Schema: public; Owner: zpatkydoma
--

SELECT pg_catalog.setval('wagtaildocs_document_id_seq', 1, false);


--
-- Data for Name: wagtailembeds_embed; Type: TABLE DATA; Schema: public; Owner: zpatkydoma
--

COPY wagtailembeds_embed (id, url, max_width, type, html, title, author_name, provider_name, thumbnail_url, width, height, last_updated) FROM stdin;
1	https://youtu.be/dNW0B0HsvVs	\N	video	<iframe width="480" height="270" src="https://www.youtube.com/embed/dNW0B0HsvVs?feature=oembed" frameborder="0" allow="autoplay; encrypted-media" allowfullscreen></iframe>	Solo: A Star Wars Story Official Teaser	Star Wars	YouTube	https://i.ytimg.com/vi/dNW0B0HsvVs/hqdefault.jpg	480	270	2018-02-06 10:22:36.463+00
\.


--
-- Name: wagtailembeds_embed_id_seq; Type: SEQUENCE SET; Schema: public; Owner: zpatkydoma
--

SELECT pg_catalog.setval('wagtailembeds_embed_id_seq', 1, true);


--
-- Data for Name: wagtailforms_formsubmission; Type: TABLE DATA; Schema: public; Owner: zpatkydoma
--

COPY wagtailforms_formsubmission (id, form_data, submit_time, page_id) FROM stdin;
\.


--
-- Name: wagtailforms_formsubmission_id_seq; Type: SEQUENCE SET; Schema: public; Owner: zpatkydoma
--

SELECT pg_catalog.setval('wagtailforms_formsubmission_id_seq', 1, false);


--
-- Data for Name: wagtailimages_image; Type: TABLE DATA; Schema: public; Owner: zpatkydoma
--

COPY wagtailimages_image (id, title, file, width, height, created_at, focal_point_x, focal_point_y, focal_point_width, focal_point_height, uploaded_by_user_id, file_size, collection_id) FROM stdin;
1	horizontal.jpg	original_images/horizontal.jpg	4288	2848	2018-02-06 09:58:19.088+00	\N	\N	\N	\N	1	3431303	1
2	vertical.jpg	original_images/vertical.jpg	2236	3130	2018-02-06 09:58:47.223+00	\N	\N	\N	\N	1	926486	1
\.


--
-- Name: wagtailimages_image_id_seq; Type: SEQUENCE SET; Schema: public; Owner: zpatkydoma
--

SELECT pg_catalog.setval('wagtailimages_image_id_seq', 2, true);


--
-- Data for Name: wagtailimages_rendition; Type: TABLE DATA; Schema: public; Owner: zpatkydoma
--

COPY wagtailimages_rendition (id, file, width, height, focal_point_key, image_id, filter_spec) FROM stdin;
1	images/horizontal.2e16d0ba.fill-1200x840_aESMFXR.jpg	1200	840	2e16d0ba	1	fill-1200x840
2	images/horizontal.2e16d0ba.fill-1200x828_BKegmeU.jpg	1200	828	2e16d0ba	1	fill-1200x828
4	images/horizontal.2e16d0ba.fill-599x449_NXuhxoo.jpg	599	449	2e16d0ba	1	fill-599x449
6	images/horizontal.2e16d0ba.fill-30x22_oaBrRLZ.jpg	30	22	2e16d0ba	1	fill-30x22
7	images/horizontal.2e16d0ba.fill-1920x1080_uTiv6ho.jpg	1920	1080	2e16d0ba	1	fill-1920x1080
8	images/horizontal.2e16d0ba.fill-1200x800.jpg	1200	800	2e16d0ba	1	fill-1200x800
9	images/horizontal.2e16d0ba.fill-30x21.jpg	30	21	2e16d0ba	1	fill-30x21
10	images/vertical.2e16d0ba.fill-800x1200.jpg	800	1200	2e16d0ba	2	fill-800x1200
11	images/vertical.2e16d0ba.fill-19x30.jpg	19	30	2e16d0ba	2	fill-19x30
12	images/horizontal.2e16d0ba.fill-30x19.jpg	30	19	2e16d0ba	1	fill-30x19
13	images/vertical.2e16d0ba.fill-1200x800.jpg	1200	800	2e16d0ba	2	fill-1200x800
14	images/vertical.2e16d0ba.fill-30x19.jpg	30	19	2e16d0ba	2	fill-30x19
15	images/horizontal.2e16d0ba.fill-750x500_zKK6Lqf.jpg	750	500	2e16d0ba	1	fill-750x500
16	images/horizontal.2e16d0ba.fill-30x20_1nRpBEh.jpg	30	20	2e16d0ba	1	fill-30x20
17	images/horizontal.max-165x165.jpg	165	109		1	max-165x165
18	images/vertical.max-165x165.jpg	117	165		2	max-165x165
\.


--
-- Name: wagtailimages_rendition_id_seq; Type: SEQUENCE SET; Schema: public; Owner: zpatkydoma
--

SELECT pg_catalog.setval('wagtailimages_rendition_id_seq', 18, true);


--
-- Data for Name: wagtailredirects_redirect; Type: TABLE DATA; Schema: public; Owner: zpatkydoma
--

COPY wagtailredirects_redirect (id, old_path, is_permanent, redirect_link, redirect_page_id, site_id) FROM stdin;
\.


--
-- Name: wagtailredirects_redirect_id_seq; Type: SEQUENCE SET; Schema: public; Owner: zpatkydoma
--

SELECT pg_catalog.setval('wagtailredirects_redirect_id_seq', 1, false);


--
-- Data for Name: wagtailsearch_editorspick; Type: TABLE DATA; Schema: public; Owner: zpatkydoma
--

COPY wagtailsearch_editorspick (id, sort_order, description, page_id, query_id) FROM stdin;
\.


--
-- Name: wagtailsearch_editorspick_id_seq; Type: SEQUENCE SET; Schema: public; Owner: zpatkydoma
--

SELECT pg_catalog.setval('wagtailsearch_editorspick_id_seq', 1, false);


--
-- Data for Name: wagtailsearch_query; Type: TABLE DATA; Schema: public; Owner: zpatkydoma
--

COPY wagtailsearch_query (id, query_string) FROM stdin;
\.


--
-- Name: wagtailsearch_query_id_seq; Type: SEQUENCE SET; Schema: public; Owner: zpatkydoma
--

SELECT pg_catalog.setval('wagtailsearch_query_id_seq', 1, false);


--
-- Data for Name: wagtailsearch_querydailyhits; Type: TABLE DATA; Schema: public; Owner: zpatkydoma
--

COPY wagtailsearch_querydailyhits (id, date, hits, query_id) FROM stdin;
\.


--
-- Name: wagtailsearch_querydailyhits_id_seq; Type: SEQUENCE SET; Schema: public; Owner: zpatkydoma
--

SELECT pg_catalog.setval('wagtailsearch_querydailyhits_id_seq', 1, false);


--
-- Data for Name: wagtailusers_userprofile; Type: TABLE DATA; Schema: public; Owner: zpatkydoma
--

COPY wagtailusers_userprofile (id, submitted_notifications, approved_notifications, rejected_notifications, user_id, preferred_language) FROM stdin;
\.


--
-- Name: wagtailusers_userprofile_id_seq; Type: SEQUENCE SET; Schema: public; Owner: zpatkydoma
--

SELECT pg_catalog.setval('wagtailusers_userprofile_id_seq', 1, false);


--
-- Name: auth_group auth_group_name_key; Type: CONSTRAINT; Schema: public; Owner: zpatkydoma
--

ALTER TABLE ONLY auth_group
    ADD CONSTRAINT auth_group_name_key UNIQUE (name);


--
-- Name: auth_group_permissions auth_group_permissions_group_id_permission_id_0cd325b0_uniq; Type: CONSTRAINT; Schema: public; Owner: zpatkydoma
--

ALTER TABLE ONLY auth_group_permissions
    ADD CONSTRAINT auth_group_permissions_group_id_permission_id_0cd325b0_uniq UNIQUE (group_id, permission_id);


--
-- Name: auth_group_permissions auth_group_permissions_pkey; Type: CONSTRAINT; Schema: public; Owner: zpatkydoma
--

ALTER TABLE ONLY auth_group_permissions
    ADD CONSTRAINT auth_group_permissions_pkey PRIMARY KEY (id);


--
-- Name: auth_group auth_group_pkey; Type: CONSTRAINT; Schema: public; Owner: zpatkydoma
--

ALTER TABLE ONLY auth_group
    ADD CONSTRAINT auth_group_pkey PRIMARY KEY (id);


--
-- Name: auth_permission auth_permission_content_type_id_codename_01ab375a_uniq; Type: CONSTRAINT; Schema: public; Owner: zpatkydoma
--

ALTER TABLE ONLY auth_permission
    ADD CONSTRAINT auth_permission_content_type_id_codename_01ab375a_uniq UNIQUE (content_type_id, codename);


--
-- Name: auth_permission auth_permission_pkey; Type: CONSTRAINT; Schema: public; Owner: zpatkydoma
--

ALTER TABLE ONLY auth_permission
    ADD CONSTRAINT auth_permission_pkey PRIMARY KEY (id);


--
-- Name: auth_user_groups auth_user_groups_pkey; Type: CONSTRAINT; Schema: public; Owner: zpatkydoma
--

ALTER TABLE ONLY auth_user_groups
    ADD CONSTRAINT auth_user_groups_pkey PRIMARY KEY (id);


--
-- Name: auth_user_groups auth_user_groups_user_id_group_id_94350c0c_uniq; Type: CONSTRAINT; Schema: public; Owner: zpatkydoma
--

ALTER TABLE ONLY auth_user_groups
    ADD CONSTRAINT auth_user_groups_user_id_group_id_94350c0c_uniq UNIQUE (user_id, group_id);


--
-- Name: auth_user auth_user_pkey; Type: CONSTRAINT; Schema: public; Owner: zpatkydoma
--

ALTER TABLE ONLY auth_user
    ADD CONSTRAINT auth_user_pkey PRIMARY KEY (id);


--
-- Name: auth_user_user_permissions auth_user_user_permissions_pkey; Type: CONSTRAINT; Schema: public; Owner: zpatkydoma
--

ALTER TABLE ONLY auth_user_user_permissions
    ADD CONSTRAINT auth_user_user_permissions_pkey PRIMARY KEY (id);


--
-- Name: auth_user_user_permissions auth_user_user_permissions_user_id_permission_id_14a6b632_uniq; Type: CONSTRAINT; Schema: public; Owner: zpatkydoma
--

ALTER TABLE ONLY auth_user_user_permissions
    ADD CONSTRAINT auth_user_user_permissions_user_id_permission_id_14a6b632_uniq UNIQUE (user_id, permission_id);


--
-- Name: auth_user auth_user_username_key; Type: CONSTRAINT; Schema: public; Owner: zpatkydoma
--

ALTER TABLE ONLY auth_user
    ADD CONSTRAINT auth_user_username_key UNIQUE (username);


--
-- Name: base_footertext base_footertext_pkey; Type: CONSTRAINT; Schema: public; Owner: zpatkydoma
--

ALTER TABLE ONLY base_footertext
    ADD CONSTRAINT base_footertext_pkey PRIMARY KEY (id);


--
-- Name: base_homepage base_homepage_pkey; Type: CONSTRAINT; Schema: public; Owner: zpatkydoma
--

ALTER TABLE ONLY base_homepage
    ADD CONSTRAINT base_homepage_pkey PRIMARY KEY (page_ptr_id);


--
-- Name: base_socialmediasettings base_socialmediasettings_pkey; Type: CONSTRAINT; Schema: public; Owner: zpatkydoma
--

ALTER TABLE ONLY base_socialmediasettings
    ADD CONSTRAINT base_socialmediasettings_pkey PRIMARY KEY (id);


--
-- Name: base_socialmediasettings base_socialmediasettings_site_id_key; Type: CONSTRAINT; Schema: public; Owner: zpatkydoma
--

ALTER TABLE ONLY base_socialmediasettings
    ADD CONSTRAINT base_socialmediasettings_site_id_key UNIQUE (site_id);


--
-- Name: base_standardpage base_standardpage_pkey; Type: CONSTRAINT; Schema: public; Owner: zpatkydoma
--

ALTER TABLE ONLY base_standardpage
    ADD CONSTRAINT base_standardpage_pkey PRIMARY KEY (page_ptr_id);


--
-- Name: blog_blogcategory blog_blogcategory_name_key; Type: CONSTRAINT; Schema: public; Owner: zpatkydoma
--

ALTER TABLE ONLY blog_blogcategory
    ADD CONSTRAINT blog_blogcategory_name_key UNIQUE (name);


--
-- Name: blog_blogcategory blog_blogcategory_pkey; Type: CONSTRAINT; Schema: public; Owner: zpatkydoma
--

ALTER TABLE ONLY blog_blogcategory
    ADD CONSTRAINT blog_blogcategory_pkey PRIMARY KEY (id);


--
-- Name: blog_bloglistpage blog_bloglistpage_pkey; Type: CONSTRAINT; Schema: public; Owner: zpatkydoma
--

ALTER TABLE ONLY blog_bloglistpage
    ADD CONSTRAINT blog_bloglistpage_pkey PRIMARY KEY (page_ptr_id);


--
-- Name: blog_blogpage blog_blogpage_pkey; Type: CONSTRAINT; Schema: public; Owner: zpatkydoma
--

ALTER TABLE ONLY blog_blogpage
    ADD CONSTRAINT blog_blogpage_pkey PRIMARY KEY (page_ptr_id);


--
-- Name: blog_blogpagetag blog_blogpagetag_pkey; Type: CONSTRAINT; Schema: public; Owner: zpatkydoma
--

ALTER TABLE ONLY blog_blogpagetag
    ADD CONSTRAINT blog_blogpagetag_pkey PRIMARY KEY (id);


--
-- Name: blog_blogtagpage blog_blogtagpage_pkey; Type: CONSTRAINT; Schema: public; Owner: zpatkydoma
--

ALTER TABLE ONLY blog_blogtagpage
    ADD CONSTRAINT blog_blogtagpage_pkey PRIMARY KEY (page_ptr_id);


--
-- Name: blog_relatedpage blog_relatedpage_pkey; Type: CONSTRAINT; Schema: public; Owner: zpatkydoma
--

ALTER TABLE ONLY blog_relatedpage
    ADD CONSTRAINT blog_relatedpage_pkey PRIMARY KEY (id);


--
-- Name: django_admin_log django_admin_log_pkey; Type: CONSTRAINT; Schema: public; Owner: zpatkydoma
--

ALTER TABLE ONLY django_admin_log
    ADD CONSTRAINT django_admin_log_pkey PRIMARY KEY (id);


--
-- Name: django_content_type django_content_type_app_label_model_76bd3d3b_uniq; Type: CONSTRAINT; Schema: public; Owner: zpatkydoma
--

ALTER TABLE ONLY django_content_type
    ADD CONSTRAINT django_content_type_app_label_model_76bd3d3b_uniq UNIQUE (app_label, model);


--
-- Name: django_content_type django_content_type_pkey; Type: CONSTRAINT; Schema: public; Owner: zpatkydoma
--

ALTER TABLE ONLY django_content_type
    ADD CONSTRAINT django_content_type_pkey PRIMARY KEY (id);


--
-- Name: django_migrations django_migrations_pkey; Type: CONSTRAINT; Schema: public; Owner: zpatkydoma
--

ALTER TABLE ONLY django_migrations
    ADD CONSTRAINT django_migrations_pkey PRIMARY KEY (id);


--
-- Name: django_session django_session_pkey; Type: CONSTRAINT; Schema: public; Owner: zpatkydoma
--

ALTER TABLE ONLY django_session
    ADD CONSTRAINT django_session_pkey PRIMARY KEY (session_key);


--
-- Name: postgres_search_indexentry postgres_search_indexent_content_type_id_object_i_bae8f946_uniq; Type: CONSTRAINT; Schema: public; Owner: zpatkydoma
--

ALTER TABLE ONLY postgres_search_indexentry
    ADD CONSTRAINT postgres_search_indexent_content_type_id_object_i_bae8f946_uniq UNIQUE (content_type_id, object_id);


--
-- Name: postgres_search_indexentry postgres_search_indexentry_pkey; Type: CONSTRAINT; Schema: public; Owner: zpatkydoma
--

ALTER TABLE ONLY postgres_search_indexentry
    ADD CONSTRAINT postgres_search_indexentry_pkey PRIMARY KEY (id);


--
-- Name: taggit_tag taggit_tag_name_key; Type: CONSTRAINT; Schema: public; Owner: zpatkydoma
--

ALTER TABLE ONLY taggit_tag
    ADD CONSTRAINT taggit_tag_name_key UNIQUE (name);


--
-- Name: taggit_tag taggit_tag_pkey; Type: CONSTRAINT; Schema: public; Owner: zpatkydoma
--

ALTER TABLE ONLY taggit_tag
    ADD CONSTRAINT taggit_tag_pkey PRIMARY KEY (id);


--
-- Name: taggit_tag taggit_tag_slug_key; Type: CONSTRAINT; Schema: public; Owner: zpatkydoma
--

ALTER TABLE ONLY taggit_tag
    ADD CONSTRAINT taggit_tag_slug_key UNIQUE (slug);


--
-- Name: taggit_taggeditem taggit_taggeditem_pkey; Type: CONSTRAINT; Schema: public; Owner: zpatkydoma
--

ALTER TABLE ONLY taggit_taggeditem
    ADD CONSTRAINT taggit_taggeditem_pkey PRIMARY KEY (id);


--
-- Name: wagtailcore_collection wagtailcore_collection_path_key; Type: CONSTRAINT; Schema: public; Owner: zpatkydoma
--

ALTER TABLE ONLY wagtailcore_collection
    ADD CONSTRAINT wagtailcore_collection_path_key UNIQUE (path);


--
-- Name: wagtailcore_collection wagtailcore_collection_pkey; Type: CONSTRAINT; Schema: public; Owner: zpatkydoma
--

ALTER TABLE ONLY wagtailcore_collection
    ADD CONSTRAINT wagtailcore_collection_pkey PRIMARY KEY (id);


--
-- Name: wagtailcore_collectionviewrestriction_groups wagtailcore_collectionvi_collectionviewrestrictio_988995ae_uniq; Type: CONSTRAINT; Schema: public; Owner: zpatkydoma
--

ALTER TABLE ONLY wagtailcore_collectionviewrestriction_groups
    ADD CONSTRAINT wagtailcore_collectionvi_collectionviewrestrictio_988995ae_uniq UNIQUE (collectionviewrestriction_id, group_id);


--
-- Name: wagtailcore_collectionviewrestriction_groups wagtailcore_collectionviewrestriction_groups_pkey; Type: CONSTRAINT; Schema: public; Owner: zpatkydoma
--

ALTER TABLE ONLY wagtailcore_collectionviewrestriction_groups
    ADD CONSTRAINT wagtailcore_collectionviewrestriction_groups_pkey PRIMARY KEY (id);


--
-- Name: wagtailcore_collectionviewrestriction wagtailcore_collectionviewrestriction_pkey; Type: CONSTRAINT; Schema: public; Owner: zpatkydoma
--

ALTER TABLE ONLY wagtailcore_collectionviewrestriction
    ADD CONSTRAINT wagtailcore_collectionviewrestriction_pkey PRIMARY KEY (id);


--
-- Name: wagtailcore_groupcollectionpermission wagtailcore_groupcollect_group_id_collection_id_p_a21cefe9_uniq; Type: CONSTRAINT; Schema: public; Owner: zpatkydoma
--

ALTER TABLE ONLY wagtailcore_groupcollectionpermission
    ADD CONSTRAINT wagtailcore_groupcollect_group_id_collection_id_p_a21cefe9_uniq UNIQUE (group_id, collection_id, permission_id);


--
-- Name: wagtailcore_groupcollectionpermission wagtailcore_groupcollectionpermission_pkey; Type: CONSTRAINT; Schema: public; Owner: zpatkydoma
--

ALTER TABLE ONLY wagtailcore_groupcollectionpermission
    ADD CONSTRAINT wagtailcore_groupcollectionpermission_pkey PRIMARY KEY (id);


--
-- Name: wagtailcore_grouppagepermission wagtailcore_grouppageper_group_id_page_id_permiss_0898bdf8_uniq; Type: CONSTRAINT; Schema: public; Owner: zpatkydoma
--

ALTER TABLE ONLY wagtailcore_grouppagepermission
    ADD CONSTRAINT wagtailcore_grouppageper_group_id_page_id_permiss_0898bdf8_uniq UNIQUE (group_id, page_id, permission_type);


--
-- Name: wagtailcore_grouppagepermission wagtailcore_grouppagepermission_pkey; Type: CONSTRAINT; Schema: public; Owner: zpatkydoma
--

ALTER TABLE ONLY wagtailcore_grouppagepermission
    ADD CONSTRAINT wagtailcore_grouppagepermission_pkey PRIMARY KEY (id);


--
-- Name: wagtailcore_page wagtailcore_page_path_key; Type: CONSTRAINT; Schema: public; Owner: zpatkydoma
--

ALTER TABLE ONLY wagtailcore_page
    ADD CONSTRAINT wagtailcore_page_path_key UNIQUE (path);


--
-- Name: wagtailcore_page wagtailcore_page_pkey; Type: CONSTRAINT; Schema: public; Owner: zpatkydoma
--

ALTER TABLE ONLY wagtailcore_page
    ADD CONSTRAINT wagtailcore_page_pkey PRIMARY KEY (id);


--
-- Name: wagtailcore_pagerevision wagtailcore_pagerevision_pkey; Type: CONSTRAINT; Schema: public; Owner: zpatkydoma
--

ALTER TABLE ONLY wagtailcore_pagerevision
    ADD CONSTRAINT wagtailcore_pagerevision_pkey PRIMARY KEY (id);


--
-- Name: wagtailcore_pageviewrestriction_groups wagtailcore_pageviewrest_pageviewrestriction_id_g_d23f80bb_uniq; Type: CONSTRAINT; Schema: public; Owner: zpatkydoma
--

ALTER TABLE ONLY wagtailcore_pageviewrestriction_groups
    ADD CONSTRAINT wagtailcore_pageviewrest_pageviewrestriction_id_g_d23f80bb_uniq UNIQUE (pageviewrestriction_id, group_id);


--
-- Name: wagtailcore_pageviewrestriction_groups wagtailcore_pageviewrestriction_groups_pkey; Type: CONSTRAINT; Schema: public; Owner: zpatkydoma
--

ALTER TABLE ONLY wagtailcore_pageviewrestriction_groups
    ADD CONSTRAINT wagtailcore_pageviewrestriction_groups_pkey PRIMARY KEY (id);


--
-- Name: wagtailcore_pageviewrestriction wagtailcore_pageviewrestriction_pkey; Type: CONSTRAINT; Schema: public; Owner: zpatkydoma
--

ALTER TABLE ONLY wagtailcore_pageviewrestriction
    ADD CONSTRAINT wagtailcore_pageviewrestriction_pkey PRIMARY KEY (id);


--
-- Name: wagtailcore_site wagtailcore_site_hostname_port_2c626d70_uniq; Type: CONSTRAINT; Schema: public; Owner: zpatkydoma
--

ALTER TABLE ONLY wagtailcore_site
    ADD CONSTRAINT wagtailcore_site_hostname_port_2c626d70_uniq UNIQUE (hostname, port);


--
-- Name: wagtailcore_site wagtailcore_site_pkey; Type: CONSTRAINT; Schema: public; Owner: zpatkydoma
--

ALTER TABLE ONLY wagtailcore_site
    ADD CONSTRAINT wagtailcore_site_pkey PRIMARY KEY (id);


--
-- Name: wagtaildocs_document wagtaildocs_document_pkey; Type: CONSTRAINT; Schema: public; Owner: zpatkydoma
--

ALTER TABLE ONLY wagtaildocs_document
    ADD CONSTRAINT wagtaildocs_document_pkey PRIMARY KEY (id);


--
-- Name: wagtailembeds_embed wagtailembeds_embed_pkey; Type: CONSTRAINT; Schema: public; Owner: zpatkydoma
--

ALTER TABLE ONLY wagtailembeds_embed
    ADD CONSTRAINT wagtailembeds_embed_pkey PRIMARY KEY (id);


--
-- Name: wagtailembeds_embed wagtailembeds_embed_url_max_width_8a2922d8_uniq; Type: CONSTRAINT; Schema: public; Owner: zpatkydoma
--

ALTER TABLE ONLY wagtailembeds_embed
    ADD CONSTRAINT wagtailembeds_embed_url_max_width_8a2922d8_uniq UNIQUE (url, max_width);


--
-- Name: wagtailforms_formsubmission wagtailforms_formsubmission_pkey; Type: CONSTRAINT; Schema: public; Owner: zpatkydoma
--

ALTER TABLE ONLY wagtailforms_formsubmission
    ADD CONSTRAINT wagtailforms_formsubmission_pkey PRIMARY KEY (id);


--
-- Name: wagtailimages_image wagtailimages_image_pkey; Type: CONSTRAINT; Schema: public; Owner: zpatkydoma
--

ALTER TABLE ONLY wagtailimages_image
    ADD CONSTRAINT wagtailimages_image_pkey PRIMARY KEY (id);


--
-- Name: wagtailimages_rendition wagtailimages_rendition_image_id_filter_spec_foc_323c8fe0_uniq; Type: CONSTRAINT; Schema: public; Owner: zpatkydoma
--

ALTER TABLE ONLY wagtailimages_rendition
    ADD CONSTRAINT wagtailimages_rendition_image_id_filter_spec_foc_323c8fe0_uniq UNIQUE (image_id, filter_spec, focal_point_key);


--
-- Name: wagtailimages_rendition wagtailimages_rendition_pkey; Type: CONSTRAINT; Schema: public; Owner: zpatkydoma
--

ALTER TABLE ONLY wagtailimages_rendition
    ADD CONSTRAINT wagtailimages_rendition_pkey PRIMARY KEY (id);


--
-- Name: wagtailredirects_redirect wagtailredirects_redirect_old_path_site_id_783622d7_uniq; Type: CONSTRAINT; Schema: public; Owner: zpatkydoma
--

ALTER TABLE ONLY wagtailredirects_redirect
    ADD CONSTRAINT wagtailredirects_redirect_old_path_site_id_783622d7_uniq UNIQUE (old_path, site_id);


--
-- Name: wagtailredirects_redirect wagtailredirects_redirect_pkey; Type: CONSTRAINT; Schema: public; Owner: zpatkydoma
--

ALTER TABLE ONLY wagtailredirects_redirect
    ADD CONSTRAINT wagtailredirects_redirect_pkey PRIMARY KEY (id);


--
-- Name: wagtailsearch_editorspick wagtailsearch_editorspick_pkey; Type: CONSTRAINT; Schema: public; Owner: zpatkydoma
--

ALTER TABLE ONLY wagtailsearch_editorspick
    ADD CONSTRAINT wagtailsearch_editorspick_pkey PRIMARY KEY (id);


--
-- Name: wagtailsearch_query wagtailsearch_query_pkey; Type: CONSTRAINT; Schema: public; Owner: zpatkydoma
--

ALTER TABLE ONLY wagtailsearch_query
    ADD CONSTRAINT wagtailsearch_query_pkey PRIMARY KEY (id);


--
-- Name: wagtailsearch_query wagtailsearch_query_query_string_key; Type: CONSTRAINT; Schema: public; Owner: zpatkydoma
--

ALTER TABLE ONLY wagtailsearch_query
    ADD CONSTRAINT wagtailsearch_query_query_string_key UNIQUE (query_string);


--
-- Name: wagtailsearch_querydailyhits wagtailsearch_querydailyhits_pkey; Type: CONSTRAINT; Schema: public; Owner: zpatkydoma
--

ALTER TABLE ONLY wagtailsearch_querydailyhits
    ADD CONSTRAINT wagtailsearch_querydailyhits_pkey PRIMARY KEY (id);


--
-- Name: wagtailsearch_querydailyhits wagtailsearch_querydailyhits_query_id_date_1dd232e6_uniq; Type: CONSTRAINT; Schema: public; Owner: zpatkydoma
--

ALTER TABLE ONLY wagtailsearch_querydailyhits
    ADD CONSTRAINT wagtailsearch_querydailyhits_query_id_date_1dd232e6_uniq UNIQUE (query_id, date);


--
-- Name: wagtailusers_userprofile wagtailusers_userprofile_pkey; Type: CONSTRAINT; Schema: public; Owner: zpatkydoma
--

ALTER TABLE ONLY wagtailusers_userprofile
    ADD CONSTRAINT wagtailusers_userprofile_pkey PRIMARY KEY (id);


--
-- Name: wagtailusers_userprofile wagtailusers_userprofile_user_id_key; Type: CONSTRAINT; Schema: public; Owner: zpatkydoma
--

ALTER TABLE ONLY wagtailusers_userprofile
    ADD CONSTRAINT wagtailusers_userprofile_user_id_key UNIQUE (user_id);


--
-- Name: auth_group_name_a6ea08ec_like; Type: INDEX; Schema: public; Owner: zpatkydoma
--

CREATE INDEX auth_group_name_a6ea08ec_like ON auth_group USING btree (name varchar_pattern_ops);


--
-- Name: auth_group_permissions_group_id_b120cbf9; Type: INDEX; Schema: public; Owner: zpatkydoma
--

CREATE INDEX auth_group_permissions_group_id_b120cbf9 ON auth_group_permissions USING btree (group_id);


--
-- Name: auth_group_permissions_permission_id_84c5c92e; Type: INDEX; Schema: public; Owner: zpatkydoma
--

CREATE INDEX auth_group_permissions_permission_id_84c5c92e ON auth_group_permissions USING btree (permission_id);


--
-- Name: auth_permission_content_type_id_2f476e4b; Type: INDEX; Schema: public; Owner: zpatkydoma
--

CREATE INDEX auth_permission_content_type_id_2f476e4b ON auth_permission USING btree (content_type_id);


--
-- Name: auth_user_groups_group_id_97559544; Type: INDEX; Schema: public; Owner: zpatkydoma
--

CREATE INDEX auth_user_groups_group_id_97559544 ON auth_user_groups USING btree (group_id);


--
-- Name: auth_user_groups_user_id_6a12ed8b; Type: INDEX; Schema: public; Owner: zpatkydoma
--

CREATE INDEX auth_user_groups_user_id_6a12ed8b ON auth_user_groups USING btree (user_id);


--
-- Name: auth_user_user_permissions_permission_id_1fbb5f2c; Type: INDEX; Schema: public; Owner: zpatkydoma
--

CREATE INDEX auth_user_user_permissions_permission_id_1fbb5f2c ON auth_user_user_permissions USING btree (permission_id);


--
-- Name: auth_user_user_permissions_user_id_a95ead1b; Type: INDEX; Schema: public; Owner: zpatkydoma
--

CREATE INDEX auth_user_user_permissions_user_id_a95ead1b ON auth_user_user_permissions USING btree (user_id);


--
-- Name: auth_user_username_6821ab7c_like; Type: INDEX; Schema: public; Owner: zpatkydoma
--

CREATE INDEX auth_user_username_6821ab7c_like ON auth_user USING btree (username varchar_pattern_ops);


--
-- Name: base_homepage_promo_page_id_71458f79; Type: INDEX; Schema: public; Owner: zpatkydoma
--

CREATE INDEX base_homepage_promo_page_id_71458f79 ON base_homepage USING btree (promo_page_id);


--
-- Name: blog_blogcategory_name_b5c23ee6_like; Type: INDEX; Schema: public; Owner: zpatkydoma
--

CREATE INDEX blog_blogcategory_name_b5c23ee6_like ON blog_blogcategory USING btree (name varchar_pattern_ops);


--
-- Name: blog_blogpage_category_id_01334446; Type: INDEX; Schema: public; Owner: zpatkydoma
--

CREATE INDEX blog_blogpage_category_id_01334446 ON blog_blogpage USING btree (category_id);


--
-- Name: blog_blogpage_image_id_a60e2e91; Type: INDEX; Schema: public; Owner: zpatkydoma
--

CREATE INDEX blog_blogpage_image_id_a60e2e91 ON blog_blogpage USING btree (image_id);


--
-- Name: blog_blogpagetag_content_object_id_0dc644d2; Type: INDEX; Schema: public; Owner: zpatkydoma
--

CREATE INDEX blog_blogpagetag_content_object_id_0dc644d2 ON blog_blogpagetag USING btree (content_object_id);


--
-- Name: blog_blogpagetag_tag_id_81dc0e5f; Type: INDEX; Schema: public; Owner: zpatkydoma
--

CREATE INDEX blog_blogpagetag_tag_id_81dc0e5f ON blog_blogpagetag USING btree (tag_id);


--
-- Name: blog_relatedpage_page_id_d9931bf9; Type: INDEX; Schema: public; Owner: zpatkydoma
--

CREATE INDEX blog_relatedpage_page_id_d9931bf9 ON blog_relatedpage USING btree (page_id);


--
-- Name: blog_relatedpage_related_page_id_8b993e34; Type: INDEX; Schema: public; Owner: zpatkydoma
--

CREATE INDEX blog_relatedpage_related_page_id_8b993e34 ON blog_relatedpage USING btree (related_page_id);


--
-- Name: django_admin_log_content_type_id_c4bce8eb; Type: INDEX; Schema: public; Owner: zpatkydoma
--

CREATE INDEX django_admin_log_content_type_id_c4bce8eb ON django_admin_log USING btree (content_type_id);


--
-- Name: django_admin_log_user_id_c564eba6; Type: INDEX; Schema: public; Owner: zpatkydoma
--

CREATE INDEX django_admin_log_user_id_c564eba6 ON django_admin_log USING btree (user_id);


--
-- Name: django_session_expire_date_a5c62663; Type: INDEX; Schema: public; Owner: zpatkydoma
--

CREATE INDEX django_session_expire_date_a5c62663 ON django_session USING btree (expire_date);


--
-- Name: django_session_session_key_c0390e0f_like; Type: INDEX; Schema: public; Owner: zpatkydoma
--

CREATE INDEX django_session_session_key_c0390e0f_like ON django_session USING btree (session_key varchar_pattern_ops);


--
-- Name: postgres_search_indexentry_body_search; Type: INDEX; Schema: public; Owner: zpatkydoma
--

CREATE INDEX postgres_search_indexentry_body_search ON postgres_search_indexentry USING gin (body_search);


--
-- Name: postgres_search_indexentry_content_type_id_d805086f; Type: INDEX; Schema: public; Owner: zpatkydoma
--

CREATE INDEX postgres_search_indexentry_content_type_id_d805086f ON postgres_search_indexentry USING btree (content_type_id);


--
-- Name: taggit_tag_name_58eb2ed9_like; Type: INDEX; Schema: public; Owner: zpatkydoma
--

CREATE INDEX taggit_tag_name_58eb2ed9_like ON taggit_tag USING btree (name varchar_pattern_ops);


--
-- Name: taggit_tag_slug_6be58b2c_like; Type: INDEX; Schema: public; Owner: zpatkydoma
--

CREATE INDEX taggit_tag_slug_6be58b2c_like ON taggit_tag USING btree (slug varchar_pattern_ops);


--
-- Name: taggit_taggeditem_content_type_id_9957a03c; Type: INDEX; Schema: public; Owner: zpatkydoma
--

CREATE INDEX taggit_taggeditem_content_type_id_9957a03c ON taggit_taggeditem USING btree (content_type_id);


--
-- Name: taggit_taggeditem_content_type_id_object_id_196cc965_idx; Type: INDEX; Schema: public; Owner: zpatkydoma
--

CREATE INDEX taggit_taggeditem_content_type_id_object_id_196cc965_idx ON taggit_taggeditem USING btree (content_type_id, object_id);


--
-- Name: taggit_taggeditem_object_id_e2d7d1df; Type: INDEX; Schema: public; Owner: zpatkydoma
--

CREATE INDEX taggit_taggeditem_object_id_e2d7d1df ON taggit_taggeditem USING btree (object_id);


--
-- Name: taggit_taggeditem_tag_id_f4f5b767; Type: INDEX; Schema: public; Owner: zpatkydoma
--

CREATE INDEX taggit_taggeditem_tag_id_f4f5b767 ON taggit_taggeditem USING btree (tag_id);


--
-- Name: wagtailcore_collection_path_d848dc19_like; Type: INDEX; Schema: public; Owner: zpatkydoma
--

CREATE INDEX wagtailcore_collection_path_d848dc19_like ON wagtailcore_collection USING btree (path varchar_pattern_ops);


--
-- Name: wagtailcore_collectionview_collectionviewrestriction__47320efd; Type: INDEX; Schema: public; Owner: zpatkydoma
--

CREATE INDEX wagtailcore_collectionview_collectionviewrestriction__47320efd ON wagtailcore_collectionviewrestriction_groups USING btree (collectionviewrestriction_id);


--
-- Name: wagtailcore_collectionviewrestriction_collection_id_761908ec; Type: INDEX; Schema: public; Owner: zpatkydoma
--

CREATE INDEX wagtailcore_collectionviewrestriction_collection_id_761908ec ON wagtailcore_collectionviewrestriction USING btree (collection_id);


--
-- Name: wagtailcore_collectionviewrestriction_groups_group_id_1823f2a3; Type: INDEX; Schema: public; Owner: zpatkydoma
--

CREATE INDEX wagtailcore_collectionviewrestriction_groups_group_id_1823f2a3 ON wagtailcore_collectionviewrestriction_groups USING btree (group_id);


--
-- Name: wagtailcore_groupcollectionpermission_collection_id_5423575a; Type: INDEX; Schema: public; Owner: zpatkydoma
--

CREATE INDEX wagtailcore_groupcollectionpermission_collection_id_5423575a ON wagtailcore_groupcollectionpermission USING btree (collection_id);


--
-- Name: wagtailcore_groupcollectionpermission_group_id_05d61460; Type: INDEX; Schema: public; Owner: zpatkydoma
--

CREATE INDEX wagtailcore_groupcollectionpermission_group_id_05d61460 ON wagtailcore_groupcollectionpermission USING btree (group_id);


--
-- Name: wagtailcore_groupcollectionpermission_permission_id_1b626275; Type: INDEX; Schema: public; Owner: zpatkydoma
--

CREATE INDEX wagtailcore_groupcollectionpermission_permission_id_1b626275 ON wagtailcore_groupcollectionpermission USING btree (permission_id);


--
-- Name: wagtailcore_grouppagepermission_group_id_fc07e671; Type: INDEX; Schema: public; Owner: zpatkydoma
--

CREATE INDEX wagtailcore_grouppagepermission_group_id_fc07e671 ON wagtailcore_grouppagepermission USING btree (group_id);


--
-- Name: wagtailcore_grouppagepermission_page_id_710b114a; Type: INDEX; Schema: public; Owner: zpatkydoma
--

CREATE INDEX wagtailcore_grouppagepermission_page_id_710b114a ON wagtailcore_grouppagepermission USING btree (page_id);


--
-- Name: wagtailcore_page_content_type_id_c28424df; Type: INDEX; Schema: public; Owner: zpatkydoma
--

CREATE INDEX wagtailcore_page_content_type_id_c28424df ON wagtailcore_page USING btree (content_type_id);


--
-- Name: wagtailcore_page_first_published_at_2b5dd637; Type: INDEX; Schema: public; Owner: zpatkydoma
--

CREATE INDEX wagtailcore_page_first_published_at_2b5dd637 ON wagtailcore_page USING btree (first_published_at);


--
-- Name: wagtailcore_page_live_revision_id_930bd822; Type: INDEX; Schema: public; Owner: zpatkydoma
--

CREATE INDEX wagtailcore_page_live_revision_id_930bd822 ON wagtailcore_page USING btree (live_revision_id);


--
-- Name: wagtailcore_page_owner_id_fbf7c332; Type: INDEX; Schema: public; Owner: zpatkydoma
--

CREATE INDEX wagtailcore_page_owner_id_fbf7c332 ON wagtailcore_page USING btree (owner_id);


--
-- Name: wagtailcore_page_path_98eba2c8_like; Type: INDEX; Schema: public; Owner: zpatkydoma
--

CREATE INDEX wagtailcore_page_path_98eba2c8_like ON wagtailcore_page USING btree (path varchar_pattern_ops);


--
-- Name: wagtailcore_page_slug_e7c11b8f; Type: INDEX; Schema: public; Owner: zpatkydoma
--

CREATE INDEX wagtailcore_page_slug_e7c11b8f ON wagtailcore_page USING btree (slug);


--
-- Name: wagtailcore_page_slug_e7c11b8f_like; Type: INDEX; Schema: public; Owner: zpatkydoma
--

CREATE INDEX wagtailcore_page_slug_e7c11b8f_like ON wagtailcore_page USING btree (slug varchar_pattern_ops);


--
-- Name: wagtailcore_pagerevision_created_at_66954e3b; Type: INDEX; Schema: public; Owner: zpatkydoma
--

CREATE INDEX wagtailcore_pagerevision_created_at_66954e3b ON wagtailcore_pagerevision USING btree (created_at);


--
-- Name: wagtailcore_pagerevision_page_id_d421cc1d; Type: INDEX; Schema: public; Owner: zpatkydoma
--

CREATE INDEX wagtailcore_pagerevision_page_id_d421cc1d ON wagtailcore_pagerevision USING btree (page_id);


--
-- Name: wagtailcore_pagerevision_submitted_for_moderation_c682e44c; Type: INDEX; Schema: public; Owner: zpatkydoma
--

CREATE INDEX wagtailcore_pagerevision_submitted_for_moderation_c682e44c ON wagtailcore_pagerevision USING btree (submitted_for_moderation);


--
-- Name: wagtailcore_pagerevision_user_id_2409d2f4; Type: INDEX; Schema: public; Owner: zpatkydoma
--

CREATE INDEX wagtailcore_pagerevision_user_id_2409d2f4 ON wagtailcore_pagerevision USING btree (user_id);


--
-- Name: wagtailcore_pageviewrestri_pageviewrestriction_id_f147a99a; Type: INDEX; Schema: public; Owner: zpatkydoma
--

CREATE INDEX wagtailcore_pageviewrestri_pageviewrestriction_id_f147a99a ON wagtailcore_pageviewrestriction_groups USING btree (pageviewrestriction_id);


--
-- Name: wagtailcore_pageviewrestriction_groups_group_id_6460f223; Type: INDEX; Schema: public; Owner: zpatkydoma
--

CREATE INDEX wagtailcore_pageviewrestriction_groups_group_id_6460f223 ON wagtailcore_pageviewrestriction_groups USING btree (group_id);


--
-- Name: wagtailcore_pageviewrestriction_page_id_15a8bea6; Type: INDEX; Schema: public; Owner: zpatkydoma
--

CREATE INDEX wagtailcore_pageviewrestriction_page_id_15a8bea6 ON wagtailcore_pageviewrestriction USING btree (page_id);


--
-- Name: wagtailcore_site_hostname_96b20b46; Type: INDEX; Schema: public; Owner: zpatkydoma
--

CREATE INDEX wagtailcore_site_hostname_96b20b46 ON wagtailcore_site USING btree (hostname);


--
-- Name: wagtailcore_site_hostname_96b20b46_like; Type: INDEX; Schema: public; Owner: zpatkydoma
--

CREATE INDEX wagtailcore_site_hostname_96b20b46_like ON wagtailcore_site USING btree (hostname varchar_pattern_ops);


--
-- Name: wagtailcore_site_root_page_id_e02fb95c; Type: INDEX; Schema: public; Owner: zpatkydoma
--

CREATE INDEX wagtailcore_site_root_page_id_e02fb95c ON wagtailcore_site USING btree (root_page_id);


--
-- Name: wagtaildocs_document_collection_id_23881625; Type: INDEX; Schema: public; Owner: zpatkydoma
--

CREATE INDEX wagtaildocs_document_collection_id_23881625 ON wagtaildocs_document USING btree (collection_id);


--
-- Name: wagtaildocs_document_uploaded_by_user_id_17258b41; Type: INDEX; Schema: public; Owner: zpatkydoma
--

CREATE INDEX wagtaildocs_document_uploaded_by_user_id_17258b41 ON wagtaildocs_document USING btree (uploaded_by_user_id);


--
-- Name: wagtailforms_formsubmission_page_id_e48e93e7; Type: INDEX; Schema: public; Owner: zpatkydoma
--

CREATE INDEX wagtailforms_formsubmission_page_id_e48e93e7 ON wagtailforms_formsubmission USING btree (page_id);


--
-- Name: wagtailimages_image_collection_id_c2f8af7e; Type: INDEX; Schema: public; Owner: zpatkydoma
--

CREATE INDEX wagtailimages_image_collection_id_c2f8af7e ON wagtailimages_image USING btree (collection_id);


--
-- Name: wagtailimages_image_created_at_86fa6cd4; Type: INDEX; Schema: public; Owner: zpatkydoma
--

CREATE INDEX wagtailimages_image_created_at_86fa6cd4 ON wagtailimages_image USING btree (created_at);


--
-- Name: wagtailimages_image_uploaded_by_user_id_5d73dc75; Type: INDEX; Schema: public; Owner: zpatkydoma
--

CREATE INDEX wagtailimages_image_uploaded_by_user_id_5d73dc75 ON wagtailimages_image USING btree (uploaded_by_user_id);


--
-- Name: wagtailimages_rendition_filter_spec_1cba3201; Type: INDEX; Schema: public; Owner: zpatkydoma
--

CREATE INDEX wagtailimages_rendition_filter_spec_1cba3201 ON wagtailimages_rendition USING btree (filter_spec);


--
-- Name: wagtailimages_rendition_filter_spec_1cba3201_like; Type: INDEX; Schema: public; Owner: zpatkydoma
--

CREATE INDEX wagtailimages_rendition_filter_spec_1cba3201_like ON wagtailimages_rendition USING btree (filter_spec varchar_pattern_ops);


--
-- Name: wagtailimages_rendition_image_id_3e1fd774; Type: INDEX; Schema: public; Owner: zpatkydoma
--

CREATE INDEX wagtailimages_rendition_image_id_3e1fd774 ON wagtailimages_rendition USING btree (image_id);


--
-- Name: wagtailredirects_redirect_old_path_bb35247b; Type: INDEX; Schema: public; Owner: zpatkydoma
--

CREATE INDEX wagtailredirects_redirect_old_path_bb35247b ON wagtailredirects_redirect USING btree (old_path);


--
-- Name: wagtailredirects_redirect_old_path_bb35247b_like; Type: INDEX; Schema: public; Owner: zpatkydoma
--

CREATE INDEX wagtailredirects_redirect_old_path_bb35247b_like ON wagtailredirects_redirect USING btree (old_path varchar_pattern_ops);


--
-- Name: wagtailredirects_redirect_redirect_page_id_b5728a8f; Type: INDEX; Schema: public; Owner: zpatkydoma
--

CREATE INDEX wagtailredirects_redirect_redirect_page_id_b5728a8f ON wagtailredirects_redirect USING btree (redirect_page_id);


--
-- Name: wagtailredirects_redirect_site_id_780a0e1e; Type: INDEX; Schema: public; Owner: zpatkydoma
--

CREATE INDEX wagtailredirects_redirect_site_id_780a0e1e ON wagtailredirects_redirect USING btree (site_id);


--
-- Name: wagtailsearch_editorspick_page_id_28cbc274; Type: INDEX; Schema: public; Owner: zpatkydoma
--

CREATE INDEX wagtailsearch_editorspick_page_id_28cbc274 ON wagtailsearch_editorspick USING btree (page_id);


--
-- Name: wagtailsearch_editorspick_query_id_c6eee4a0; Type: INDEX; Schema: public; Owner: zpatkydoma
--

CREATE INDEX wagtailsearch_editorspick_query_id_c6eee4a0 ON wagtailsearch_editorspick USING btree (query_id);


--
-- Name: wagtailsearch_query_query_string_e785ea07_like; Type: INDEX; Schema: public; Owner: zpatkydoma
--

CREATE INDEX wagtailsearch_query_query_string_e785ea07_like ON wagtailsearch_query USING btree (query_string varchar_pattern_ops);


--
-- Name: wagtailsearch_querydailyhits_query_id_2185994b; Type: INDEX; Schema: public; Owner: zpatkydoma
--

CREATE INDEX wagtailsearch_querydailyhits_query_id_2185994b ON wagtailsearch_querydailyhits USING btree (query_id);


--
-- Name: auth_group_permissions auth_group_permissio_permission_id_84c5c92e_fk_auth_perm; Type: FK CONSTRAINT; Schema: public; Owner: zpatkydoma
--

ALTER TABLE ONLY auth_group_permissions
    ADD CONSTRAINT auth_group_permissio_permission_id_84c5c92e_fk_auth_perm FOREIGN KEY (permission_id) REFERENCES auth_permission(id) DEFERRABLE INITIALLY DEFERRED;


--
-- Name: auth_group_permissions auth_group_permissions_group_id_b120cbf9_fk_auth_group_id; Type: FK CONSTRAINT; Schema: public; Owner: zpatkydoma
--

ALTER TABLE ONLY auth_group_permissions
    ADD CONSTRAINT auth_group_permissions_group_id_b120cbf9_fk_auth_group_id FOREIGN KEY (group_id) REFERENCES auth_group(id) DEFERRABLE INITIALLY DEFERRED;


--
-- Name: auth_permission auth_permission_content_type_id_2f476e4b_fk_django_co; Type: FK CONSTRAINT; Schema: public; Owner: zpatkydoma
--

ALTER TABLE ONLY auth_permission
    ADD CONSTRAINT auth_permission_content_type_id_2f476e4b_fk_django_co FOREIGN KEY (content_type_id) REFERENCES django_content_type(id) DEFERRABLE INITIALLY DEFERRED;


--
-- Name: auth_user_groups auth_user_groups_group_id_97559544_fk_auth_group_id; Type: FK CONSTRAINT; Schema: public; Owner: zpatkydoma
--

ALTER TABLE ONLY auth_user_groups
    ADD CONSTRAINT auth_user_groups_group_id_97559544_fk_auth_group_id FOREIGN KEY (group_id) REFERENCES auth_group(id) DEFERRABLE INITIALLY DEFERRED;


--
-- Name: auth_user_groups auth_user_groups_user_id_6a12ed8b_fk_auth_user_id; Type: FK CONSTRAINT; Schema: public; Owner: zpatkydoma
--

ALTER TABLE ONLY auth_user_groups
    ADD CONSTRAINT auth_user_groups_user_id_6a12ed8b_fk_auth_user_id FOREIGN KEY (user_id) REFERENCES auth_user(id) DEFERRABLE INITIALLY DEFERRED;


--
-- Name: auth_user_user_permissions auth_user_user_permi_permission_id_1fbb5f2c_fk_auth_perm; Type: FK CONSTRAINT; Schema: public; Owner: zpatkydoma
--

ALTER TABLE ONLY auth_user_user_permissions
    ADD CONSTRAINT auth_user_user_permi_permission_id_1fbb5f2c_fk_auth_perm FOREIGN KEY (permission_id) REFERENCES auth_permission(id) DEFERRABLE INITIALLY DEFERRED;


--
-- Name: auth_user_user_permissions auth_user_user_permissions_user_id_a95ead1b_fk_auth_user_id; Type: FK CONSTRAINT; Schema: public; Owner: zpatkydoma
--

ALTER TABLE ONLY auth_user_user_permissions
    ADD CONSTRAINT auth_user_user_permissions_user_id_a95ead1b_fk_auth_user_id FOREIGN KEY (user_id) REFERENCES auth_user(id) DEFERRABLE INITIALLY DEFERRED;


--
-- Name: base_homepage base_homepage_page_ptr_id_35a5077a_fk_wagtailcore_page_id; Type: FK CONSTRAINT; Schema: public; Owner: zpatkydoma
--

ALTER TABLE ONLY base_homepage
    ADD CONSTRAINT base_homepage_page_ptr_id_35a5077a_fk_wagtailcore_page_id FOREIGN KEY (page_ptr_id) REFERENCES wagtailcore_page(id) DEFERRABLE INITIALLY DEFERRED;


--
-- Name: base_homepage base_homepage_promo_page_id_71458f79_fk_wagtailcore_page_id; Type: FK CONSTRAINT; Schema: public; Owner: zpatkydoma
--

ALTER TABLE ONLY base_homepage
    ADD CONSTRAINT base_homepage_promo_page_id_71458f79_fk_wagtailcore_page_id FOREIGN KEY (promo_page_id) REFERENCES wagtailcore_page(id) DEFERRABLE INITIALLY DEFERRED;


--
-- Name: base_socialmediasettings base_socialmediasett_site_id_c4fefbb9_fk_wagtailco; Type: FK CONSTRAINT; Schema: public; Owner: zpatkydoma
--

ALTER TABLE ONLY base_socialmediasettings
    ADD CONSTRAINT base_socialmediasett_site_id_c4fefbb9_fk_wagtailco FOREIGN KEY (site_id) REFERENCES wagtailcore_site(id) DEFERRABLE INITIALLY DEFERRED;


--
-- Name: base_standardpage base_standardpage_page_ptr_id_1fc719cf_fk_wagtailcore_page_id; Type: FK CONSTRAINT; Schema: public; Owner: zpatkydoma
--

ALTER TABLE ONLY base_standardpage
    ADD CONSTRAINT base_standardpage_page_ptr_id_1fc719cf_fk_wagtailcore_page_id FOREIGN KEY (page_ptr_id) REFERENCES wagtailcore_page(id) DEFERRABLE INITIALLY DEFERRED;


--
-- Name: blog_bloglistpage blog_bloglistpage_page_ptr_id_b2de5ac1_fk_wagtailcore_page_id; Type: FK CONSTRAINT; Schema: public; Owner: zpatkydoma
--

ALTER TABLE ONLY blog_bloglistpage
    ADD CONSTRAINT blog_bloglistpage_page_ptr_id_b2de5ac1_fk_wagtailcore_page_id FOREIGN KEY (page_ptr_id) REFERENCES wagtailcore_page(id) DEFERRABLE INITIALLY DEFERRED;


--
-- Name: blog_blogpage blog_blogpage_category_id_01334446_fk_blog_blogcategory_id; Type: FK CONSTRAINT; Schema: public; Owner: zpatkydoma
--

ALTER TABLE ONLY blog_blogpage
    ADD CONSTRAINT blog_blogpage_category_id_01334446_fk_blog_blogcategory_id FOREIGN KEY (category_id) REFERENCES blog_blogcategory(id) DEFERRABLE INITIALLY DEFERRED;


--
-- Name: blog_blogpage blog_blogpage_image_id_a60e2e91_fk_wagtailimages_image_id; Type: FK CONSTRAINT; Schema: public; Owner: zpatkydoma
--

ALTER TABLE ONLY blog_blogpage
    ADD CONSTRAINT blog_blogpage_image_id_a60e2e91_fk_wagtailimages_image_id FOREIGN KEY (image_id) REFERENCES wagtailimages_image(id) DEFERRABLE INITIALLY DEFERRED;


--
-- Name: blog_blogpage blog_blogpage_page_ptr_id_1d78e2b7_fk_wagtailcore_page_id; Type: FK CONSTRAINT; Schema: public; Owner: zpatkydoma
--

ALTER TABLE ONLY blog_blogpage
    ADD CONSTRAINT blog_blogpage_page_ptr_id_1d78e2b7_fk_wagtailcore_page_id FOREIGN KEY (page_ptr_id) REFERENCES wagtailcore_page(id) DEFERRABLE INITIALLY DEFERRED;


--
-- Name: blog_blogpagetag blog_blogpagetag_content_object_id_0dc644d2_fk_blog_blog; Type: FK CONSTRAINT; Schema: public; Owner: zpatkydoma
--

ALTER TABLE ONLY blog_blogpagetag
    ADD CONSTRAINT blog_blogpagetag_content_object_id_0dc644d2_fk_blog_blog FOREIGN KEY (content_object_id) REFERENCES blog_blogpage(page_ptr_id) DEFERRABLE INITIALLY DEFERRED;


--
-- Name: blog_blogpagetag blog_blogpagetag_tag_id_81dc0e5f_fk_taggit_tag_id; Type: FK CONSTRAINT; Schema: public; Owner: zpatkydoma
--

ALTER TABLE ONLY blog_blogpagetag
    ADD CONSTRAINT blog_blogpagetag_tag_id_81dc0e5f_fk_taggit_tag_id FOREIGN KEY (tag_id) REFERENCES taggit_tag(id) DEFERRABLE INITIALLY DEFERRED;


--
-- Name: blog_blogtagpage blog_blogtagpage_page_ptr_id_6bbbbcbf_fk_wagtailcore_page_id; Type: FK CONSTRAINT; Schema: public; Owner: zpatkydoma
--

ALTER TABLE ONLY blog_blogtagpage
    ADD CONSTRAINT blog_blogtagpage_page_ptr_id_6bbbbcbf_fk_wagtailcore_page_id FOREIGN KEY (page_ptr_id) REFERENCES wagtailcore_page(id) DEFERRABLE INITIALLY DEFERRED;


--
-- Name: blog_relatedpage blog_relatedpage_page_id_d9931bf9_fk_blog_blogpage_page_ptr_id; Type: FK CONSTRAINT; Schema: public; Owner: zpatkydoma
--

ALTER TABLE ONLY blog_relatedpage
    ADD CONSTRAINT blog_relatedpage_page_id_d9931bf9_fk_blog_blogpage_page_ptr_id FOREIGN KEY (page_id) REFERENCES blog_blogpage(page_ptr_id) DEFERRABLE INITIALLY DEFERRED;


--
-- Name: blog_relatedpage blog_relatedpage_related_page_id_8b993e34_fk_wagtailco; Type: FK CONSTRAINT; Schema: public; Owner: zpatkydoma
--

ALTER TABLE ONLY blog_relatedpage
    ADD CONSTRAINT blog_relatedpage_related_page_id_8b993e34_fk_wagtailco FOREIGN KEY (related_page_id) REFERENCES wagtailcore_page(id) DEFERRABLE INITIALLY DEFERRED;


--
-- Name: django_admin_log django_admin_log_content_type_id_c4bce8eb_fk_django_co; Type: FK CONSTRAINT; Schema: public; Owner: zpatkydoma
--

ALTER TABLE ONLY django_admin_log
    ADD CONSTRAINT django_admin_log_content_type_id_c4bce8eb_fk_django_co FOREIGN KEY (content_type_id) REFERENCES django_content_type(id) DEFERRABLE INITIALLY DEFERRED;


--
-- Name: django_admin_log django_admin_log_user_id_c564eba6_fk; Type: FK CONSTRAINT; Schema: public; Owner: zpatkydoma
--

ALTER TABLE ONLY django_admin_log
    ADD CONSTRAINT django_admin_log_user_id_c564eba6_fk FOREIGN KEY (user_id) REFERENCES auth_user(id) DEFERRABLE INITIALLY DEFERRED;


--
-- Name: postgres_search_indexentry postgres_search_inde_content_type_id_d805086f_fk_django_co; Type: FK CONSTRAINT; Schema: public; Owner: zpatkydoma
--

ALTER TABLE ONLY postgres_search_indexentry
    ADD CONSTRAINT postgres_search_inde_content_type_id_d805086f_fk_django_co FOREIGN KEY (content_type_id) REFERENCES django_content_type(id) DEFERRABLE INITIALLY DEFERRED;


--
-- Name: taggit_taggeditem taggit_taggeditem_content_type_id_9957a03c_fk_django_co; Type: FK CONSTRAINT; Schema: public; Owner: zpatkydoma
--

ALTER TABLE ONLY taggit_taggeditem
    ADD CONSTRAINT taggit_taggeditem_content_type_id_9957a03c_fk_django_co FOREIGN KEY (content_type_id) REFERENCES django_content_type(id) DEFERRABLE INITIALLY DEFERRED;


--
-- Name: taggit_taggeditem taggit_taggeditem_tag_id_f4f5b767_fk_taggit_tag_id; Type: FK CONSTRAINT; Schema: public; Owner: zpatkydoma
--

ALTER TABLE ONLY taggit_taggeditem
    ADD CONSTRAINT taggit_taggeditem_tag_id_f4f5b767_fk_taggit_tag_id FOREIGN KEY (tag_id) REFERENCES taggit_tag(id) DEFERRABLE INITIALLY DEFERRED;


--
-- Name: wagtailcore_collectionviewrestriction wagtailcore_collecti_collection_id_761908ec_fk_wagtailco; Type: FK CONSTRAINT; Schema: public; Owner: zpatkydoma
--

ALTER TABLE ONLY wagtailcore_collectionviewrestriction
    ADD CONSTRAINT wagtailcore_collecti_collection_id_761908ec_fk_wagtailco FOREIGN KEY (collection_id) REFERENCES wagtailcore_collection(id) DEFERRABLE INITIALLY DEFERRED;


--
-- Name: wagtailcore_collectionviewrestriction_groups wagtailcore_collecti_collectionviewrestri_47320efd_fk_wagtailco; Type: FK CONSTRAINT; Schema: public; Owner: zpatkydoma
--

ALTER TABLE ONLY wagtailcore_collectionviewrestriction_groups
    ADD CONSTRAINT wagtailcore_collecti_collectionviewrestri_47320efd_fk_wagtailco FOREIGN KEY (collectionviewrestriction_id) REFERENCES wagtailcore_collectionviewrestriction(id) DEFERRABLE INITIALLY DEFERRED;


--
-- Name: wagtailcore_collectionviewrestriction_groups wagtailcore_collecti_group_id_1823f2a3_fk_auth_grou; Type: FK CONSTRAINT; Schema: public; Owner: zpatkydoma
--

ALTER TABLE ONLY wagtailcore_collectionviewrestriction_groups
    ADD CONSTRAINT wagtailcore_collecti_group_id_1823f2a3_fk_auth_grou FOREIGN KEY (group_id) REFERENCES auth_group(id) DEFERRABLE INITIALLY DEFERRED;


--
-- Name: wagtailcore_groupcollectionpermission wagtailcore_groupcol_collection_id_5423575a_fk_wagtailco; Type: FK CONSTRAINT; Schema: public; Owner: zpatkydoma
--

ALTER TABLE ONLY wagtailcore_groupcollectionpermission
    ADD CONSTRAINT wagtailcore_groupcol_collection_id_5423575a_fk_wagtailco FOREIGN KEY (collection_id) REFERENCES wagtailcore_collection(id) DEFERRABLE INITIALLY DEFERRED;


--
-- Name: wagtailcore_groupcollectionpermission wagtailcore_groupcol_group_id_05d61460_fk_auth_grou; Type: FK CONSTRAINT; Schema: public; Owner: zpatkydoma
--

ALTER TABLE ONLY wagtailcore_groupcollectionpermission
    ADD CONSTRAINT wagtailcore_groupcol_group_id_05d61460_fk_auth_grou FOREIGN KEY (group_id) REFERENCES auth_group(id) DEFERRABLE INITIALLY DEFERRED;


--
-- Name: wagtailcore_groupcollectionpermission wagtailcore_groupcol_permission_id_1b626275_fk_auth_perm; Type: FK CONSTRAINT; Schema: public; Owner: zpatkydoma
--

ALTER TABLE ONLY wagtailcore_groupcollectionpermission
    ADD CONSTRAINT wagtailcore_groupcol_permission_id_1b626275_fk_auth_perm FOREIGN KEY (permission_id) REFERENCES auth_permission(id) DEFERRABLE INITIALLY DEFERRED;


--
-- Name: wagtailcore_grouppagepermission wagtailcore_grouppag_group_id_fc07e671_fk_auth_grou; Type: FK CONSTRAINT; Schema: public; Owner: zpatkydoma
--

ALTER TABLE ONLY wagtailcore_grouppagepermission
    ADD CONSTRAINT wagtailcore_grouppag_group_id_fc07e671_fk_auth_grou FOREIGN KEY (group_id) REFERENCES auth_group(id) DEFERRABLE INITIALLY DEFERRED;


--
-- Name: wagtailcore_grouppagepermission wagtailcore_grouppag_page_id_710b114a_fk_wagtailco; Type: FK CONSTRAINT; Schema: public; Owner: zpatkydoma
--

ALTER TABLE ONLY wagtailcore_grouppagepermission
    ADD CONSTRAINT wagtailcore_grouppag_page_id_710b114a_fk_wagtailco FOREIGN KEY (page_id) REFERENCES wagtailcore_page(id) DEFERRABLE INITIALLY DEFERRED;


--
-- Name: wagtailcore_page wagtailcore_page_content_type_id_c28424df_fk_django_co; Type: FK CONSTRAINT; Schema: public; Owner: zpatkydoma
--

ALTER TABLE ONLY wagtailcore_page
    ADD CONSTRAINT wagtailcore_page_content_type_id_c28424df_fk_django_co FOREIGN KEY (content_type_id) REFERENCES django_content_type(id) DEFERRABLE INITIALLY DEFERRED;


--
-- Name: wagtailcore_page wagtailcore_page_live_revision_id_930bd822_fk_wagtailco; Type: FK CONSTRAINT; Schema: public; Owner: zpatkydoma
--

ALTER TABLE ONLY wagtailcore_page
    ADD CONSTRAINT wagtailcore_page_live_revision_id_930bd822_fk_wagtailco FOREIGN KEY (live_revision_id) REFERENCES wagtailcore_pagerevision(id) DEFERRABLE INITIALLY DEFERRED;


--
-- Name: wagtailcore_page wagtailcore_page_owner_id_fbf7c332_fk_auth_user_id; Type: FK CONSTRAINT; Schema: public; Owner: zpatkydoma
--

ALTER TABLE ONLY wagtailcore_page
    ADD CONSTRAINT wagtailcore_page_owner_id_fbf7c332_fk_auth_user_id FOREIGN KEY (owner_id) REFERENCES auth_user(id) DEFERRABLE INITIALLY DEFERRED;


--
-- Name: wagtailcore_pagerevision wagtailcore_pagerevi_page_id_d421cc1d_fk_wagtailco; Type: FK CONSTRAINT; Schema: public; Owner: zpatkydoma
--

ALTER TABLE ONLY wagtailcore_pagerevision
    ADD CONSTRAINT wagtailcore_pagerevi_page_id_d421cc1d_fk_wagtailco FOREIGN KEY (page_id) REFERENCES wagtailcore_page(id) DEFERRABLE INITIALLY DEFERRED;


--
-- Name: wagtailcore_pagerevision wagtailcore_pagerevision_user_id_2409d2f4_fk_auth_user_id; Type: FK CONSTRAINT; Schema: public; Owner: zpatkydoma
--

ALTER TABLE ONLY wagtailcore_pagerevision
    ADD CONSTRAINT wagtailcore_pagerevision_user_id_2409d2f4_fk_auth_user_id FOREIGN KEY (user_id) REFERENCES auth_user(id) DEFERRABLE INITIALLY DEFERRED;


--
-- Name: wagtailcore_pageviewrestriction_groups wagtailcore_pageview_group_id_6460f223_fk_auth_grou; Type: FK CONSTRAINT; Schema: public; Owner: zpatkydoma
--

ALTER TABLE ONLY wagtailcore_pageviewrestriction_groups
    ADD CONSTRAINT wagtailcore_pageview_group_id_6460f223_fk_auth_grou FOREIGN KEY (group_id) REFERENCES auth_group(id) DEFERRABLE INITIALLY DEFERRED;


--
-- Name: wagtailcore_pageviewrestriction wagtailcore_pageview_page_id_15a8bea6_fk_wagtailco; Type: FK CONSTRAINT; Schema: public; Owner: zpatkydoma
--

ALTER TABLE ONLY wagtailcore_pageviewrestriction
    ADD CONSTRAINT wagtailcore_pageview_page_id_15a8bea6_fk_wagtailco FOREIGN KEY (page_id) REFERENCES wagtailcore_page(id) DEFERRABLE INITIALLY DEFERRED;


--
-- Name: wagtailcore_pageviewrestriction_groups wagtailcore_pageview_pageviewrestriction__f147a99a_fk_wagtailco; Type: FK CONSTRAINT; Schema: public; Owner: zpatkydoma
--

ALTER TABLE ONLY wagtailcore_pageviewrestriction_groups
    ADD CONSTRAINT wagtailcore_pageview_pageviewrestriction__f147a99a_fk_wagtailco FOREIGN KEY (pageviewrestriction_id) REFERENCES wagtailcore_pageviewrestriction(id) DEFERRABLE INITIALLY DEFERRED;


--
-- Name: wagtailcore_site wagtailcore_site_root_page_id_e02fb95c_fk_wagtailcore_page_id; Type: FK CONSTRAINT; Schema: public; Owner: zpatkydoma
--

ALTER TABLE ONLY wagtailcore_site
    ADD CONSTRAINT wagtailcore_site_root_page_id_e02fb95c_fk_wagtailcore_page_id FOREIGN KEY (root_page_id) REFERENCES wagtailcore_page(id) DEFERRABLE INITIALLY DEFERRED;


--
-- Name: wagtaildocs_document wagtaildocs_document_collection_id_23881625_fk_wagtailco; Type: FK CONSTRAINT; Schema: public; Owner: zpatkydoma
--

ALTER TABLE ONLY wagtaildocs_document
    ADD CONSTRAINT wagtaildocs_document_collection_id_23881625_fk_wagtailco FOREIGN KEY (collection_id) REFERENCES wagtailcore_collection(id) DEFERRABLE INITIALLY DEFERRED;


--
-- Name: wagtaildocs_document wagtaildocs_document_uploaded_by_user_id_17258b41_fk_auth_user; Type: FK CONSTRAINT; Schema: public; Owner: zpatkydoma
--

ALTER TABLE ONLY wagtaildocs_document
    ADD CONSTRAINT wagtaildocs_document_uploaded_by_user_id_17258b41_fk_auth_user FOREIGN KEY (uploaded_by_user_id) REFERENCES auth_user(id) DEFERRABLE INITIALLY DEFERRED;


--
-- Name: wagtailforms_formsubmission wagtailforms_formsub_page_id_e48e93e7_fk_wagtailco; Type: FK CONSTRAINT; Schema: public; Owner: zpatkydoma
--

ALTER TABLE ONLY wagtailforms_formsubmission
    ADD CONSTRAINT wagtailforms_formsub_page_id_e48e93e7_fk_wagtailco FOREIGN KEY (page_id) REFERENCES wagtailcore_page(id) DEFERRABLE INITIALLY DEFERRED;


--
-- Name: wagtailimages_image wagtailimages_image_collection_id_c2f8af7e_fk_wagtailco; Type: FK CONSTRAINT; Schema: public; Owner: zpatkydoma
--

ALTER TABLE ONLY wagtailimages_image
    ADD CONSTRAINT wagtailimages_image_collection_id_c2f8af7e_fk_wagtailco FOREIGN KEY (collection_id) REFERENCES wagtailcore_collection(id) DEFERRABLE INITIALLY DEFERRED;


--
-- Name: wagtailimages_image wagtailimages_image_uploaded_by_user_id_5d73dc75_fk_auth_user; Type: FK CONSTRAINT; Schema: public; Owner: zpatkydoma
--

ALTER TABLE ONLY wagtailimages_image
    ADD CONSTRAINT wagtailimages_image_uploaded_by_user_id_5d73dc75_fk_auth_user FOREIGN KEY (uploaded_by_user_id) REFERENCES auth_user(id) DEFERRABLE INITIALLY DEFERRED;


--
-- Name: wagtailimages_rendition wagtailimages_rendit_image_id_3e1fd774_fk_wagtailim; Type: FK CONSTRAINT; Schema: public; Owner: zpatkydoma
--

ALTER TABLE ONLY wagtailimages_rendition
    ADD CONSTRAINT wagtailimages_rendit_image_id_3e1fd774_fk_wagtailim FOREIGN KEY (image_id) REFERENCES wagtailimages_image(id) DEFERRABLE INITIALLY DEFERRED;


--
-- Name: wagtailredirects_redirect wagtailredirects_red_redirect_page_id_b5728a8f_fk_wagtailco; Type: FK CONSTRAINT; Schema: public; Owner: zpatkydoma
--

ALTER TABLE ONLY wagtailredirects_redirect
    ADD CONSTRAINT wagtailredirects_red_redirect_page_id_b5728a8f_fk_wagtailco FOREIGN KEY (redirect_page_id) REFERENCES wagtailcore_page(id) DEFERRABLE INITIALLY DEFERRED;


--
-- Name: wagtailredirects_redirect wagtailredirects_red_site_id_780a0e1e_fk_wagtailco; Type: FK CONSTRAINT; Schema: public; Owner: zpatkydoma
--

ALTER TABLE ONLY wagtailredirects_redirect
    ADD CONSTRAINT wagtailredirects_red_site_id_780a0e1e_fk_wagtailco FOREIGN KEY (site_id) REFERENCES wagtailcore_site(id) DEFERRABLE INITIALLY DEFERRED;


--
-- Name: wagtailsearch_editorspick wagtailsearch_editor_page_id_28cbc274_fk_wagtailco; Type: FK CONSTRAINT; Schema: public; Owner: zpatkydoma
--

ALTER TABLE ONLY wagtailsearch_editorspick
    ADD CONSTRAINT wagtailsearch_editor_page_id_28cbc274_fk_wagtailco FOREIGN KEY (page_id) REFERENCES wagtailcore_page(id) DEFERRABLE INITIALLY DEFERRED;


--
-- Name: wagtailsearch_editorspick wagtailsearch_editor_query_id_c6eee4a0_fk_wagtailse; Type: FK CONSTRAINT; Schema: public; Owner: zpatkydoma
--

ALTER TABLE ONLY wagtailsearch_editorspick
    ADD CONSTRAINT wagtailsearch_editor_query_id_c6eee4a0_fk_wagtailse FOREIGN KEY (query_id) REFERENCES wagtailsearch_query(id) DEFERRABLE INITIALLY DEFERRED;


--
-- Name: wagtailsearch_querydailyhits wagtailsearch_queryd_query_id_2185994b_fk_wagtailse; Type: FK CONSTRAINT; Schema: public; Owner: zpatkydoma
--

ALTER TABLE ONLY wagtailsearch_querydailyhits
    ADD CONSTRAINT wagtailsearch_queryd_query_id_2185994b_fk_wagtailse FOREIGN KEY (query_id) REFERENCES wagtailsearch_query(id) DEFERRABLE INITIALLY DEFERRED;


--
-- Name: wagtailusers_userprofile wagtailusers_userprofile_user_id_59c92331_fk_auth_user_id; Type: FK CONSTRAINT; Schema: public; Owner: zpatkydoma
--

ALTER TABLE ONLY wagtailusers_userprofile
    ADD CONSTRAINT wagtailusers_userprofile_user_id_59c92331_fk_auth_user_id FOREIGN KEY (user_id) REFERENCES auth_user(id) DEFERRABLE INITIALLY DEFERRED;


--
-- PostgreSQL database dump complete
--

